image,version,config,qp,qp_main,qp_aux,chroma_qp_offset,bytes_main,bytes_aux,tau_unit,filter,k,psnr_u,psnr_v,chroma_psnr,ssim_rgb,edge_de,edge_chroma_err,max_abs_err
chroma_checker,1,d0,18,18,18,-2,5561,8073,17.944,none,,22.8,22.49,22.642,0.9369,0.696,1.979,144
chroma_checker,1,d0,18,18,18,-2,5561,8073,17.944,spec30,,47.52,45.2,46.211,0.9998,0.521,1.459,9
chroma_checker,1,d0,18,18,18,-2,5561,8073,17.944,freerdp30,,47.52,45.2,46.211,0.9998,0.521,1.459,9
chroma_checker,1,d0,18,18,18,-2,5561,8073,17.944,always,,47.16,44.69,45.749,0.9996,0.539,1.557,12
chroma_checker,1,d0,18,18,18,-2,5561,8073,17.944,adaptive,0.4,47.52,45.2,46.211,0.9998,0.521,1.459,9
chroma_checker,1,d0,22,22,22,-2,4501,7008,29.09,none,,22.8,22.48,22.637,0.9362,0.735,2.186,145
chroma_checker,1,d0,22,22,22,-2,4501,7008,29.09,spec30,,45.72,44.03,44.791,0.9988,0.559,1.665,13
chroma_checker,1,d0,22,22,22,-2,4501,7008,29.09,freerdp30,,45.72,44.03,44.791,0.9988,0.559,1.665,13
chroma_checker,1,d0,22,22,22,-2,4501,7008,29.09,always,,44.04,41.39,42.518,0.9982,0.664,2.099,19
chroma_checker,1,d0,22,22,22,-2,4501,7008,29.09,adaptive,0.4,45.72,44.03,44.791,0.9988,0.559,1.665,13
chroma_checker,1,d0,26,26,26,-2,3891,5998,45.144,none,,22.79,22.48,22.63,0.9348,0.782,2.459,145
chroma_checker,1,d0,26,26,26,-2,3891,5998,45.144,spec30,,43.88,43.79,43.837,0.9971,0.605,1.936,14
chroma_checker,1,d0,26,26,26,-2,3891,5998,45.144,freerdp30,,43.88,43.79,43.837,0.9971,0.605,1.936,14
chroma_checker,1,d0,26,26,26,-2,3891,5998,45.144,always,,42.06,41.68,41.866,0.996,0.735,2.426,28
chroma_checker,1,d0,26,26,26,-2,3891,5998,45.144,adaptive,0.4,43.88,43.79,43.837,0.9971,0.605,1.936,14
chroma_checker,1,d0,30,30,30,-2,3107,4927,71.777,none,,22.85,22.39,22.615,0.9047,1.039,3.454,144
chroma_checker,1,d0,30,30,30,-2,3107,4927,71.777,spec30,,40.9,38.82,39.733,0.9629,0.868,2.955,27
chroma_checker,1,d0,30,30,30,-2,3107,4927,71.777,freerdp30,,40.9,38.82,39.733,0.9629,0.868,2.955,27
chroma_checker,1,d0,30,30,30,-2,3107,4927,71.777,always,,37.05,36.05,36.521,0.9598,1.077,3.868,44
chroma_checker,1,d0,30,30,30,-2,3107,4927,71.777,adaptive,0.4,40.9,38.82,39.733,0.9629,0.868,2.955,27
chroma_checker,1,d0,34,34,34,-2,2793,4473,101.371,none,,22.78,22.34,22.554,0.8416,1.402,4.943,151
chroma_checker,1,d0,34,34,34,-2,2793,4473,101.371,spec30,,38.21,35.56,36.684,0.8786,1.247,4.491,78
chroma_checker,1,d0,34,34,34,-2,2793,4473,101.371,freerdp30,,38.21,35.55,36.681,0.8786,1.247,4.492,78
chroma_checker,1,d0,34,34,34,-2,2793,4473,101.371,always,,35.35,33.54,34.348,0.877,1.51,5.728,78
chroma_checker,1,d0,34,34,34,-2,2793,4473,101.371,adaptive,0.4,38.21,35.76,36.818,0.8788,1.24,4.467,67
chroma_checker,1,d-3,18,15,18,-2,6454,8077,13.675,none,,22.8,22.49,22.643,0.9369,0.684,1.957,143
chroma_checker,1,d-3,18,15,18,-2,6454,8077,13.675,spec30,,47.36,45.38,46.258,0.9998,0.509,1.437,8
chroma_checker,1,d-3,18,15,18,-2,6454,8077,13.675,freerdp30,,47.36,45.38,46.258,0.9998,0.509,1.437,8
chroma_checker,1,d-3,18,15,18,-2,6454,8077,13.675,always,,47.08,45.24,46.061,0.9997,0.514,1.488,10
chroma_checker,1,d-3,18,15,18,-2,6454,8077,13.675,adaptive,0.4,47.35,45.38,46.255,0.9998,0.509,1.437,8
chroma_checker,1,d-3,22,19,22,-2,5423,7021,22.232,none,,22.8,22.49,22.641,0.9361,0.686,2.048,144
chroma_checker,1,d-3,22,19,22,-2,5423,7021,22.232,spec30,,45.76,45.4,45.575,0.9996,0.51,1.526,13
chroma_checker,1,d-3,22,19,22,-2,5423,7021,22.232,freerdp30,,45.76,45.4,45.575,0.9996,0.51,1.526,13
chroma_checker,1,d-3,22,19,22,-2,5423,7021,22.232,always,,44.48,43.85,44.152,0.9991,0.585,1.82,18
chroma_checker,1,d-3,22,19,22,-2,5423,7021,22.232,adaptive,0.4,45.76,45.38,45.566,0.9996,0.51,1.527,14
chroma_checker,1,d-3,26,23,26,-2,4518,5998,34.957,none,,22.79,22.48,22.632,0.9359,0.804,2.441,145
chroma_checker,1,d-3,26,23,26,-2,4518,5998,34.957,spec30,,44.42,43.72,44.058,0.9977,0.627,1.918,14
chroma_checker,1,d-3,26,23,26,-2,4518,5998,34.957,freerdp30,,44.42,43.72,44.058,0.9977,0.627,1.918,14
chroma_checker,1,d-3,26,23,26,-2,4518,5998,34.957,always,,42.11,41.7,41.901,0.9954,0.733,2.44,19
chroma_checker,1,d-3,26,23,26,-2,4518,5998,34.957,adaptive,0.4,44.42,43.72,44.057,0.9977,0.627,1.918,14
chroma_checker,1,d-3,30,27,30,-2,4090,4927,54.699,none,,22.69,22.48,22.582,0.9345,0.872,2.837,146
chroma_checker,1,d-3,30,27,30,-2,4090,4927,54.699,spec30,,40.88,41.72,41.282,0.9889,0.699,2.33,25
chroma_checker,1,d-3,30,27,30,-2,4090,4927,54.699,freerdp30,,40.88,41.72,41.282,0.9889,0.699,2.33,25
chroma_checker,1,d-3,30,27,30,-2,4090,4927,54.699,always,,37.66,39.14,38.337,0.9854,0.902,3.243,48
chroma_checker,1,d-3,30,27,30,-2,4090,4927,54.699,adaptive,0.4,40.85,41.44,41.132,0.9889,0.7,2.349,48
chroma_checker,1,d-3,34,31,34,-2,2998,4462,87.841,none,,22.74,22.4,22.565,0.9012,1.135,3.967,146
chroma_checker,1,d-3,34,31,34,-2,2998,4462,87.841,spec30,,38.35,38.12,38.233,0.9632,0.963,3.464,33
chroma_checker,1,d-3,34,31,34,-2,2998,4462,87.841,freerdp30,,38.35,38.11,38.228,0.9631,0.963,3.466,33
chroma_checker,1,d-3,34,31,34,-2,2998,4462,87.841,always,,35.72,35.67,35.694,0.9535,1.201,4.574,51
chroma_checker,1,d-3,34,31,34,-2,2998,4462,87.841,adaptive,0.4,38.36,38.12,38.236,0.9633,0.963,3.463,33
chroma_checker,1,d-6,18,12,18,-2,7190,8077,11.402,none,,22.8,22.49,22.643,0.9366,0.689,1.964,144
chroma_checker,1,d-6,18,12,18,-2,7190,8077,11.402,spec30,,47.39,45.47,46.326,0.9998,0.514,1.443,8
chroma_checker,1,d-6,18,12,18,-2,7190,8077,11.402,freerdp30,,47.39,45.47,46.326,0.9998,0.514,1.443,8
chroma_checker,1,d-6,18,12,18,-2,7190,8077,11.402,always,,47.11,45.33,46.131,0.9997,0.517,1.498,8
chroma_checker,1,d-6,18,12,18,-2,7190,8077,11.402,adaptive,0.4,47.39,45.47,46.326,0.9998,0.514,1.443,8
chroma_checker,1,d-6,22,16,22,-2,5998,7021,18.419,none,,22.8,22.49,22.642,0.936,0.656,1.979,144
chroma_checker,1,d-6,22,16,22,-2,5998,7021,18.419,spec30,,45.95,45.58,45.759,0.9994,0.48,1.458,13
chroma_checker,1,d-6,22,16,22,-2,5998,7021,18.419,freerdp30,,45.95,45.58,45.759,0.9994,0.48,1.458,13
chroma_checker,1,d-6,22,16,22,-2,5998,7021,18.419,always,,45.52,44.76,45.125,0.9993,0.522,1.603,14
chroma_checker,1,d-6,22,16,22,-2,5998,7021,18.419,adaptive,0.4,45.95,45.57,45.757,0.9994,0.48,1.458,13
chroma_checker,1,d-6,26,20,26,-2,5172,5998,28.948,none,,22.79,22.48,22.635,0.9374,0.768,2.326,143
chroma_checker,1,d-6,26,20,26,-2,5172,5998,28.948,spec30,,44.84,44.28,44.556,0.9995,0.591,1.803,14
chroma_checker,1,d-6,26,20,26,-2,5172,5998,28.948,freerdp30,,44.84,44.28,44.556,0.9995,0.591,1.803,14
chroma_checker,1,d-6,26,20,26,-2,5172,5998,28.948,always,,42.56,42.99,42.772,0.9986,0.664,2.194,23
chroma_checker,1,d-6,26,20,26,-2,5172,5998,28.948,adaptive,0.4,44.81,44.11,44.444,0.9994,0.591,1.816,23
chroma_checker,1,d-6,30,24,30,-2,4382,4926,45.607,none,,22.78,22.46,22.617,0.9343,0.873,2.735,143
chroma_checker,1,d-6,30,24,30,-2,4382,4926,45.607,spec30,,41.85,41.8,41.828,0.9949,0.699,2.226,25
chroma_checker,1,d-6,30,24,30,-2,4382,4926,45.607,freerdp30,,41.85,41.8,41.828,0.9949,0.699,2.226,25
chroma_checker,1,d-6,30,24,30,-2,4382,4926,45.607,always,,39.04,40.31,39.629,0.9884,0.829,2.905,27
chroma_checker,1,d-6,30,24,30,-2,4382,4926,45.607,adaptive,0.4,41.8,41.76,41.78,0.9935,0.699,2.243,25
chroma_checker,1,d-6,34,28,34,-2,3734,4461,72.36,none,,22.74,22.43,22.584,0.9287,0.983,3.333,147
chroma_checker,1,d-6,34,28,34,-2,3734,4461,72.36,spec30,,39.01,39.45,39.228,0.9873,0.814,2.841,52
chroma_checker,1,d-6,34,28,34,-2,3734,4461,72.36,freerdp30,,39.01,39.45,39.228,0.9873,0.814,2.841,52
chroma_checker,1,d-6,34,28,34,-2,3734,4461,72.36,always,,36.56,37.05,36.799,0.9813,1.042,3.859,52
chroma_checker,1,d-6,34,28,34,-2,3734,4461,72.36,adaptive,0.4,39.01,39.45,39.228,0.9873,0.814,2.841,52
chroma_checker,1,d-12,18,6,18,-2,8686,8077,9.055,none,,22.8,22.49,22.643,0.9368,0.686,1.956,143
chroma_checker,1,d-12,18,6,18,-2,8686,8077,9.055,spec30,,47.38,45.51,46.343,0.9998,0.511,1.436,8
chroma_checker,1,d-12,18,6,18,-2,8686,8077,9.055,freerdp30,,47.38,45.51,46.343,0.9998,0.511,1.436,8
chroma_checker,1,d-12,18,6,18,-2,8686,8077,9.055,always,,47.11,45.6,46.293,0.9998,0.503,1.454,8
chroma_checker,1,d-12,18,6,18,-2,8686,8077,9.055,adaptive,0.4,47.38,45.51,46.343,0.9998,0.511,1.436,8
chroma_checker,1,d-12,22,10,22,-2,7933,7018,14.577,none,,22.8,22.49,22.643,0.9368,0.671,1.968,144
chroma_checker,1,d-12,22,10,22,-2,7933,7018,14.577,spec30,,46.67,45.36,45.967,0.9997,0.495,1.446,13
chroma_checker,1,d-12,22,10,22,-2,7933,7018,14.577,freerdp30,,46.67,45.36,45.967,0.9997,0.495,1.446,13
chroma_checker,1,d-12,22,10,22,-2,7933,7018,14.577,always,,46.28,44.67,45.405,0.9996,0.525,1.564,13
chroma_checker,1,d-12,22,10,22,-2,7933,7018,14.577,adaptive,0.4,46.67,45.36,45.965,0.9997,0.495,1.446,13
chroma_checker,1,d-12,26,14,26,-2,6586,5999,23.195,none,,22.79,22.49,22.636,0.9366,0.741,2.262,144
chroma_checker,1,d-12,26,14,26,-2,6586,5999,23.195,spec30,,44.59,45.08,44.827,0.9997,0.564,1.738,14
chroma_checker,1,d-12,26,14,26,-2,6586,5999,23.195,freerdp30,,44.59,45.08,44.827,0.9997,0.564,1.738,14
chroma_checker,1,d-12,26,14,26,-2,6586,5999,23.195,always,,43.62,44.15,43.878,0.9993,0.609,1.987,18
chroma_checker,1,d-12,26,14,26,-2,6586,5999,23.195,adaptive,0.4,44.57,44.97,44.769,0.9996,0.564,1.746,18
chroma_checker,1,d-12,30,18,30,-2,5562,4926,36.222,none,,22.78,22.47,22.621,0.9351,0.847,2.627,144
chroma_checker,1,d-12,30,18,30,-2,5562,4926,36.222,spec30,,41.81,42.7,42.233,0.998,0.673,2.116,25
chroma_checker,1,d-12,30,18,30,-2,5562,4926,36.222,freerdp30,,41.81,42.7,42.233,0.998,0.673,2.116,25
chroma_checker,1,d-12,30,18,30,-2,5562,4926,36.222,always,,39.51,41.25,40.295,0.9957,0.782,2.712,25
chroma_checker,1,d-12,30,18,30,-2,5562,4926,36.222,adaptive,0.4,41.81,42.7,42.233,0.998,0.673,2.116,25
chroma_checker,1,d-12,34,22,34,-2,4502,4455,56.639,none,,22.74,22.44,22.588,0.9318,0.991,3.291,145
chroma_checker,1,d-12,34,22,34,-2,4502,4455,56.639,spec30,,39.14,40.0,39.552,0.9941,0.819,2.791,29
chroma_checker,1,d-12,34,22,34,-2,4502,4455,56.639,freerdp30,,39.14,40.0,39.552,0.9941,0.819,2.791,29
chroma_checker,1,d-12,34,22,34,-2,4502,4455,56.639,always,,36.98,36.9,36.939,0.987,1.047,3.977,40
chroma_checker,1,d-12,34,22,34,-2,4502,4455,56.639,adaptive,0.4,39.14,40.0,39.552,0.9941,0.819,2.791,29
chroma_checker,1,c-6,18,18,18,-6,6320,8440,12.5,none,,22.8,22.49,22.643,0.9369,0.684,1.964,144
chroma_checker,1,c-6,18,18,18,-6,6320,8440,12.5,spec30,,47.26,45.43,46.249,0.9998,0.509,1.444,9
chroma_checker,1,c-6,18,18,18,-6,6320,8440,12.5,freerdp30,,47.26,45.43,46.249,0.9998,0.509,1.444,9
chroma_checker,1,c-6,18,18,18,-6,6320,8440,12.5,always,,46.58,45.36,45.929,0.9997,0.514,1.508,11
chroma_checker,1,c-6,18,18,18,-6,6320,8440,12.5,adaptive,0.4,47.26,45.43,46.249,0.9998,0.509,1.444,9
chroma_checker,1,c-6,22,22,22,-6,5202,7400,20.0,none,,22.8,22.49,22.641,0.9364,0.682,2.018,145
chroma_checker,1,c-6,22,22,22,-6,5202,7400,20.0,spec30,,46.22,44.89,45.504,0.999,0.505,1.497,13
chroma_checker,1,c-6,22,22,22,-6,5202,7400,20.0,freerdp30,,46.22,44.89,45.504,0.999,0.505,1.497,13
chroma_checker,1,c-6,22,22,22,-6,5202,7400,20.0,always,,45.79,43.61,44.565,0.9988,0.557,1.684,16
chroma_checker,1,c-6,22,22,22,-6,5202,7400,20.0,adaptive,0.4,46.22,44.89,45.504,0.999,0.505,1.497,13
chroma_checker,1,c-6,26,26,26,-6,4062,6088,32.5,none,,22.79,22.48,22.632,0.9353,0.788,2.394,145
chroma_checker,1,c-6,26,26,26,-6,4062,6088,32.5,spec30,,44.54,43.65,44.072,0.9975,0.611,1.871,14
chroma_checker,1,c-6,26,26,26,-6,4062,6088,32.5,freerdp30,,44.54,43.65,44.072,0.9975,0.611,1.871,14
chroma_checker,1,c-6,26,26,26,-6,4062,6088,32.5,always,,42.44,41.6,41.999,0.9966,0.728,2.387,22
chroma_checker,1,c-6,26,26,26,-6,4062,6088,32.5,adaptive,0.4,44.54,43.65,44.072,0.9975,0.611,1.871,14
chroma_checker,1,c-6,30,30,30,-6,3676,5219,50.0,none,,22.77,22.44,22.601,0.9045,0.982,3.209,145
chroma_checker,1,c-6,30,30,30,-6,3676,5219,50.0,spec30,,41.36,40.21,40.752,0.9647,0.809,2.698,27
chroma_checker,1,c-6,30,30,30,-6,3676,5219,50.0,freerdp30,,41.36,40.21,40.752,0.9647,0.809,2.698,27
chroma_checker,1,c-6,30,30,30,-6,3676,5219,50.0,always,,39.02,38.97,38.996,0.9624,0.948,3.361,31
chroma_checker,1,c-6,30,30,30,-6,3676,5219,50.0,adaptive,0.4,41.36,40.21,40.752,0.9647,0.809,2.698,27
chroma_checker,1,c-6,34,34,34,-6,2772,4472,80.0,none,,22.68,22.32,22.497,0.8418,1.316,4.589,150
chroma_checker,1,c-6,34,34,34,-6,2772,4472,80.0,spec30,,37.07,35.73,36.348,0.878,1.156,4.13,78
chroma_checker,1,c-6,34,34,34,-6,2772,4472,80.0,freerdp30,,37.07,35.73,36.348,0.878,1.156,4.13,78
chroma_checker,1,c-6,34,34,34,-6,2772,4472,80.0,always,,34.92,33.85,34.35,0.8769,1.387,5.104,78
chroma_checker,1,c-6,34,34,34,-6,2772,4472,80.0,adaptive,0.4,37.07,35.73,36.348,0.878,1.156,4.13,78
chroma_checker,1,c-12,18,18,18,-12,7066,8856,8.75,none,,22.8,22.49,22.643,0.9369,0.682,1.941,144
chroma_checker,1,c-12,18,18,18,-12,7066,8856,8.75,spec30,,47.54,45.43,46.36,0.9998,0.506,1.421,9
chroma_checker,1,c-12,18,18,18,-12,7066,8856,8.75,freerdp30,,47.54,45.43,46.36,0.9998,0.506,1.421,9
chroma_checker,1,c-12,18,18,18,-12,7066,8856,8.75,always,,47.29,45.53,46.319,0.9997,0.499,1.437,9
chroma_checker,1,c-12,18,18,18,-12,7066,8856,8.75,adaptive,0.4,47.54,45.43,46.36,0.9998,0.506,1.421,9
chroma_checker,1,c-12,22,22,22,-12,6230,7921,14.0,none,,22.8,22.49,22.641,0.9365,0.675,1.993,145
chroma_checker,1,c-12,22,22,22,-12,6230,7921,14.0,spec30,,46.25,45.0,45.58,0.9991,0.499,1.472,13
chroma_checker,1,c-12,22,22,22,-12,6230,7921,14.0,freerdp30,,46.25,45.0,45.58,0.9991,0.499,1.472,13
chroma_checker,1,c-12,22,22,22,-12,6230,7921,14.0,always,,45.89,44.15,44.936,0.999,0.534,1.607,13
chroma_checker,1,c-12,22,22,22,-12,6230,7921,14.0,adaptive,0.4,46.25,45.0,45.58,0.9991,0.499,1.472,13
chroma_checker,1,c-12,26,26,26,-12,5335,6760,22.75,none,,22.79,22.49,22.636,0.9355,0.707,2.163,145
chroma_checker,1,c-12,26,26,26,-12,5335,6760,22.75,spec30,,44.94,44.62,44.779,0.9978,0.53,1.64,14
chroma_checker,1,c-12,26,26,26,-12,5335,6760,22.75,freerdp30,,44.94,44.62,44.779,0.9978,0.53,1.64,14
chroma_checker,1,c-12,26,26,26,-12,5335,6760,22.75,always,,44.09,43.79,43.94,0.9974,0.581,1.877,20
chroma_checker,1,c-12,26,26,26,-12,5335,6760,22.75,adaptive,0.4,44.92,44.48,44.692,0.9977,0.53,1.653,20
chroma_checker,1,c-12,30,30,30,-12,4162,5508,35.0,none,,22.77,22.44,22.605,0.9049,0.956,3.078,145
chroma_checker,1,c-12,30,30,30,-12,4162,5508,35.0,spec30,,41.61,40.57,41.062,0.9652,0.782,2.568,27
chroma_checker,1,c-12,30,30,30,-12,4162,5508,35.0,freerdp30,,41.61,40.57,41.062,0.9652,0.782,2.568,27
chroma_checker,1,c-12,30,30,30,-12,4162,5508,35.0,always,,39.26,39.39,39.323,0.9632,0.906,3.234,34
chroma_checker,1,c-12,30,30,30,-12,4162,5508,35.0,adaptive,0.4,41.61,40.37,40.948,0.9651,0.785,2.587,34
chroma_checker,1,c-12,34,34,34,-12,3651,4926,56.0,none,,22.72,22.37,22.54,0.8421,1.259,4.301,151
chroma_checker,1,c-12,34,34,34,-12,3651,4926,56.0,spec30,,38.45,36.76,37.523,0.8795,1.092,3.814,57
chroma_checker,1,c-12,34,34,34,-12,3651,4926,56.0,freerdp30,,38.45,36.76,37.523,0.8795,1.092,3.814,57
chroma_checker,1,c-12,34,34,34,-12,3651,4926,56.0,always,,37.22,35.56,36.312,0.879,1.226,4.533,57
chroma_checker,1,c-12,34,34,34,-12,3651,4926,56.0,adaptive,0.4,38.45,36.58,37.417,0.8794,1.099,3.841,57
chroma_checker,2,d0,18,18,18,-2,5561,7806,17.944,none,,22.8,22.49,22.643,0.9369,0.693,1.959,144
chroma_checker,2,d0,18,18,18,-2,5561,7806,17.944,spec30,,47.84,45.41,46.461,0.9998,0.518,1.44,9
chroma_checker,2,d0,18,18,18,-2,5561,7806,17.944,freerdp30,,47.84,45.41,46.461,0.9998,0.518,1.44,9
chroma_checker,2,d0,18,18,18,-2,5561,7806,17.944,always,,47.2,44.56,45.679,0.9997,0.549,1.566,14
chroma_checker,2,d0,18,18,18,-2,5561,7806,17.944,adaptive,0.4,47.84,45.41,46.461,0.9998,0.518,1.44,9
chroma_checker,2,d0,22,22,22,-2,4501,6962,29.09,none,,22.8,22.48,22.637,0.9364,0.736,2.168,145
chroma_checker,2,d0,22,22,22,-2,4501,6962,29.09,spec30,,45.3,44.42,44.837,0.999,0.56,1.648,13
chroma_checker,2,d0,22,22,22,-2,4501,6962,29.09,freerdp30,,45.3,44.42,44.837,0.999,0.56,1.648,13
chroma_checker,2,d0,22,22,22,-2,4501,6962,29.09,always,,42.9,40.95,41.815,0.9982,0.691,2.214,32
chroma_checker,2,d0,22,22,22,-2,4501,6962,29.09,adaptive,0.4,45.0,44.37,44.674,0.999,0.563,1.66,32
chroma_checker,2,d0,26,26,26,-2,3891,5956,45.144,none,,22.78,22.48,22.629,0.9347,0.77,2.423,145
chroma_checker,2,d0,26,26,26,-2,3891,5956,45.144,spec30,,43.19,43.53,43.356,0.9968,0.594,1.905,21
chroma_checker,2,d0,26,26,26,-2,3891,5956,45.144,freerdp30,,43.19,43.53,43.356,0.9968,0.594,1.905,21
chroma_checker,2,d0,26,26,26,-2,3891,5956,45.144,always,,40.95,41.03,40.987,0.9955,0.767,2.52,25
chroma_checker,2,d0,26,26,26,-2,3891,5956,45.144,adaptive,0.4,43.19,43.53,43.356,0.9968,0.594,1.905,21
chroma_checker,2,d0,30,30,30,-2,3107,5194,71.777,none,,22.85,22.4,22.622,0.9054,1.029,3.36,144
chroma_checker,2,d0,30,30,30,-2,3107,5194,71.777,spec30,,41.28,39.15,40.083,0.9638,0.86,2.862,25
chroma_checker,2,d0,30,30,30,-2,3107,5194,71.777,freerdp30,,41.28,39.15,40.083,0.9638,0.86,2.862,25
chroma_checker,2,d0,30,30,30,-2,3107,5194,71.777,always,,36.56,34.83,35.612,0.9613,1.126,3.861,60
chroma_checker,2,d0,30,30,30,-2,3107,5194,71.777,adaptive,0.4,41.28,39.15,40.083,0.9638,0.86,2.862,25
chroma_checker,2,d0,34,34,34,-2,2793,4626,101.371,none,,22.78,22.37,22.569,0.8424,1.279,4.588,151
chroma_checker,2,d0,34,34,34,-2,2793,4626,101.371,spec30,,38.26,35.4,36.597,0.8785,1.134,4.17,75
chroma_checker,2,d0,34,34,34,-2,2793,4626,101.371,freerdp30,,38.24,35.32,36.539,0.8785,1.137,4.181,79
chroma_checker,2,d0,34,34,34,-2,2793,4626,101.371,always,,35.11,32.69,33.735,0.8748,1.502,5.724,79
chroma_checker,2,d0,34,34,34,-2,2793,4626,101.371,adaptive,0.4,38.33,35.92,36.96,0.8786,1.115,4.105,47
chroma_checker,2,d-3,18,15,18,-2,6454,7804,13.675,none,,22.8,22.49,22.643,0.9369,0.685,1.945,143
chroma_checker,2,d-3,18,15,18,-2,6454,7804,13.675,spec30,,47.62,45.62,46.503,0.9998,0.509,1.425,8
chroma_checker,2,d-3,18,15,18,-2,6454,7804,13.675,freerdp30,,47.62,45.62,46.503,0.9998,0.509,1.425,8
chroma_checker,2,d-3,18,15,18,-2,6454,7804,13.675,always,,47.23,45.13,46.054,0.9998,0.525,1.497,11
chroma_checker,2,d-3,18,15,18,-2,6454,7804,13.675,adaptive,0.4,47.61,45.62,46.501,0.9998,0.509,1.426,8
chroma_checker,2,d-3,22,19,22,-2,5423,6963,22.232,none,,22.79,22.49,22.639,0.9362,0.71,2.098,144
chroma_checker,2,d-3,22,19,22,-2,5423,6963,22.232,spec30,,45.24,45.45,45.343,0.9996,0.534,1.577,13
chroma_checker,2,d-3,22,19,22,-2,5423,6963,22.232,freerdp30,,45.24,45.45,45.343,0.9996,0.534,1.577,13
chroma_checker,2,d-3,22,19,22,-2,5423,6963,22.232,always,,43.69,43.82,43.755,0.999,0.611,1.905,25
chroma_checker,2,d-3,22,19,22,-2,5423,6963,22.232,adaptive,0.4,45.11,45.44,45.272,0.9996,0.535,1.584,25
chroma_checker,2,d-3,26,23,26,-2,4518,5955,34.957,none,,22.79,22.48,22.632,0.9351,0.767,2.351,145
chroma_checker,2,d-3,26,23,26,-2,4518,5955,34.957,spec30,,43.92,43.55,43.734,0.997,0.592,1.833,21
chroma_checker,2,d-3,26,23,26,-2,4518,5955,34.957,freerdp30,,43.92,43.55,43.734,0.997,0.592,1.833,21
chroma_checker,2,d-3,26,23,26,-2,4518,5955,34.957,always,,40.3,40.48,40.389,0.9956,0.742,2.508,32
chroma_checker,2,d-3,26,23,26,-2,4518,5955,34.957,adaptive,0.4,43.9,43.42,43.653,0.997,0.594,1.84,32
chroma_checker,2,d-3,30,27,30,-2,4090,5108,54.699,none,,22.69,22.48,22.585,0.9343,0.878,2.812,146
chroma_checker,2,d-3,30,27,30,-2,4090,5108,54.699,spec30,,40.91,41.96,41.406,0.9892,0.704,2.3,25
chroma_checker,2,d-3,30,27,30,-2,4090,5108,54.699,freerdp30,,40.91,41.96,41.406,0.9892,0.704,2.3,25
chroma_checker,2,d-3,30,27,30,-2,4090,5108,54.699,always,,38.4,39.19,38.777,0.9874,0.892,3.078,44
chroma_checker,2,d-3,30,27,30,-2,4090,5108,54.699,adaptive,0.4,40.9,41.94,41.389,0.9892,0.704,2.302,44
chroma_checker,2,d-3,34,31,34,-2,2998,4634,87.841,none,,22.73,22.42,22.571,0.9013,1.114,3.871,146
chroma_checker,2,d-3,34,31,34,-2,2998,4634,87.841,spec30,,38.1,38.35,38.225,0.9616,0.943,3.376,75
chroma_checker,2,d-3,34,31,34,-2,2998,4634,87.841,freerdp30,,37.99,38.34,38.161,0.9614,0.948,3.389,75
chroma_checker,2,d-3,34,31,34,-2,2998,4634,87.841,always,,35.95,35.51,35.725,0.9523,1.206,4.449,75
chroma_checker,2,d-3,34,31,34,-2,2998,4634,87.841,adaptive,0.4,38.25,38.38,38.312,0.9619,0.939,3.36,37
chroma_checker,2,d-6,18,12,18,-2,7190,7805,11.402,none,,22.8,22.49,22.644,0.9366,0.686,1.943,144
chroma_checker,2,d-6,18,12,18,-2,7190,7805,11.402,spec30,,47.73,45.7,46.595,0.9998,0.51,1.423,8
chroma_checker,2,d-6,18,12,18,-2,7190,7805,11.402,freerdp30,,47.73,45.7,46.595,0.9998,0.51,1.423,8
chroma_checker,2,d-6,18,12,18,-2,7190,7805,11.402,always,,47.26,45.21,46.114,0.9998,0.523,1.496,11
chroma_checker,2,d-6,18,12,18,-2,7190,7805,11.402,adaptive,0.4,47.73,45.7,46.595,0.9998,0.51,1.423,8
chroma_checker,2,d-6,22,16,22,-2,5998,6962,18.419,none,,22.79,22.49,22.639,0.9361,0.686,2.049,144
chroma_checker,2,d-6,22,16,22,-2,5998,6962,18.419,spec30,,45.26,45.67,45.461,0.9995,0.51,1.528,13
chroma_checker,2,d-6,22,16,22,-2,5998,6962,18.419,freerdp30,,45.26,45.67,45.461,0.9995,0.51,1.528,13
chroma_checker,2,d-6,22,16,22,-2,5998,6962,18.419,always,,44.77,45.19,44.975,0.9994,0.541,1.636,25
chroma_checker,2,d-6,22,16,22,-2,5998,6962,18.419,adaptive,0.4,45.16,45.66,45.405,0.9995,0.513,1.536,25
chroma_checker,2,d-6,26,20,26,-2,5172,5952,28.948,none,,22.79,22.48,22.634,0.9369,0.747,2.28,143
chroma_checker,2,d-6,26,20,26,-2,5172,5952,28.948,spec30,,44.23,43.89,44.058,0.9989,0.572,1.762,21
chroma_checker,2,d-6,26,20,26,-2,5172,5952,28.948,freerdp30,,44.23,43.89,44.058,0.9989,0.572,1.762,21
chroma_checker,2,d-6,26,20,26,-2,5172,5952,28.948,always,,40.84,42.33,41.521,0.9984,0.684,2.275,29
chroma_checker,2,d-6,26,20,26,-2,5172,5952,28.948,adaptive,0.4,44.18,43.88,44.026,0.9989,0.572,1.764,29
chroma_checker,2,d-6,30,24,30,-2,4382,5187,45.607,none,,22.78,22.47,22.62,0.9338,0.873,2.723,143
chroma_checker,2,d-6,30,24,30,-2,4382,5187,45.607,spec30,,42.1,42.22,42.16,0.9948,0.699,2.208,25
chroma_checker,2,d-6,30,24,30,-2,4382,5187,45.607,freerdp30,,42.1,42.22,42.16,0.9948,0.699,2.208,25
chroma_checker,2,d-6,30,24,30,-2,4382,5187,45.607,always,,40.75,40.47,40.607,0.9915,0.819,2.715,43
chroma_checker,2,d-6,30,24,30,-2,4382,5187,45.607,adaptive,0.4,42.05,42.22,42.133,0.9948,0.701,2.213,43
chroma_checker,2,d-6,34,28,34,-2,3734,4619,72.36,none,,22.73,22.45,22.587,0.9292,0.978,3.315,147
chroma_checker,2,d-6,34,28,34,-2,3734,4619,72.36,spec30,,39.08,39.59,39.325,0.9859,0.803,2.802,37
chroma_checker,2,d-6,34,28,34,-2,3734,4619,72.36,freerdp30,,39.08,39.59,39.325,0.9859,0.803,2.802,37
chroma_checker,2,d-6,34,28,34,-2,3734,4619,72.36,always,,36.97,37.25,37.107,0.9804,1.026,3.676,57
chroma_checker,2,d-6,34,28,34,-2,3734,4619,72.36,adaptive,0.4,39.08,39.59,39.325,0.9859,0.803,2.802,37
chroma_checker,2,d-12,18,6,18,-2,8686,7804,9.055,none,,22.8,22.49,22.644,0.9368,0.686,1.944,143
chroma_checker,2,d-12,18,6,18,-2,8686,7804,9.055,spec30,,47.7,45.68,46.574,0.9998,0.511,1.424,8
chroma_checker,2,d-12,18,6,18,-2,8686,7804,9.055,freerdp30,,47.7,45.68,46.574,0.9998,0.511,1.424,8
chroma_checker,2,d-12,18,6,18,-2,8686,7804,9.055,always,,47.21,45.61,46.335,0.9998,0.512,1.458,8
chroma_checker,2,d-12,18,6,18,-2,8686,7804,9.055,adaptive,0.4,47.7,45.68,46.574,0.9998,0.511,1.424,8
chroma_checker,2,d-12,22,10,22,-2,7933,6963,14.577,none,,22.8,22.49,22.64,0.9368,0.698,2.037,144
chroma_checker,2,d-12,22,10,22,-2,7933,6963,14.577,spec30,,45.72,45.41,45.56,0.9998,0.522,1.517,13
chroma_checker,2,d-12,22,10,22,-2,7933,6963,14.577,freerdp30,,45.72,45.41,45.56,0.9998,0.522,1.517,13
chroma_checker,2,d-12,22,10,22,-2,7933,6963,14.577,always,,45.37,45.03,45.199,0.9997,0.536,1.589,18
chroma_checker,2,d-12,22,10,22,-2,7933,6963,14.577,adaptive,0.4,45.6,45.34,45.468,0.9998,0.526,1.53,18
chroma_checker,2,d-12,26,14,26,-2,6586,5965,23.195,none,,22.79,22.49,22.634,0.9365,0.733,2.253,144
chroma_checker,2,d-12,26,14,26,-2,6586,5965,23.195,spec30,,43.87,44.52,44.179,0.9995,0.558,1.734,21
chroma_checker,2,d-12,26,14,26,-2,6586,5965,23.195,freerdp30,,43.87,44.52,44.179,0.9995,0.558,1.734,21
chroma_checker,2,d-12,26,14,26,-2,6586,5965,23.195,always,,42.74,43.78,43.231,0.9991,0.614,1.991,21
chroma_checker,2,d-12,26,14,26,-2,6586,5965,23.195,adaptive,0.4,43.87,44.52,44.179,0.9995,0.558,1.734,21
chroma_checker,2,d-12,30,18,30,-2,5562,5179,36.222,none,,22.78,22.47,22.624,0.9355,0.848,2.627,144
chroma_checker,2,d-12,30,18,30,-2,5562,5179,36.222,spec30,,42.08,43.16,42.584,0.9984,0.674,2.112,25
chroma_checker,2,d-12,30,18,30,-2,5562,5179,36.222,freerdp30,,42.08,43.16,42.584,0.9984,0.674,2.112,25
chroma_checker,2,d-12,30,18,30,-2,5562,5179,36.222,always,,40.99,41.94,41.438,0.9977,0.734,2.429,36
chroma_checker,2,d-12,30,18,30,-2,5562,5179,36.222,adaptive,0.4,42.03,43.14,42.55,0.9984,0.675,2.117,36
chroma_checker,2,d-12,34,22,34,-2,4502,4627,56.639,none,,22.73,22.45,22.59,0.9325,0.965,3.222,145
chroma_checker,2,d-12,34,22,34,-2,4502,4627,56.639,spec30,,39.02,39.85,39.416,0.9942,0.79,2.71,37
chroma_checker,2,d-12,34,22,34,-2,4502,4627,56.639,freerdp30,,39.02,39.85,39.416,0.9942,0.79,2.71,37
chroma_checker,2,d-12,34,22,34,-2,4502,4627,56.639,always,,37.03,37.15,37.088,0.9906,1.016,3.768,55
chroma_checker,2,d-12,34,22,34,-2,4502,4627,56.639,adaptive,0.4,39.0,39.85,39.405,0.9942,0.791,2.712,55
chroma_checker,2,c-6,18,18,18,-6,6320,8279,12.5,none,,22.8,22.49,22.643,0.9369,0.689,1.966,144
chroma_checker,2,c-6,18,18,18,-6,6320,8279,12.5,spec30,,47.45,45.63,46.448,0.9998,0.513,1.446,9
chroma_checker,2,c-6,18,18,18,-6,6320,8279,12.5,freerdp30,,47.45,45.63,46.448,0.9998,0.513,1.446,9
chroma_checker,2,c-6,18,18,18,-6,6320,8279,12.5,always,,46.48,45.36,45.884,0.9997,0.53,1.534,11
chroma_checker,2,c-6,18,18,18,-6,6320,8279,12.5,adaptive,0.4,47.45,45.63,46.445,0.9998,0.514,1.448,9
chroma_checker,2,c-6,22,22,22,-6,5202,7487,20.0,none,,22.8,22.49,22.64,0.9366,0.683,2.009,145
chroma_checker,2,c-6,22,22,22,-6,5202,7487,20.0,spec30,,45.69,45.31,45.493,0.9991,0.508,1.489,11
chroma_checker,2,c-6,22,22,22,-6,5202,7487,20.0,freerdp30,,45.69,45.31,45.493,0.9991,0.508,1.489,11
chroma_checker,2,c-6,22,22,22,-6,5202,7487,20.0,always,,45.01,43.63,44.268,0.999,0.573,1.721,23
chroma_checker,2,c-6,22,22,22,-6,5202,7487,20.0,adaptive,0.4,45.52,45.18,45.344,0.9991,0.511,1.502,23
chroma_checker,2,c-6,26,26,26,-6,4062,6162,32.5,none,,22.79,22.48,22.63,0.9354,0.781,2.366,145
chroma_checker,2,c-6,26,26,26,-6,4062,6162,32.5,spec30,,43.82,43.43,43.62,0.9975,0.605,1.847,18
chroma_checker,2,c-6,26,26,26,-6,4062,6162,32.5,freerdp30,,43.82,43.43,43.62,0.9975,0.605,1.847,18
chroma_checker,2,c-6,26,26,26,-6,4062,6162,32.5,always,,40.47,40.6,40.534,0.9963,0.758,2.539,34
chroma_checker,2,c-6,26,26,26,-6,4062,6162,32.5,adaptive,0.4,43.77,43.43,43.596,0.9975,0.605,1.849,34
chroma_checker,2,c-6,30,30,30,-6,3676,5598,50.0,none,,22.77,22.45,22.605,0.9058,0.953,3.08,145
chroma_checker,2,c-6,30,30,30,-6,3676,5598,50.0,spec30,,41.58,40.57,41.047,0.9661,0.779,2.565,24
chroma_checker,2,c-6,30,30,30,-6,3676,5598,50.0,freerdp30,,41.58,40.57,41.047,0.9661,0.779,2.565,24
chroma_checker,2,c-6,30,30,30,-6,3676,5598,50.0,always,,39.58,38.94,39.249,0.965,0.942,3.224,41
chroma_checker,2,c-6,30,30,30,-6,3676,5598,50.0,adaptive,0.4,41.58,40.57,41.047,0.9661,0.779,2.565,24
chroma_checker,2,c-6,34,34,34,-6,2772,4583,80.0,none,,22.68,22.35,22.512,0.8433,1.248,4.422,150
chroma_checker,2,c-6,34,34,34,-6,2772,4583,80.0,spec30,,37.83,36.28,36.987,0.8788,1.077,3.923,37
chroma_checker,2,c-6,34,34,34,-6,2772,4583,80.0,freerdp30,,37.83,36.28,36.987,0.8788,1.077,3.923,37
chroma_checker,2,c-6,34,34,34,-6,2772,4583,80.0,always,,35.0,33.29,34.064,0.8762,1.379,5.086,64
chroma_checker,2,c-6,34,34,34,-6,2772,4583,80.0,adaptive,0.4,37.83,36.28,36.987,0.8788,1.077,3.923,37
chroma_checker,2,c-12,18,18,18,-12,7066,8856,8.75,none,,22.8,22.49,22.644,0.9369,0.685,1.941,144
chroma_checker,2,c-12,18,18,18,-12,7066,8856,8.75,spec30,,47.75,45.62,46.559,0.9998,0.51,1.421,9
chroma_checker,2,c-12,18,18,18,-12,7066,8856,8.75,freerdp30,,47.75,45.62,46.559,0.9998,0.51,1.421,9
chroma_checker,2,c-12,18,18,18,-12,7066,8856,8.75,always,,47.39,45.59,46.399,0.9998,0.509,1.445,9
chroma_checker,2,c-12,18,18,18,-12,7066,8856,8.75,adaptive,0.4,47.75,45.62,46.559,0.9998,0.509,1.42,9
chroma_checker,2,c-12,22,22,22,-12,6230,8182,14.0,none,,22.8,22.49,22.64,0.9367,0.68,1.999,145
chroma_checker,2,c-12,22,22,22,-12,6230,8182,14.0,spec30,,45.65,45.45,45.545,0.9992,0.505,1.479,11
chroma_checker,2,c-12,22,22,22,-12,6230,8182,14.0,freerdp30,,45.65,45.45,45.545,0.9992,0.505,1.479,11
chroma_checker,2,c-12,22,22,22,-12,6230,8182,14.0,always,,45.32,44.32,44.793,0.9992,0.547,1.632,14
chroma_checker,2,c-12,22,22,22,-12,6230,8182,14.0,adaptive,0.4,45.49,45.33,45.409,0.9992,0.51,1.498,14
chroma_checker,2,c-12,26,26,26,-12,5335,7056,22.75,none,,22.79,22.49,22.634,0.9356,0.709,2.176,145
chroma_checker,2,c-12,26,26,26,-12,5335,7056,22.75,spec30,,44.01,44.26,44.132,0.9977,0.534,1.658,18
chroma_checker,2,c-12,26,26,26,-12,5335,7056,22.75,freerdp30,,44.01,44.26,44.132,0.9977,0.534,1.658,18
chroma_checker,2,c-12,26,26,26,-12,5335,7056,22.75,always,,43.06,43.88,43.45,0.9975,0.587,1.867,23
chroma_checker,2,c-12,26,26,26,-12,5335,7056,22.75,adaptive,0.4,43.99,44.26,44.125,0.9977,0.534,1.659,23
chroma_checker,2,c-12,30,30,30,-12,4162,6041,35.0,none,,22.77,22.45,22.608,0.9066,0.939,2.975,145
chroma_checker,2,c-12,30,30,30,-12,4162,6041,35.0,spec30,,41.87,40.78,41.292,0.967,0.765,2.46,24
chroma_checker,2,c-12,30,30,30,-12,4162,6041,35.0,freerdp30,,41.87,40.78,41.292,0.967,0.765,2.46,24
chroma_checker,2,c-12,30,30,30,-12,4162,6041,35.0,always,,40.61,39.6,40.075,0.9663,0.846,2.902,30
chroma_checker,2,c-12,30,30,30,-12,4162,6041,35.0,adaptive,0.4,41.86,40.78,41.287,0.967,0.765,2.461,30
chroma_checker,2,c-12,34,34,34,-12,3651,5231,56.0,none,,22.72,22.39,22.551,0.8446,1.168,4.056,151
chroma_checker,2,c-12,34,34,34,-12,3651,5231,56.0,spec30,,38.83,37.09,37.873,0.8812,0.995,3.548,36
chroma_checker,2,c-12,34,34,34,-12,3651,5231,56.0,freerdp30,,38.83,37.09,37.873,0.8812,0.995,3.548,36
chroma_checker,2,c-12,34,34,34,-12,3651,5231,56.0,always,,38.23,35.97,36.956,0.8792,1.124,4.163,44
chroma_checker,2,c-12,34,34,34,-12,3651,5231,56.0,adaptive,0.4,38.83,37.09,37.873,0.8812,0.995,3.548,36
cleartype_text,1,d0,18,18,18,-2,13146,11748,17.944,none,,36.07,37.59,36.763,0.9868,2.46,3.78,100
cleartype_text,1,d0,18,18,18,-2,13146,11748,17.944,spec30,,37.9,39.09,38.458,0.988,2.291,3.381,74
cleartype_text,1,d0,18,18,18,-2,13146,11748,17.944,freerdp30,,38.07,39.18,38.593,0.9881,2.276,3.347,74
cleartype_text,1,d0,18,18,18,-2,13146,11748,17.944,always,,43.95,44.2,44.069,0.9789,1.725,2.247,45
cleartype_text,1,d0,18,18,18,-2,13146,11748,17.944,adaptive,0.4,44.14,44.4,44.27,0.988,1.659,2.172,49
cleartype_text,1,d0,22,22,22,-2,10997,9354,29.09,none,,35.84,37.22,36.477,0.9748,2.945,4.425,95
cleartype_text,1,d0,22,22,22,-2,10997,9354,29.09,spec30,,37.28,38.45,37.823,0.9758,2.821,4.087,101
cleartype_text,1,d0,22,22,22,-2,10997,9354,29.09,freerdp30,,37.48,38.51,37.964,0.9759,2.804,4.047,101
cleartype_text,1,d0,22,22,22,-2,10997,9354,29.09,always,,40.27,40.37,40.317,0.9572,2.619,3.506,101
cleartype_text,1,d0,22,22,22,-2,10997,9354,29.09,adaptive,0.4,40.36,40.53,40.444,0.9731,2.514,3.383,101
cleartype_text,1,d0,26,26,26,-2,8936,6864,45.144,none,,35.32,36.41,35.832,0.9557,3.735,5.488,106
cleartype_text,1,d0,26,26,26,-2,8936,6864,45.144,spec30,,36.32,36.76,36.534,0.956,3.683,5.311,97
cleartype_text,1,d0,26,26,26,-2,8936,6864,45.144,freerdp30,,36.38,36.77,36.574,0.9558,3.687,5.3,97
cleartype_text,1,d0,26,26,26,-2,8936,6864,45.144,always,,36.69,36.67,36.677,0.9269,3.965,5.482,100
cleartype_text,1,d0,26,26,26,-2,8936,6864,45.144,adaptive,0.4,36.8,36.92,36.856,0.9539,3.713,5.237,100
cleartype_text,1,d0,30,30,30,-2,7044,4425,71.777,none,,33.97,34.89,34.403,0.9401,4.952,7.241,120
cleartype_text,1,d0,30,30,30,-2,7044,4425,71.777,spec30,,33.81,33.76,33.786,0.9372,5.201,7.664,143
cleartype_text,1,d0,30,30,30,-2,7044,4425,71.777,freerdp30,,33.83,33.72,33.773,0.9371,5.215,7.681,143
cleartype_text,1,d0,30,30,30,-2,7044,4425,71.777,always,,33.09,32.85,32.969,0.7804,5.845,8.37,143
cleartype_text,1,d0,30,30,30,-2,7044,4425,71.777,adaptive,0.4,33.8,33.71,33.752,0.9368,5.231,7.696,143
cleartype_text,1,d0,34,34,34,-2,5477,2613,101.371,none,,32.06,32.7,32.369,0.9002,6.686,9.76,125
cleartype_text,1,d0,34,34,34,-2,5477,2613,101.371,spec30,,31.67,31.67,31.674,0.896,7.057,10.377,178
cleartype_text,1,d0,34,34,34,-2,5477,2613,101.371,freerdp30,,31.64,31.63,31.631,0.8958,7.087,10.421,178
cleartype_text,1,d0,34,34,34,-2,5477,2613,101.371,always,,30.89,30.72,30.805,0.717,7.902,11.386,178
cleartype_text,1,d0,34,34,34,-2,5477,2613,101.371,adaptive,0.4,31.83,32.03,31.932,0.8984,6.886,10.126,178
cleartype_text,1,d-3,18,15,18,-2,15004,11741,13.675,none,,36.11,37.62,36.801,0.9917,2.375,3.729,97
cleartype_text,1,d-3,18,15,18,-2,15004,11741,13.675,spec30,,37.96,39.11,38.499,0.9928,2.213,3.335,74
cleartype_text,1,d-3,18,15,18,-2,15004,11741,13.675,freerdp30,,38.15,39.28,38.682,0.9929,2.194,3.292,71
cleartype_text,1,d-3,18,15,18,-2,15004,11741,13.675,always,,45.49,45.91,45.693,0.9888,1.476,1.962,37
cleartype_text,1,d-3,18,15,18,-2,15004,11741,13.675,adaptive,0.4,45.7,46.07,45.884,0.9934,1.418,1.898,37
cleartype_text,1,d-3,22,19,22,-2,12639,9362,22.232,none,,35.92,37.35,36.578,0.9799,2.86,4.343,103
cleartype_text,1,d-3,22,19,22,-2,12639,9362,22.232,spec30,,37.73,38.81,38.238,0.9812,2.691,3.931,80
cleartype_text,1,d-3,22,19,22,-2,12639,9362,22.232,freerdp30,,37.92,38.92,38.391,0.9813,2.672,3.889,79
cleartype_text,1,d-3,22,19,22,-2,12639,9362,22.232,always,,42.06,42.16,42.108,0.9672,2.271,3.029,48
cleartype_text,1,d-3,22,19,22,-2,12639,9362,22.232,adaptive,0.4,42.3,42.32,42.308,0.9795,2.192,2.939,48
cleartype_text,1,d-3,26,23,26,-2,10423,6861,34.957,none,,35.4,36.58,35.949,0.9666,3.587,5.369,101
cleartype_text,1,d-3,26,23,26,-2,10423,6861,34.957,spec30,,36.65,37.33,36.975,0.9674,3.477,5.073,91
cleartype_text,1,d-3,26,23,26,-2,10423,6861,34.957,freerdp30,,36.78,37.4,37.082,0.9675,3.47,5.044,91
cleartype_text,1,d-3,26,23,26,-2,10423,6861,34.957,always,,38.36,38.47,38.413,0.9463,3.441,4.725,94
cleartype_text,1,d-3,26,23,26,-2,10423,6861,34.957,adaptive,0.4,38.39,38.57,38.483,0.9646,3.306,4.595,94
cleartype_text,1,d-3,30,27,30,-2,8479,4423,54.699,none,,34.26,35.24,34.722,0.9498,4.684,6.999,101
cleartype_text,1,d-3,30,27,30,-2,8479,4423,54.699,spec30,,34.71,35.26,34.977,0.9494,4.707,6.962,124
cleartype_text,1,d-3,30,27,30,-2,8479,4423,54.699,freerdp30,,34.75,35.22,34.974,0.9493,4.711,6.965,124
cleartype_text,1,d-3,30,27,30,-2,8479,4423,54.699,always,,34.33,34.55,34.439,0.7775,5.135,7.345,124
cleartype_text,1,d-3,30,27,30,-2,8479,4423,54.699,adaptive,0.4,34.84,35.2,35.014,0.947,4.784,6.989,124
cleartype_text,1,d-3,34,31,34,-2,6663,2637,87.841,none,,32.17,33.02,32.576,0.9092,6.29,9.468,115
cleartype_text,1,d-3,34,31,34,-2,6663,2637,87.841,spec30,,31.98,32.4,32.185,0.9063,6.548,9.847,155
cleartype_text,1,d-3,34,31,34,-2,6663,2637,87.841,freerdp30,,31.99,32.34,32.162,0.9059,6.569,9.866,155
cleartype_text,1,d-3,34,31,34,-2,6663,2637,87.841,always,,31.28,31.49,31.38,0.7277,7.313,10.731,155
cleartype_text,1,d-3,34,31,34,-2,6663,2637,87.841,adaptive,0.4,31.99,32.54,32.256,0.9072,6.459,9.746,155
cleartype_text,1,d-6,18,12,18,-2,16846,11740,11.402,none,,36.1,37.65,36.808,0.9921,2.344,3.709,99
cleartype_text,1,d-6,18,12,18,-2,16846,11740,11.402,spec30,,37.95,39.22,38.54,0.9933,2.176,3.305,71
cleartype_text,1,d-6,18,12,18,-2,16846,11740,11.402,freerdp30,,38.2,39.38,38.748,0.9934,2.15,3.254,71
cleartype_text,1,d-6,18,12,18,-2,16846,11740,11.402,always,,46.58,46.92,46.746,0.9911,1.346,1.788,28
cleartype_text,1,d-6,18,12,18,-2,16846,11740,11.402,adaptive,0.4,46.76,47.08,46.916,0.9945,1.302,1.738,29
cleartype_text,1,d-6,22,16,22,-2,14359,9354,18.419,none,,35.93,37.39,36.598,0.9848,2.786,4.286,96
cleartype_text,1,d-6,22,16,22,-2,14359,9354,18.419,spec30,,37.67,38.77,38.184,0.986,2.629,3.899,75
cleartype_text,1,d-6,22,16,22,-2,14359,9354,18.419,freerdp30,,37.88,38.92,38.369,0.986,2.606,3.849,71
cleartype_text,1,d-6,22,16,22,-2,14359,9354,18.419,always,,43.15,43.41,43.275,0.9767,2.035,2.737,49
cleartype_text,1,d-6,22,16,22,-2,14359,9354,18.419,adaptive,0.4,43.32,43.55,43.434,0.9856,1.964,2.659,49
cleartype_text,1,d-6,26,20,26,-2,12021,6852,28.948,none,,35.44,36.72,36.034,0.9745,3.487,5.286,104
cleartype_text,1,d-6,26,20,26,-2,12021,6852,28.948,spec30,,36.79,37.83,37.278,0.9755,3.358,4.931,80
cleartype_text,1,d-6,26,20,26,-2,12021,6852,28.948,freerdp30,,36.94,37.87,37.384,0.9756,3.343,4.895,80
cleartype_text,1,d-6,26,20,26,-2,12021,6852,28.948,always,,39.47,39.51,39.49,0.9592,3.127,4.321,73
cleartype_text,1,d-6,26,20,26,-2,12021,6852,28.948,adaptive,0.4,39.46,39.62,39.536,0.974,3.024,4.214,73
cleartype_text,1,d-6,30,24,30,-2,9946,4428,45.607,none,,34.3,35.36,34.799,0.9569,4.58,6.913,105
cleartype_text,1,d-6,30,24,30,-2,9946,4428,45.607,spec30,,34.94,35.68,35.296,0.957,4.558,6.747,105
cleartype_text,1,d-6,30,24,30,-2,9946,4428,45.607,freerdp30,,35.0,35.71,35.34,0.957,4.548,6.727,105
cleartype_text,1,d-6,30,24,30,-2,9946,4428,45.607,always,,35.11,35.57,35.333,0.7863,4.748,6.763,89
cleartype_text,1,d-6,30,24,30,-2,9946,4428,45.607,adaptive,0.4,35.52,36.04,35.769,0.9553,4.517,6.559,89
cleartype_text,1,d-6,34,28,34,-2,8001,2569,72.36,none,,32.28,33.06,32.652,0.9241,6.265,9.477,104
cleartype_text,1,d-6,34,28,34,-2,8001,2569,72.36,spec30,,32.06,32.6,32.325,0.9213,6.492,9.823,163
cleartype_text,1,d-6,34,28,34,-2,8001,2569,72.36,freerdp30,,32.07,32.59,32.321,0.9209,6.507,9.837,163
cleartype_text,1,d-6,34,28,34,-2,8001,2569,72.36,always,,31.45,32.04,31.736,0.7441,7.111,10.503,163
cleartype_text,1,d-6,34,28,34,-2,8001,2569,72.36,adaptive,0.4,32.04,32.56,32.289,0.9206,6.521,9.865,163
cleartype_text,1,d-12,18,6,18,-2,21204,11741,9.055,none,,36.12,37.67,36.827,0.9928,2.301,3.663,96
cleartype_text,1,d-12,18,6,18,-2,21204,11741,9.055,spec30,,38.12,39.24,38.645,0.9941,2.119,3.241,70
cleartype_text,1,d-12,18,6,18,-2,21204,11741,9.055,freerdp30,,38.31,39.42,38.832,0.9942,2.102,3.196,70
cleartype_text,1,d-12,18,6,18,-2,21204,11741,9.055,always,,47.77,48.29,48.023,0.9944,1.199,1.593,23
cleartype_text,1,d-12,18,6,18,-2,21204,11741,9.055,adaptive,0.4,47.83,48.34,48.073,0.996,1.169,1.563,23
cleartype_text,1,d-12,22,10,22,-2,18264,9360,14.577,none,,35.94,37.44,36.629,0.9896,2.678,4.213,96
cleartype_text,1,d-12,22,10,22,-2,18264,9360,14.577,spec30,,37.66,38.94,38.251,0.9908,2.51,3.816,76
cleartype_text,1,d-12,22,10,22,-2,18264,9360,14.577,freerdp30,,37.86,39.02,38.4,0.9909,2.491,3.774,76
cleartype_text,1,d-12,22,10,22,-2,18264,9360,14.577,always,,44.19,44.67,44.425,0.9849,1.789,2.458,33
cleartype_text,1,d-12,22,10,22,-2,18264,9360,14.577,adaptive,0.4,44.35,44.75,44.546,0.9906,1.738,2.399,36
cleartype_text,1,d-12,26,14,26,-2,15559,6851,23.195,none,,35.51,36.84,36.125,0.9839,3.308,5.147,95
cleartype_text,1,d-12,26,14,26,-2,15559,6851,23.195,spec30,,37.01,38.0,37.476,0.985,3.158,4.765,87
cleartype_text,1,d-12,26,14,26,-2,15559,6851,23.195,freerdp30,,37.18,38.08,37.607,0.9851,3.139,4.725,87
cleartype_text,1,d-12,26,14,26,-2,15559,6851,23.195,always,,40.39,40.73,40.555,0.973,2.729,3.886,58
cleartype_text,1,d-12,26,14,26,-2,15559,6851,23.195,adaptive,0.4,40.42,40.75,40.584,0.9844,2.654,3.804,58
cleartype_text,1,d-12,30,18,30,-2,13147,4420,36.222,none,,34.46,35.53,34.963,0.9668,4.344,6.692,100
cleartype_text,1,d-12,30,18,30,-2,13147,4420,36.222,spec30,,35.17,36.17,35.642,0.9675,4.272,6.449,115
cleartype_text,1,d-12,30,18,30,-2,13147,4420,36.222,freerdp30,,35.27,36.21,35.712,0.9675,4.264,6.422,115
cleartype_text,1,d-12,30,18,30,-2,13147,4420,36.222,always,,35.83,36.31,36.061,0.7977,4.235,6.186,115
cleartype_text,1,d-12,30,18,30,-2,13147,4420,36.222,adaptive,0.4,36.3,36.76,36.523,0.9654,4.119,6.068,115
cleartype_text,1,d-12,34,22,34,-2,10998,2608,56.639,none,,32.59,33.33,32.944,0.9482,5.778,8.999,95
cleartype_text,1,d-12,34,22,34,-2,10998,2608,56.639,spec30,,32.32,33.17,32.727,0.9466,5.895,9.212,177
cleartype_text,1,d-12,34,22,34,-2,10998,2608,56.639,freerdp30,,32.33,33.18,32.738,0.9464,5.89,9.206,177
cleartype_text,1,d-12,34,22,34,-2,10998,2608,56.639,always,,32.03,32.91,32.446,0.763,6.298,9.595,177
cleartype_text,1,d-12,34,22,34,-2,10998,2608,56.639,adaptive,0.4,32.36,33.23,32.775,0.9442,5.947,9.229,177
cleartype_text,1,c-6,18,18,18,-6,14094,12561,12.5,none,,36.12,37.65,36.82,0.988,2.382,3.67,96
cleartype_text,1,c-6,18,18,18,-6,14094,12561,12.5,spec30,,37.99,39.26,38.576,0.9892,2.212,3.261,74
cleartype_text,1,c-6,18,18,18,-6,14094,12561,12.5,freerdp30,,38.22,39.36,38.754,0.9893,2.189,3.215,71
cleartype_text,1,c-6,18,18,18,-6,14094,12561,12.5,always,,46.15,46.33,46.237,0.9854,1.432,1.827,45
cleartype_text,1,c-6,18,18,18,-6,14094,12561,12.5,adaptive,0.4,46.36,46.52,46.439,0.9905,1.381,1.767,45
cleartype_text,1,c-6,22,22,22,-6,11865,10223,20.0,none,,35.93,37.39,36.603,0.9762,2.806,4.225,101
cleartype_text,1,c-6,22,22,22,-6,11865,10223,20.0,spec30,,37.69,38.85,38.233,0.9774,2.645,3.826,80
cleartype_text,1,c-6,22,22,22,-6,11865,10223,20.0,freerdp30,,37.86,38.99,38.389,0.9775,2.626,3.784,75
cleartype_text,1,c-6,22,22,22,-6,11865,10223,20.0,always,,42.58,42.9,42.741,0.9654,2.147,2.798,48
cleartype_text,1,c-6,22,22,22,-6,11865,10223,20.0,adaptive,0.4,42.79,43.1,42.94,0.9769,2.067,2.71,51
cleartype_text,1,c-6,26,26,26,-6,9780,7686,32.5,none,,35.5,36.74,36.072,0.9588,3.504,5.151,98
cleartype_text,1,c-6,26,26,26,-6,9780,7686,32.5,spec30,,36.81,37.78,37.272,0.9598,3.384,4.814,98
cleartype_text,1,c-6,26,26,26,-6,9780,7686,32.5,freerdp30,,37.0,37.87,37.412,0.9598,3.364,4.767,98
cleartype_text,1,c-6,26,26,26,-6,9780,7686,32.5,always,,39.02,39.09,39.058,0.9404,3.253,4.346,97
cleartype_text,1,c-6,26,26,26,-6,9780,7686,32.5,adaptive,0.4,39.07,39.19,39.128,0.9582,3.135,4.227,97
cleartype_text,1,c-6,30,30,30,-6,7756,5175,50.0,none,,34.49,35.44,34.939,0.9429,4.577,6.658,111
cleartype_text,1,c-6,30,30,30,-6,7756,5175,50.0,spec30,,35.08,35.55,35.312,0.9429,4.576,6.569,95
cleartype_text,1,c-6,30,30,30,-6,7756,5175,50.0,freerdp30,,35.12,35.57,35.335,0.9429,4.579,6.56,95
cleartype_text,1,c-6,30,30,30,-6,7756,5175,50.0,always,,34.84,35.03,34.935,0.7664,4.923,6.832,100
cleartype_text,1,c-6,30,30,30,-6,7756,5175,50.0,adaptive,0.4,35.37,35.63,35.496,0.9413,4.609,6.521,100
cleartype_text,1,c-6,34,34,34,-6,5853,3215,80.0,none,,32.51,33.25,32.864,0.9055,6.269,9.033,129
cleartype_text,1,c-6,34,34,34,-6,5853,3215,80.0,spec30,,32.32,32.65,32.482,0.9029,6.494,9.4,144
cleartype_text,1,c-6,34,34,34,-6,5853,3215,80.0,freerdp30,,32.33,32.64,32.481,0.9029,6.499,9.402,144
cleartype_text,1,c-6,34,34,34,-6,5853,3215,80.0,always,,31.7,31.73,31.715,0.711,7.174,10.159,144
cleartype_text,1,c-6,34,34,34,-6,5853,3215,80.0,adaptive,0.4,32.36,32.67,32.511,0.9033,6.467,9.361,144
cleartype_text,1,c-12,18,18,18,-12,15580,13935,8.75,none,,36.13,37.67,36.836,0.9885,2.327,3.591,97
cleartype_text,1,c-12,18,18,18,-12,15580,13935,8.75,spec30,,38.2,39.37,38.744,0.9898,2.136,3.148,68
cleartype_text,1,c-12,18,18,18,-12,15580,13935,8.75,freerdp30,,38.38,39.55,38.925,0.9899,2.117,3.103,65
cleartype_text,1,c-12,18,18,18,-12,15580,13935,8.75,always,,47.97,48.25,48.105,0.9898,1.238,1.531,45
cleartype_text,1,c-12,18,18,18,-12,15580,13935,8.75,adaptive,0.4,48.09,48.36,48.219,0.9915,1.204,1.49,45
cleartype_text,1,c-12,22,22,22,-12,13347,11519,14.0,none,,35.98,37.47,36.657,0.9778,2.709,4.085,100
cleartype_text,1,c-12,22,22,22,-12,13347,11519,14.0,spec30,,37.69,38.99,38.29,0.979,2.556,3.693,74
cleartype_text,1,c-12,22,22,22,-12,13347,11519,14.0,freerdp30,,37.89,39.17,38.486,0.9791,2.531,3.638,74
cleartype_text,1,c-12,22,22,22,-12,13347,11519,14.0,always,,44.55,44.89,44.716,0.9733,1.815,2.307,48
cleartype_text,1,c-12,22,22,22,-12,13347,11519,14.0,adaptive,0.4,44.78,45.06,44.917,0.9792,1.755,2.238,48
cleartype_text,1,c-12,26,26,26,-12,11096,8924,22.75,none,,35.61,36.92,36.217,0.9608,3.333,4.899,102
cleartype_text,1,c-12,26,26,26,-12,11096,8924,22.75,spec30,,37.22,38.19,37.68,0.962,3.167,4.492,87
cleartype_text,1,c-12,26,26,26,-12,11096,8924,22.75,freerdp30,,37.4,38.3,37.83,0.9621,3.148,4.448,87
cleartype_text,1,c-12,26,26,26,-12,11096,8924,22.75,always,,41.11,41.04,41.076,0.9532,2.726,3.557,62
cleartype_text,1,c-12,26,26,26,-12,11096,8924,22.75,adaptive,0.4,41.17,41.16,41.164,0.9622,2.649,3.467,62
cleartype_text,1,c-12,30,30,30,-12,9023,6422,35.0,none,,34.71,35.79,35.216,0.9464,4.257,6.169,105
cleartype_text,1,c-12,30,30,30,-12,9023,6422,35.0,spec30,,35.73,36.53,36.113,0.9472,4.148,5.856,90
cleartype_text,1,c-12,30,30,30,-12,9023,6422,35.0,freerdp30,,35.8,36.6,36.181,0.9473,4.141,5.827,90
cleartype_text,1,c-12,30,30,30,-12,9023,6422,35.0,always,,36.53,36.72,36.627,0.7798,4.093,5.532,79
cleartype_text,1,c-12,30,30,30,-12,9023,6422,35.0,adaptive,0.4,37.13,37.32,37.221,0.9461,3.942,5.377,84
cleartype_text,1,c-12,34,34,34,-12,7035,4430,56.0,none,,32.99,33.87,33.407,0.9127,5.713,8.156,121
cleartype_text,1,c-12,34,34,34,-12,7035,4430,56.0,spec30,,33.15,33.91,33.514,0.912,5.727,8.147,122
cleartype_text,1,c-12,34,34,34,-12,7035,4430,56.0,freerdp30,,33.17,33.93,33.534,0.912,5.731,8.139,122
cleartype_text,1,c-12,34,34,34,-12,7035,4430,56.0,always,,32.81,33.45,33.12,0.7306,6.109,8.52,124
cleartype_text,1,c-12,34,34,34,-12,7035,4430,56.0,adaptive,0.4,33.24,34.0,33.601,0.9107,5.746,8.126,124
cleartype_text,2,d0,18,18,18,-2,13146,10765,17.944,none,,36.07,37.59,36.766,0.9877,2.463,3.782,100
cleartype_text,2,d0,18,18,18,-2,13146,10765,17.944,spec30,,37.89,39.11,38.46,0.9889,2.292,3.38,77
cleartype_text,2,d0,18,18,18,-2,13146,10765,17.944,freerdp30,,38.03,39.28,38.611,0.989,2.28,3.342,77
cleartype_text,2,d0,18,18,18,-2,13146,10765,17.944,always,,43.9,44.17,44.037,0.98,1.737,2.262,46
cleartype_text,2,d0,18,18,18,-2,13146,10765,17.944,adaptive,0.4,44.03,44.43,44.223,0.9891,1.672,2.19,46
cleartype_text,2,d0,22,22,22,-2,10997,8519,29.09,none,,35.85,37.23,36.489,0.9749,2.953,4.423,95
cleartype_text,2,d0,22,22,22,-2,10997,8519,29.09,spec30,,37.3,38.35,37.793,0.9758,2.84,4.101,90
cleartype_text,2,d0,22,22,22,-2,10997,8519,29.09,freerdp30,,37.44,38.37,37.882,0.9758,2.826,4.073,90
cleartype_text,2,d0,22,22,22,-2,10997,8519,29.09,always,,40.39,40.23,40.311,0.9577,2.638,3.536,90
cleartype_text,2,d0,22,22,22,-2,10997,8519,29.09,adaptive,0.4,40.38,40.45,40.414,0.9739,2.534,3.422,90
cleartype_text,2,d0,26,26,26,-2,8936,6284,45.144,none,,35.35,36.49,35.879,0.9571,3.717,5.442,106
cleartype_text,2,d0,26,26,26,-2,8936,6284,45.144,spec30,,36.28,36.67,36.474,0.9571,3.701,5.324,95
cleartype_text,2,d0,26,26,26,-2,8936,6284,45.144,freerdp30,,36.4,36.67,36.535,0.957,3.7,5.308,95
cleartype_text,2,d0,26,26,26,-2,8936,6284,45.144,always,,36.6,36.63,36.618,0.9281,4.005,5.513,94
cleartype_text,2,d0,26,26,26,-2,8936,6284,45.144,adaptive,0.4,36.76,36.93,36.842,0.9548,3.762,5.254,95
cleartype_text,2,d0,30,30,30,-2,7044,4186,71.777,none,,34.05,35.01,34.504,0.9412,4.95,7.181,120
cleartype_text,2,d0,30,30,30,-2,7044,4186,71.777,spec30,,33.86,33.59,33.724,0.9378,5.235,7.673,142
cleartype_text,2,d0,30,30,30,-2,7044,4186,71.777,freerdp30,,33.8,33.58,33.689,0.9374,5.257,7.698,142
cleartype_text,2,d0,30,30,30,-2,7044,4186,71.777,always,,32.97,32.5,32.728,0.8077,5.968,8.531,142
cleartype_text,2,d0,30,30,30,-2,7044,4186,71.777,adaptive,0.4,33.75,33.52,33.632,0.937,5.285,7.741,142
cleartype_text,2,d0,34,34,34,-2,5477,2461,101.371,none,,32.28,33.0,32.625,0.9068,6.632,9.527,125
cleartype_text,2,d0,34,34,34,-2,5477,2461,101.371,spec30,,31.45,31.5,31.471,0.9012,7.165,10.472,194
cleartype_text,2,d0,34,34,34,-2,5477,2461,101.371,freerdp30,,31.41,31.46,31.438,0.9008,7.194,10.519,194
cleartype_text,2,d0,34,34,34,-2,5477,2461,101.371,always,,30.64,30.49,30.568,0.7535,8.093,11.591,194
cleartype_text,2,d0,34,34,34,-2,5477,2461,101.371,adaptive,0.4,31.83,31.89,31.856,0.9038,6.925,10.106,194
cleartype_text,2,d-3,18,15,18,-2,15004,10761,13.675,none,,36.11,37.63,36.805,0.9925,2.373,3.726,97
cleartype_text,2,d-3,18,15,18,-2,15004,10761,13.675,spec30,,37.97,39.19,38.539,0.9936,2.202,3.325,74
cleartype_text,2,d-3,18,15,18,-2,15004,10761,13.675,freerdp30,,38.1,39.35,38.677,0.9937,2.191,3.292,70
cleartype_text,2,d-3,18,15,18,-2,15004,10761,13.675,always,,45.45,45.96,45.696,0.9902,1.488,1.97,35
cleartype_text,2,d-3,18,15,18,-2,15004,10761,13.675,adaptive,0.4,45.55,46.08,45.806,0.9946,1.442,1.918,35
cleartype_text,2,d-3,22,19,22,-2,12639,8519,22.232,none,,35.93,37.36,36.589,0.9801,2.865,4.343,103
cleartype_text,2,d-3,22,19,22,-2,12639,8519,22.232,spec30,,37.67,38.82,38.203,0.9813,2.716,3.946,80
cleartype_text,2,d-3,22,19,22,-2,12639,8519,22.232,freerdp30,,37.85,38.9,38.344,0.9814,2.694,3.903,80
cleartype_text,2,d-3,22,19,22,-2,12639,8519,22.232,always,,42.11,42.19,42.152,0.968,2.283,3.051,53
cleartype_text,2,d-3,22,19,22,-2,12639,8519,22.232,adaptive,0.4,42.32,42.4,42.358,0.9805,2.198,2.948,53
cleartype_text,2,d-3,26,23,26,-2,10423,6284,34.957,none,,35.42,36.65,35.993,0.9675,3.567,5.316,101
cleartype_text,2,d-3,26,23,26,-2,10423,6284,34.957,spec30,,36.74,37.43,37.067,0.9683,3.465,5.021,101
cleartype_text,2,d-3,26,23,26,-2,10423,6284,34.957,freerdp30,,36.84,37.47,37.142,0.9684,3.457,4.994,101
cleartype_text,2,d-3,26,23,26,-2,10423,6284,34.957,always,,38.36,38.59,38.472,0.9493,3.461,4.716,87
cleartype_text,2,d-3,26,23,26,-2,10423,6284,34.957,adaptive,0.4,38.36,38.63,38.493,0.9657,3.345,4.593,76
cleartype_text,2,d-3,30,27,30,-2,8479,4188,54.699,none,,34.36,35.42,34.857,0.9521,4.662,6.901,101
cleartype_text,2,d-3,30,27,30,-2,8479,4188,54.699,spec30,,34.75,35.15,34.946,0.9512,4.752,6.967,116
cleartype_text,2,d-3,30,27,30,-2,8479,4188,54.699,freerdp30,,34.77,35.13,34.949,0.951,4.759,6.967,116
cleartype_text,2,d-3,30,27,30,-2,8479,4188,54.699,always,,34.33,34.49,34.41,0.8249,5.219,7.401,116
cleartype_text,2,d-3,30,27,30,-2,8479,4188,54.699,adaptive,0.4,34.89,35.07,34.976,0.9488,4.843,7.016,116
cleartype_text,2,d-3,34,31,34,-2,6663,2463,87.841,none,,32.31,33.17,32.72,0.9135,6.392,9.423,115
cleartype_text,2,d-3,34,31,34,-2,6663,2463,87.841,spec30,,31.77,32.13,31.948,0.9093,6.786,10.093,157
cleartype_text,2,d-3,34,31,34,-2,6663,2463,87.841,freerdp30,,31.74,32.09,31.909,0.9089,6.814,10.131,157
cleartype_text,2,d-3,34,31,34,-2,6663,2463,87.841,always,,31.04,31.13,31.086,0.7662,7.625,11.086,157
cleartype_text,2,d-3,34,31,34,-2,6663,2463,87.841,adaptive,0.4,31.87,32.27,32.064,0.9103,6.693,9.969,157
cleartype_text,2,d-6,18,12,18,-2,16846,10764,11.402,none,,36.1,37.66,36.812,0.9929,2.344,3.707,99
cleartype_text,2,d-6,18,12,18,-2,16846,10764,11.402,spec30,,37.96,39.2,38.533,0.9941,2.175,3.305,71
cleartype_text,2,d-6,18,12,18,-2,16846,10764,11.402,freerdp30,,38.08,39.4,38.687,0.9942,2.16,3.264,71
cleartype_text,2,d-6,18,12,18,-2,16846,10764,11.402,always,,46.52,46.8,46.66,0.9924,1.368,1.814,27
cleartype_text,2,d-6,18,12,18,-2,16846,10764,11.402,adaptive,0.4,46.73,46.95,46.838,0.9956,1.324,1.764,27
cleartype_text,2,d-6,22,16,22,-2,14359,8519,18.419,none,,35.94,37.4,36.609,0.9854,2.791,4.281,96
cleartype_text,2,d-6,22,16,22,-2,14359,8519,18.419,spec30,,37.59,38.83,38.167,0.9865,2.644,3.901,86
cleartype_text,2,d-6,22,16,22,-2,14359,8519,18.419,freerdp30,,37.82,38.96,38.354,0.9866,2.62,3.85,78
cleartype_text,2,d-6,22,16,22,-2,14359,8519,18.419,always,,43.31,43.4,43.356,0.9783,2.046,2.739,46
cleartype_text,2,d-6,22,16,22,-2,14359,8519,18.419,adaptive,0.4,43.49,43.57,43.529,0.9868,1.971,2.656,46
cleartype_text,2,d-6,26,20,26,-2,12021,6284,28.948,none,,35.48,36.81,36.092,0.9755,3.456,5.217,104
cleartype_text,2,d-6,26,20,26,-2,12021,6284,28.948,spec30,,36.89,37.93,37.383,0.9766,3.316,4.849,104
cleartype_text,2,d-6,26,20,26,-2,12021,6284,28.948,freerdp30,,37.02,37.99,37.478,0.9766,3.31,4.822,104
cleartype_text,2,d-6,26,20,26,-2,12021,6284,28.948,always,,39.48,39.87,39.67,0.9614,3.107,4.246,75
cleartype_text,2,d-6,26,20,26,-2,12021,6284,28.948,adaptive,0.4,39.43,39.89,39.653,0.9752,3.03,4.163,75
cleartype_text,2,d-6,30,24,30,-2,9946,4217,45.607,none,,34.45,35.56,34.971,0.9585,4.5,6.743,105
cleartype_text,2,d-6,30,24,30,-2,9946,4217,45.607,spec30,,35.14,35.87,35.489,0.9587,4.476,6.584,105
cleartype_text,2,d-6,30,24,30,-2,9946,4217,45.607,freerdp30,,35.18,35.88,35.514,0.9586,4.481,6.579,105
cleartype_text,2,d-6,30,24,30,-2,9946,4217,45.607,always,,35.25,35.74,35.489,0.8359,4.743,6.678,105
cleartype_text,2,d-6,30,24,30,-2,9946,4217,45.607,adaptive,0.4,35.62,36.3,35.949,0.9566,4.488,6.434,105
cleartype_text,2,d-6,34,28,34,-2,8001,2482,72.36,none,,32.56,33.49,32.997,0.9321,6.157,9.187,104
cleartype_text,2,d-6,34,28,34,-2,8001,2482,72.36,spec30,,32.26,32.92,32.577,0.9291,6.436,9.605,159
cleartype_text,2,d-6,34,28,34,-2,8001,2482,72.36,freerdp30,,32.27,32.92,32.578,0.9289,6.449,9.616,159
cleartype_text,2,d-6,34,28,34,-2,8001,2482,72.36,always,,31.72,32.18,31.941,0.7934,7.121,10.357,159
cleartype_text,2,d-6,34,28,34,-2,8001,2482,72.36,adaptive,0.4,32.24,32.9,32.554,0.9286,6.471,9.643,159
cleartype_text,2,d-12,18,6,18,-2,21204,10761,9.055,none,,36.12,37.68,36.831,0.9935,2.301,3.66,96
cleartype_text,2,d-12,18,6,18,-2,21204,10761,9.055,spec30,,38.05,39.21,38.589,0.9948,2.124,3.251,68
cleartype_text,2,d-12,18,6,18,-2,21204,10761,9.055,freerdp30,,38.25,39.43,38.798,0.9949,2.104,3.198,68
cleartype_text,2,d-12,18,6,18,-2,21204,10761,9.055,always,,47.86,48.34,48.097,0.9959,1.209,1.6,28
cleartype_text,2,d-12,18,6,18,-2,21204,10761,9.055,adaptive,0.4,47.92,48.35,48.127,0.9972,1.178,1.568,30
cleartype_text,2,d-12,22,10,22,-2,18264,8519,14.577,none,,35.96,37.45,36.641,0.9902,2.681,4.208,96
cleartype_text,2,d-12,22,10,22,-2,18264,8519,14.577,spec30,,37.71,38.87,38.248,0.9914,2.527,3.82,78
cleartype_text,2,d-12,22,10,22,-2,18264,8519,14.577,freerdp30,,37.81,39.02,38.371,0.9914,2.51,3.781,78
cleartype_text,2,d-12,22,10,22,-2,18264,8519,14.577,always,,44.35,44.68,44.512,0.9863,1.794,2.461,40
cleartype_text,2,d-12,22,10,22,-2,18264,8519,14.577,adaptive,0.4,44.4,44.79,44.591,0.9921,1.746,2.409,40
cleartype_text,2,d-12,26,14,26,-2,15559,6286,23.195,none,,35.55,36.93,36.183,0.9853,3.279,5.084,95
cleartype_text,2,d-12,26,14,26,-2,15559,6286,23.195,spec30,,37.05,38.13,37.56,0.9865,3.124,4.695,79
cleartype_text,2,d-12,26,14,26,-2,15559,6286,23.195,freerdp30,,37.21,38.26,37.705,0.9866,3.109,4.652,79
cleartype_text,2,d-12,26,14,26,-2,15559,6286,23.195,always,,40.59,41.16,40.868,0.9774,2.695,3.782,58
cleartype_text,2,d-12,26,14,26,-2,15559,6286,23.195,adaptive,0.4,40.59,41.06,40.815,0.9867,2.646,3.728,58
cleartype_text,2,d-12,30,18,30,-2,13147,4221,36.222,none,,34.57,35.75,35.121,0.9697,4.298,6.557,100
cleartype_text,2,d-12,30,18,30,-2,13147,4221,36.222,spec30,,35.57,36.33,35.934,0.9705,4.207,6.267,102
cleartype_text,2,d-12,30,18,30,-2,13147,4221,36.222,freerdp30,,35.66,36.39,36.012,0.9706,4.196,6.238,102
cleartype_text,2,d-12,30,18,30,-2,13147,4221,36.222,always,,36.19,36.69,36.429,0.848,4.233,6.048,102
cleartype_text,2,d-12,30,18,30,-2,13147,4221,36.222,adaptive,0.4,36.51,37.23,36.853,0.9689,4.092,5.921,102
cleartype_text,2,d-12,34,22,34,-2,10998,2484,56.639,none,,32.71,33.72,33.188,0.9483,5.831,8.858,97
cleartype_text,2,d-12,34,22,34,-2,10998,2484,56.639,spec30,,32.53,33.65,33.057,0.9468,5.967,9.031,149
cleartype_text,2,d-12,34,22,34,-2,10998,2484,56.639,freerdp30,,32.52,33.65,33.051,0.9467,5.974,9.039,149
cleartype_text,2,d-12,34,22,34,-2,10998,2484,56.639,always,,32.19,33.21,32.669,0.8054,6.438,9.5,149
cleartype_text,2,d-12,34,22,34,-2,10998,2484,56.639,adaptive,0.4,32.54,33.66,33.063,0.9451,6.054,9.09,149
cleartype_text,2,c-6,18,18,18,-6,14094,11658,12.5,none,,36.12,37.66,36.823,0.9887,2.384,3.673,96
cleartype_text,2,c-6,18,18,18,-6,14094,11658,12.5,spec30,,37.95,39.27,38.562,0.99,2.223,3.273,78
cleartype_text,2,c-6,18,18,18,-6,14094,11658,12.5,freerdp30,,38.2,39.39,38.752,0.99,2.2,3.225,69
cleartype_text,2,c-6,18,18,18,-6,14094,11658,12.5,always,,46.12,46.36,46.236,0.9869,1.449,1.843,44
cleartype_text,2,c-6,18,18,18,-6,14094,11658,12.5,adaptive,0.4,46.28,46.49,46.382,0.9915,1.402,1.791,44
cleartype_text,2,c-6,22,22,22,-6,11865,9462,20.0,none,,35.95,37.41,36.618,0.9769,2.815,4.218,101
cleartype_text,2,c-6,22,22,22,-6,11865,9462,20.0,spec30,,37.66,38.83,38.205,0.978,2.657,3.826,84
cleartype_text,2,c-6,22,22,22,-6,11865,9462,20.0,freerdp30,,37.79,38.91,38.316,0.9781,2.645,3.796,84
cleartype_text,2,c-6,22,22,22,-6,11865,9462,20.0,always,,42.75,42.85,42.8,0.9667,2.166,2.806,45
cleartype_text,2,c-6,22,22,22,-6,11865,9462,20.0,adaptive,0.4,42.83,43.09,42.958,0.9782,2.091,2.727,51
cleartype_text,2,c-6,26,26,26,-6,9780,7160,32.5,none,,35.52,36.83,36.127,0.9615,3.477,5.093,98
cleartype_text,2,c-6,26,26,26,-6,9780,7160,32.5,spec30,,36.79,37.82,37.272,0.9623,3.373,4.788,89
cleartype_text,2,c-6,26,26,26,-6,9780,7160,32.5,freerdp30,,36.87,37.89,37.347,0.9623,3.37,4.766,89
cleartype_text,2,c-6,26,26,26,-6,9780,7160,32.5,always,,39.0,39.18,39.087,0.9433,3.289,4.359,79
cleartype_text,2,c-6,26,26,26,-6,9780,7160,32.5,adaptive,0.4,38.98,39.21,39.092,0.9611,3.16,4.244,79
cleartype_text,2,c-6,30,30,30,-6,7756,5026,50.0,none,,34.67,35.68,35.145,0.9464,4.505,6.463,111
cleartype_text,2,c-6,30,30,30,-6,7756,5026,50.0,spec30,,35.21,35.76,35.473,0.9461,4.537,6.41,117
cleartype_text,2,c-6,30,30,30,-6,7756,5026,50.0,freerdp30,,35.17,35.73,35.445,0.946,4.554,6.431,117
cleartype_text,2,c-6,30,30,30,-6,7756,5026,50.0,always,,34.87,35.08,34.977,0.8142,4.972,6.777,117
cleartype_text,2,c-6,30,30,30,-6,7756,5026,50.0,adaptive,0.4,35.38,35.71,35.54,0.9439,4.652,6.46,117
cleartype_text,2,c-6,34,34,34,-6,5853,3145,80.0,none,,32.94,33.69,33.299,0.9077,6.103,8.661,129
cleartype_text,2,c-6,34,34,34,-6,5853,3145,80.0,spec30,,32.58,32.75,32.664,0.9047,6.452,9.182,169
cleartype_text,2,c-6,34,34,34,-6,5853,3145,80.0,freerdp30,,32.55,32.74,32.644,0.9045,6.469,9.206,169
cleartype_text,2,c-6,34,34,34,-6,5853,3145,80.0,always,,31.79,31.52,31.649,0.7537,7.283,10.168,169
cleartype_text,2,c-6,34,34,34,-6,5853,3145,80.0,adaptive,0.4,32.59,32.81,32.698,0.905,6.416,9.147,169
cleartype_text,2,c-12,18,18,18,-12,15580,13161,8.75,none,,36.14,37.68,36.84,0.9892,2.324,3.585,97
cleartype_text,2,c-12,18,18,18,-12,15580,13161,8.75,spec30,,38.09,39.36,38.676,0.9904,2.152,3.167,68
cleartype_text,2,c-12,18,18,18,-12,15580,13161,8.75,freerdp30,,38.25,39.53,38.846,0.9905,2.13,3.121,68
cleartype_text,2,c-12,18,18,18,-12,15580,13161,8.75,always,,47.99,48.33,48.156,0.9914,1.248,1.536,44
cleartype_text,2,c-12,18,18,18,-12,15580,13161,8.75,adaptive,0.4,48.1,48.44,48.269,0.9929,1.214,1.497,44
cleartype_text,2,c-12,22,22,22,-12,13347,10868,14.0,none,,35.99,37.48,36.673,0.9783,2.716,4.072,100
cleartype_text,2,c-12,22,22,22,-12,13347,10868,14.0,spec30,,37.64,38.94,38.239,0.9794,2.565,3.695,83
cleartype_text,2,c-12,22,22,22,-12,13347,10868,14.0,freerdp30,,37.78,39.1,38.388,0.9795,2.554,3.656,83
cleartype_text,2,c-12,22,22,22,-12,13347,10868,14.0,always,,44.7,44.97,44.832,0.9751,1.837,2.306,45
cleartype_text,2,c-12,22,22,22,-12,13347,10868,14.0,adaptive,0.4,44.92,45.18,45.047,0.9808,1.777,2.235,45
cleartype_text,2,c-12,26,26,26,-12,11096,8513,22.75,none,,35.65,37.02,36.28,0.9638,3.293,4.819,102
cleartype_text,2,c-12,26,26,26,-12,11096,8513,22.75,spec30,,37.2,38.24,37.693,0.965,3.134,4.433,79
cleartype_text,2,c-12,26,26,26,-12,11096,8513,22.75,freerdp30,,37.32,38.33,37.796,0.9651,3.123,4.404,79
cleartype_text,2,c-12,26,26,26,-12,11096,8513,22.75,always,,41.1,41.42,41.258,0.9567,2.717,3.5,60
cleartype_text,2,c-12,26,26,26,-12,11096,8513,22.75,adaptive,0.4,41.15,41.42,41.281,0.9659,2.654,3.431,53
cleartype_text,2,c-12,30,30,30,-12,9023,6367,35.0,none,,34.9,36.04,35.435,0.9461,4.193,6.003,105
cleartype_text,2,c-12,30,30,30,-12,9023,6367,35.0,spec30,,35.87,36.6,36.216,0.9468,4.115,5.745,115
cleartype_text,2,c-12,30,30,30,-12,9023,6367,35.0,freerdp30,,35.95,36.66,36.289,0.9469,4.105,5.72,115
cleartype_text,2,c-12,30,30,30,-12,9023,6367,35.0,always,,36.92,37.05,36.987,0.8345,4.112,5.435,115
cleartype_text,2,c-12,30,30,30,-12,9023,6367,35.0,adaptive,0.4,37.17,37.63,37.398,0.9463,3.979,5.316,115
cleartype_text,2,c-12,34,34,34,-12,7035,4526,56.0,none,,33.59,34.49,34.016,0.9159,5.49,7.645,121
cleartype_text,2,c-12,34,34,34,-12,7035,4526,56.0,spec30,,33.63,34.4,33.998,0.9152,5.608,7.743,162
cleartype_text,2,c-12,34,34,34,-12,7035,4526,56.0,freerdp30,,33.63,34.38,33.991,0.9151,5.626,7.754,162
cleartype_text,2,c-12,34,34,34,-12,7035,4526,56.0,always,,33.36,33.7,33.531,0.7862,6.141,8.206,162
cleartype_text,2,c-12,34,34,34,-12,7035,4526,56.0,adaptive,0.4,33.71,34.32,34.002,0.9141,5.714,7.798,162
gradient,1,d0,18,18,18,-2,1280,1358,17.944,none,,50.57,49.24,49.854,0.9937,0.427,0.578,8
gradient,1,d0,18,18,18,-2,1280,1358,17.944,spec30,,50.57,49.24,49.854,0.9937,0.427,0.578,8
gradient,1,d0,18,18,18,-2,1280,1358,17.944,freerdp30,,50.57,49.24,49.854,0.9937,0.427,0.578,8
gradient,1,d0,18,18,18,-2,1280,1358,17.944,always,,47.23,46.26,46.717,0.9784,0.504,0.757,14
gradient,1,d0,18,18,18,-2,1280,1358,17.944,adaptive,0.4,50.57,49.24,49.85,0.9937,0.427,0.578,12
gradient,1,d0,22,22,22,-2,1090,1116,29.09,none,,50.67,49.15,49.842,0.9931,0.422,0.613,15
gradient,1,d0,22,22,22,-2,1090,1116,29.09,spec30,,50.67,49.15,49.842,0.9931,0.422,0.613,15
gradient,1,d0,22,22,22,-2,1090,1116,29.09,freerdp30,,50.67,49.15,49.842,0.9931,0.422,0.613,15
gradient,1,d0,22,22,22,-2,1090,1116,29.09,always,,45.8,46.09,45.946,0.9742,0.552,0.869,24
gradient,1,d0,22,22,22,-2,1090,1116,29.09,adaptive,0.4,50.67,49.15,49.842,0.9931,0.422,0.613,15
gradient,1,d0,26,26,26,-2,987,956,45.144,none,,49.19,47.48,48.248,0.988,0.741,1.0,12
gradient,1,d0,26,26,26,-2,987,956,45.144,spec30,,49.19,47.48,48.248,0.988,0.741,1.0,12
gradient,1,d0,26,26,26,-2,987,956,45.144,freerdp30,,49.19,47.48,48.248,0.988,0.741,1.0,12
gradient,1,d0,26,26,26,-2,987,956,45.144,always,,45.46,43.73,44.508,0.9619,0.992,1.419,24
gradient,1,d0,26,26,26,-2,987,956,45.144,adaptive,0.4,49.19,47.48,48.248,0.988,0.741,1.0,12
gradient,1,d0,30,30,30,-2,925,691,71.777,none,,47.58,45.93,46.68,0.9765,1.473,1.925,33
gradient,1,d0,30,30,30,-2,925,691,71.777,spec30,,47.58,45.93,46.68,0.9765,1.473,1.925,33
gradient,1,d0,30,30,30,-2,925,691,71.777,freerdp30,,47.58,45.93,46.678,0.9765,1.473,1.925,33
gradient,1,d0,30,30,30,-2,925,691,71.777,always,,44.17,42.17,43.058,0.9413,2.076,2.803,37
gradient,1,d0,30,30,30,-2,925,691,71.777,adaptive,0.4,47.58,45.93,46.678,0.9765,1.473,1.925,33
gradient,1,d0,34,34,34,-2,889,609,101.371,none,,44.7,43.11,43.837,0.9549,2.338,3.209,36
gradient,1,d0,34,34,34,-2,889,609,101.371,spec30,,44.7,43.11,43.835,0.9549,2.34,3.212,36
gradient,1,d0,34,34,34,-2,889,609,101.371,freerdp30,,44.7,43.11,43.833,0.9549,2.341,3.215,36
gradient,1,d0,34,34,34,-2,889,609,101.371,always,,40.51,39.6,40.029,0.9056,3.13,4.555,59
gradient,1,d0,34,34,34,-2,889,609,101.371,adaptive,0.4,44.7,43.11,43.837,0.9549,2.338,3.209,36
gradient,1,d-3,18,15,18,-2,1383,1332,13.675,none,,50.66,49.25,49.9,0.9941,0.382,0.547,6
gradient,1,d-3,18,15,18,-2,1383,1332,13.675,spec30,,50.66,49.25,49.9,0.9941,0.382,0.547,6
gradient,1,d-3,18,15,18,-2,1383,1332,13.675,freerdp30,,50.66,49.25,49.9,0.9941,0.382,0.547,6
gradient,1,d-3,18,15,18,-2,1383,1332,13.675,always,,47.94,46.48,47.15,0.9819,0.458,0.72,15
gradient,1,d-3,18,15,18,-2,1383,1332,13.675,adaptive,0.4,50.18,49.13,49.621,0.993,0.384,0.554,15
gradient,1,d-3,22,19,22,-2,1279,1117,22.232,none,,50.91,49.18,49.962,0.9931,0.473,0.623,15
gradient,1,d-3,22,19,22,-2,1279,1117,22.232,spec30,,50.91,49.18,49.962,0.9931,0.473,0.623,15
gradient,1,d-3,22,19,22,-2,1279,1117,22.232,freerdp30,,50.91,49.18,49.962,0.9931,0.473,0.623,15
gradient,1,d-3,22,19,22,-2,1279,1117,22.232,always,,46.92,45.58,46.194,0.9772,0.604,0.86,23
gradient,1,d-3,22,19,22,-2,1279,1117,22.232,adaptive,0.4,50.91,48.94,49.814,0.9929,0.473,0.623,23
gradient,1,d-3,26,23,26,-2,1055,936,34.957,none,,49.18,47.77,48.419,0.9881,0.66,0.907,29
gradient,1,d-3,26,23,26,-2,1055,936,34.957,spec30,,49.18,47.77,48.419,0.9881,0.66,0.907,29
gradient,1,d-3,26,23,26,-2,1055,936,34.957,freerdp30,,49.18,47.77,48.419,0.9881,0.66,0.907,29
gradient,1,d-3,26,23,26,-2,1055,936,34.957,always,,44.49,44.56,44.524,0.9637,0.931,1.326,29
gradient,1,d-3,26,23,26,-2,1055,936,34.957,adaptive,0.4,49.18,47.77,48.419,0.9881,0.66,0.907,29
gradient,1,d-3,30,27,30,-2,978,693,54.699,none,,47.92,46.52,47.163,0.9813,1.264,1.711,33
gradient,1,d-3,30,27,30,-2,978,693,54.699,spec30,,47.91,46.52,47.16,0.9813,1.264,1.711,33
gradient,1,d-3,30,27,30,-2,978,693,54.699,freerdp30,,47.91,46.52,47.16,0.9813,1.264,1.711,33
gradient,1,d-3,30,27,30,-2,978,693,54.699,always,,44.58,42.91,43.664,0.9501,1.823,2.469,33
gradient,1,d-3,30,27,30,-2,978,693,54.699,adaptive,0.4,47.91,46.51,47.152,0.9813,1.264,1.711,33
gradient,1,d-3,34,31,34,-2,901,579,87.841,none,,45.15,43.57,44.286,0.9615,2.085,2.864,30
gradient,1,d-3,34,31,34,-2,901,579,87.841,spec30,,45.15,43.57,44.286,0.9615,2.085,2.864,30
gradient,1,d-3,34,31,34,-2,901,579,87.841,freerdp30,,45.15,43.57,44.286,0.9615,2.085,2.864,30
gradient,1,d-3,34,31,34,-2,901,579,87.841,always,,40.9,40.43,40.662,0.9036,2.913,4.093,47
gradient,1,d-3,34,31,34,-2,901,579,87.841,adaptive,0.4,45.15,43.57,44.286,0.9615,2.085,2.864,30
gradient,1,d-6,18,12,18,-2,1515,1333,11.402,none,,50.75,49.38,50.009,0.9947,0.401,0.579,6
gradient,1,d-6,18,12,18,-2,1515,1333,11.402,spec30,,50.75,49.38,50.009,0.9947,0.401,0.579,6
gradient,1,d-6,18,12,18,-2,1515,1333,11.402,freerdp30,,50.75,49.38,50.009,0.9947,0.401,0.579,6
gradient,1,d-6,18,12,18,-2,1515,1333,11.402,always,,48.4,47.43,47.886,0.986,0.469,0.716,13
gradient,1,d-6,18,12,18,-2,1515,1333,11.402,adaptive,0.4,50.26,48.88,49.516,0.9934,0.408,0.597,13
gradient,1,d-6,22,16,22,-2,1402,1141,18.419,none,,50.9,49.28,50.02,0.9937,0.427,0.6,15
gradient,1,d-6,22,16,22,-2,1402,1141,18.419,spec30,,50.9,49.28,50.02,0.9937,0.427,0.6,15
gradient,1,d-6,22,16,22,-2,1402,1141,18.419,freerdp30,,50.9,49.28,50.02,0.9937,0.427,0.6,15
gradient,1,d-6,22,16,22,-2,1402,1141,18.419,always,,47.65,46.13,46.822,0.9797,0.556,0.818,17
gradient,1,d-6,22,16,22,-2,1402,1141,18.419,adaptive,0.4,50.91,49.01,49.859,0.9935,0.427,0.603,17
gradient,1,d-6,26,20,26,-2,1221,964,28.948,none,,49.26,47.94,48.546,0.9894,0.662,0.926,12
gradient,1,d-6,26,20,26,-2,1221,964,28.948,spec30,,49.26,47.94,48.546,0.9894,0.662,0.926,12
gradient,1,d-6,26,20,26,-2,1221,964,28.948,freerdp30,,49.26,47.94,48.546,0.9894,0.662,0.926,12
gradient,1,d-6,26,20,26,-2,1221,964,28.948,always,,45.04,44.3,44.651,0.9646,0.941,1.335,21
gradient,1,d-6,26,20,26,-2,1221,964,28.948,adaptive,0.4,49.25,47.93,48.54,0.9894,0.662,0.926,12
gradient,1,d-6,30,24,30,-2,1035,689,45.607,none,,47.56,46.41,46.947,0.98,1.324,1.77,33
gradient,1,d-6,30,24,30,-2,1035,689,45.607,spec30,,47.56,46.41,46.947,0.98,1.324,1.77,33
gradient,1,d-6,30,24,30,-2,1035,689,45.607,freerdp30,,47.56,46.41,46.947,0.98,1.324,1.77,33
gradient,1,d-6,30,24,30,-2,1035,689,45.607,always,,43.91,42.35,43.062,0.9475,2.019,2.633,33
gradient,1,d-6,30,24,30,-2,1035,689,45.607,adaptive,0.4,47.56,46.4,46.943,0.98,1.324,1.77,33
gradient,1,d-6,34,28,34,-2,963,602,72.36,none,,45.32,44.03,44.63,0.9631,2.025,2.765,30
gradient,1,d-6,34,28,34,-2,963,602,72.36,spec30,,45.32,44.03,44.63,0.9631,2.025,2.765,30
gradient,1,d-6,34,28,34,-2,963,602,72.36,freerdp30,,45.32,44.03,44.63,0.9631,2.025,2.765,30
gradient,1,d-6,34,28,34,-2,963,602,72.36,always,,41.7,40.52,41.072,0.9143,2.956,4.034,43
gradient,1,d-6,34,28,34,-2,963,602,72.36,adaptive,0.4,45.32,44.03,44.63,0.9631,2.025,2.765,30
gradient,1,d-12,18,6,18,-2,1715,1346,9.055,none,,50.79,49.36,50.014,0.9952,0.403,0.581,6
gradient,1,d-12,18,6,18,-2,1715,1346,9.055,spec30,,50.79,49.36,50.014,0.9952,0.403,0.581,6
gradient,1,d-12,18,6,18,-2,1715,1346,9.055,freerdp30,,50.79,49.36,50.014,0.9952,0.403,0.581,6
gradient,1,d-12,18,6,18,-2,1715,1346,9.055,always,,49.29,47.67,48.406,0.9905,0.461,0.688,12
gradient,1,d-12,18,6,18,-2,1715,1346,9.055,adaptive,0.4,50.59,48.93,49.679,0.9946,0.406,0.589,12
gradient,1,d-12,22,10,22,-2,1564,1122,14.577,none,,50.92,49.29,50.028,0.9945,0.455,0.618,15
gradient,1,d-12,22,10,22,-2,1564,1122,14.577,spec30,,50.92,49.29,50.028,0.9945,0.455,0.618,15
gradient,1,d-12,22,10,22,-2,1564,1122,14.577,freerdp30,,50.92,49.29,50.028,0.9945,0.455,0.618,15
gradient,1,d-12,22,10,22,-2,1564,1122,14.577,always,,47.95,47.14,47.526,0.9851,0.575,0.804,18
gradient,1,d-12,22,10,22,-2,1564,1122,14.577,adaptive,0.4,50.18,49.27,49.698,0.9932,0.458,0.628,18
gradient,1,d-12,26,14,26,-2,1432,950,23.195,none,,49.67,48.05,48.784,0.9907,0.636,0.851,11
gradient,1,d-12,26,14,26,-2,1432,950,23.195,spec30,,49.67,48.05,48.784,0.9907,0.636,0.851,11
gradient,1,d-12,26,14,26,-2,1432,950,23.195,freerdp30,,49.67,48.05,48.784,0.9907,0.636,0.851,11
gradient,1,d-12,26,14,26,-2,1432,950,23.195,always,,46.78,45.85,46.286,0.9776,0.896,1.192,27
gradient,1,d-12,26,14,26,-2,1432,950,23.195,adaptive,0.4,49.49,48.02,48.692,0.9903,0.641,0.862,27
gradient,1,d-12,30,18,30,-2,1281,694,36.222,none,,47.47,46.71,47.071,0.9812,1.46,1.852,33
gradient,1,d-12,30,18,30,-2,1281,694,36.222,spec30,,47.46,46.7,47.068,0.9812,1.46,1.852,33
gradient,1,d-12,30,18,30,-2,1281,694,36.222,freerdp30,,47.46,46.7,47.068,0.9812,1.46,1.852,33
gradient,1,d-12,30,18,30,-2,1281,694,36.222,always,,43.88,43.14,43.492,0.9473,2.332,2.798,36
gradient,1,d-12,30,18,30,-2,1281,694,36.222,adaptive,0.4,47.45,46.48,46.942,0.9808,1.465,1.875,36
gradient,1,d-12,34,22,34,-2,1091,574,56.639,none,,45.6,43.86,44.644,0.9672,1.827,2.547,32
gradient,1,d-12,34,22,34,-2,1091,574,56.639,spec30,,45.6,43.86,44.644,0.9672,1.827,2.547,32
gradient,1,d-12,34,22,34,-2,1091,574,56.639,freerdp30,,45.6,43.86,44.644,0.9672,1.827,2.547,32
gradient,1,d-12,34,22,34,-2,1091,574,56.639,always,,41.66,40.68,41.144,0.9145,2.865,3.832,53
gradient,1,d-12,34,22,34,-2,1091,574,56.639,adaptive,0.4,45.47,43.85,44.586,0.967,1.828,2.562,53
gradient,1,c-6,18,18,18,-6,1362,1420,12.5,none,,50.89,49.32,50.034,0.9943,0.419,0.566,6
gradient,1,c-6,18,18,18,-6,1362,1420,12.5,spec30,,50.89,49.32,50.034,0.9943,0.419,0.566,6
gradient,1,c-6,18,18,18,-6,1362,1420,12.5,freerdp30,,50.89,49.32,50.034,0.9943,0.419,0.566,6
gradient,1,c-6,18,18,18,-6,1362,1420,12.5,always,,49.0,47.04,47.91,0.9871,0.487,0.701,14
gradient,1,c-6,18,18,18,-6,1362,1420,12.5,adaptive,0.4,50.88,49.07,49.88,0.9941,0.42,0.568,14
gradient,1,c-6,22,22,22,-6,1177,1208,20.0,none,,51.04,49.28,50.071,0.9934,0.395,0.589,15
gradient,1,c-6,22,22,22,-6,1177,1208,20.0,spec30,,51.04,49.28,50.071,0.9934,0.395,0.589,15
gradient,1,c-6,22,22,22,-6,1177,1208,20.0,freerdp30,,51.04,49.28,50.071,0.9934,0.395,0.589,15
gradient,1,c-6,22,22,22,-6,1177,1208,20.0,always,,47.03,46.04,46.504,0.9774,0.518,0.819,20
gradient,1,c-6,22,22,22,-6,1177,1208,20.0,adaptive,0.4,51.04,49.18,50.011,0.9933,0.395,0.589,20
gradient,1,c-6,26,26,26,-6,1050,1027,32.5,none,,49.06,47.94,48.465,0.9888,0.612,0.844,12
gradient,1,c-6,26,26,26,-6,1050,1027,32.5,spec30,,49.06,47.94,48.465,0.9888,0.612,0.844,12
gradient,1,c-6,26,26,26,-6,1050,1027,32.5,freerdp30,,49.06,47.94,48.465,0.9888,0.612,0.844,12
gradient,1,c-6,26,26,26,-6,1050,1027,32.5,always,,44.58,45.31,44.928,0.9669,0.841,1.187,24
gradient,1,c-6,26,26,26,-6,1050,1027,32.5,adaptive,0.4,49.06,47.94,48.465,0.9888,0.612,0.844,12
gradient,1,c-6,30,30,30,-6,949,713,50.0,none,,48.1,46.19,47.038,0.9797,1.122,1.553,33
gradient,1,c-6,30,30,30,-6,949,713,50.0,spec30,,48.09,46.18,47.033,0.9797,1.122,1.553,33
gradient,1,c-6,30,30,30,-6,949,713,50.0,freerdp30,,48.09,46.18,47.033,0.9797,1.122,1.553,33
gradient,1,c-6,30,30,30,-6,949,713,50.0,always,,44.82,42.65,43.598,0.951,1.638,2.277,33
gradient,1,c-6,30,30,30,-6,949,713,50.0,adaptive,0.4,48.09,46.17,47.028,0.9797,1.122,1.553,33
gradient,1,c-6,34,34,34,-6,911,623,80.0,none,,45.51,43.67,44.497,0.9582,1.989,2.608,36
gradient,1,c-6,34,34,34,-6,911,623,80.0,spec30,,45.51,43.67,44.497,0.9582,1.989,2.608,36
gradient,1,c-6,34,34,34,-6,911,623,80.0,freerdp30,,45.51,43.67,44.496,0.9582,1.989,2.608,36
gradient,1,c-6,34,34,34,-6,911,623,80.0,always,,42.33,40.61,41.381,0.9163,2.831,3.825,53
gradient,1,c-6,34,34,34,-6,911,623,80.0,adaptive,0.4,45.51,43.67,44.497,0.9582,1.989,2.608,36
gradient,1,c-12,18,18,18,-12,1512,1574,8.75,none,,50.89,49.46,50.118,0.9948,0.417,0.561,6
gradient,1,c-12,18,18,18,-12,1512,1574,8.75,spec30,,50.89,49.46,50.118,0.9948,0.417,0.561,6
gradient,1,c-12,18,18,18,-12,1512,1574,8.75,freerdp30,,50.89,49.46,50.118,0.9948,0.417,0.561,6
gradient,1,c-12,18,18,18,-12,1512,1574,8.75,always,,49.43,48.03,48.672,0.9908,0.465,0.653,10
gradient,1,c-12,18,18,18,-12,1512,1574,8.75,adaptive,0.4,50.64,49.24,49.883,0.9945,0.419,0.568,10
gradient,1,c-12,22,22,22,-12,1326,1329,14.0,none,,51.2,49.51,50.275,0.9939,0.388,0.576,15
gradient,1,c-12,22,22,22,-12,1326,1329,14.0,spec30,,51.2,49.51,50.275,0.9939,0.388,0.576,15
gradient,1,c-12,22,22,22,-12,1326,1329,14.0,freerdp30,,51.2,49.51,50.275,0.9939,0.388,0.576,15
gradient,1,c-12,22,22,22,-12,1326,1329,14.0,always,,48.17,47.05,47.575,0.9831,0.503,0.77,17
gradient,1,c-12,22,22,22,-12,1326,1329,14.0,adaptive,0.4,51.13,49.4,50.179,0.9936,0.389,0.581,17
gradient,1,c-12,26,26,26,-12,1197,1172,22.75,none,,49.2,48.01,48.564,0.989,0.695,0.935,23
gradient,1,c-12,26,26,26,-12,1197,1172,22.75,spec30,,49.2,48.01,48.564,0.989,0.695,0.935,23
gradient,1,c-12,26,26,26,-12,1197,1172,22.75,freerdp30,,49.2,48.01,48.564,0.989,0.695,0.935,23
gradient,1,c-12,26,26,26,-12,1197,1172,22.75,always,,46.29,45.52,45.888,0.9724,1.04,1.346,23
gradient,1,c-12,26,26,26,-12,1197,1172,22.75,adaptive,0.4,49.19,47.99,48.549,0.989,0.697,0.938,23
gradient,1,c-12,30,30,30,-12,1036,802,35.0,none,,48.25,46.41,47.234,0.9816,0.97,1.38,33
gradient,1,c-12,30,30,30,-12,1036,802,35.0,spec30,,48.25,46.41,47.234,0.9816,0.97,1.38,33
gradient,1,c-12,30,30,30,-12,1036,802,35.0,freerdp30,,48.25,46.41,47.234,0.9816,0.97,1.38,33
gradient,1,c-12,30,30,30,-12,1036,802,35.0,always,,44.78,42.98,43.785,0.9524,1.481,2.065,33
gradient,1,c-12,30,30,30,-12,1036,802,35.0,adaptive,0.4,48.25,46.38,47.215,0.9815,0.972,1.386,33
gradient,1,c-12,34,34,34,-12,958,663,56.0,none,,45.73,43.84,44.681,0.9613,1.57,2.137,36
gradient,1,c-12,34,34,34,-12,958,663,56.0,spec30,,45.73,43.84,44.681,0.9613,1.57,2.137,36
gradient,1,c-12,34,34,34,-12,958,663,56.0,freerdp30,,45.73,43.84,44.681,0.9613,1.57,2.137,36
gradient,1,c-12,34,34,34,-12,958,663,56.0,always,,42.09,40.94,41.474,0.9198,2.425,3.272,43
gradient,1,c-12,34,34,34,-12,958,663,56.0,adaptive,0.4,45.73,43.83,44.68,0.9613,1.57,2.137,36
gradient,2,d0,18,18,18,-2,1280,841,17.944,none,,50.86,49.02,49.843,0.9938,0.428,0.585,11
gradient,2,d0,18,18,18,-2,1280,841,17.944,spec30,,50.86,49.02,49.843,0.9938,0.428,0.585,11
gradient,2,d0,18,18,18,-2,1280,841,17.944,freerdp30,,50.86,49.02,49.843,0.9938,0.428,0.585,11
gradient,2,d0,18,18,18,-2,1280,841,17.944,always,,46.94,46.08,46.49,0.9778,0.513,0.784,20
gradient,2,d0,18,18,18,-2,1280,841,17.944,adaptive,0.4,50.79,49.01,49.811,0.9937,0.429,0.588,19
gradient,2,d0,22,22,22,-2,1090,664,29.09,none,,50.59,48.78,49.59,0.9926,0.417,0.623,14
gradient,2,d0,22,22,22,-2,1090,664,29.09,spec30,,50.59,48.78,49.59,0.9926,0.417,0.623,14
gradient,2,d0,22,22,22,-2,1090,664,29.09,freerdp30,,50.59,48.78,49.59,0.9926,0.417,0.623,14
gradient,2,d0,22,22,22,-2,1090,664,29.09,always,,45.31,45.52,45.412,0.9714,0.542,0.895,25
gradient,2,d0,22,22,22,-2,1090,664,29.09,adaptive,0.4,50.59,48.78,49.59,0.9926,0.417,0.623,14
gradient,2,d0,26,26,26,-2,987,511,45.144,none,,49.17,47.35,48.164,0.9879,0.689,0.963,12
gradient,2,d0,26,26,26,-2,987,511,45.144,spec30,,49.17,47.35,48.164,0.9879,0.689,0.963,12
gradient,2,d0,26,26,26,-2,987,511,45.144,freerdp30,,49.17,47.35,48.164,0.9879,0.689,0.963,12
gradient,2,d0,26,26,26,-2,987,511,45.144,always,,44.29,42.84,43.507,0.9531,0.897,1.341,26
gradient,2,d0,26,26,26,-2,987,511,45.144,adaptive,0.4,49.17,47.35,48.164,0.9879,0.689,0.963,12
gradient,2,d0,30,30,30,-2,925,414,71.777,none,,47.93,46.81,47.332,0.9815,1.152,1.557,14
gradient,2,d0,30,30,30,-2,925,414,71.777,spec30,,47.93,46.81,47.332,0.9815,1.152,1.557,14
gradient,2,d0,30,30,30,-2,925,414,71.777,freerdp30,,47.93,46.81,47.332,0.9815,1.152,1.557,14
gradient,2,d0,30,30,30,-2,925,414,71.777,always,,43.47,42.81,43.127,0.9433,1.551,2.169,34
gradient,2,d0,30,30,30,-2,925,414,71.777,adaptive,0.4,47.93,46.81,47.332,0.9815,1.152,1.557,14
gradient,2,d0,34,34,34,-2,889,353,101.371,none,,44.84,44.42,44.621,0.9653,1.974,2.737,22
gradient,2,d0,34,34,34,-2,889,353,101.371,spec30,,44.84,44.42,44.621,0.9653,1.974,2.737,22
gradient,2,d0,34,34,34,-2,889,353,101.371,freerdp30,,44.84,44.42,44.621,0.9653,1.974,2.737,22
gradient,2,d0,34,34,34,-2,889,353,101.371,always,,38.98,38.64,38.807,0.8852,2.68,3.919,50
gradient,2,d0,34,34,34,-2,889,353,101.371,adaptive,0.4,44.84,44.42,44.621,0.9653,1.974,2.737,22
gradient,2,d-3,18,15,18,-2,1383,832,13.675,none,,50.87,49.03,49.855,0.9942,0.382,0.549,9
gradient,2,d-3,18,15,18,-2,1383,832,13.675,spec30,,50.87,49.03,49.855,0.9942,0.382,0.549,9
gradient,2,d-3,18,15,18,-2,1383,832,13.675,freerdp30,,50.87,49.03,49.855,0.9942,0.382,0.549,9
gradient,2,d-3,18,15,18,-2,1383,832,13.675,always,,47.85,46.25,46.977,0.9814,0.463,0.738,17
gradient,2,d-3,18,15,18,-2,1383,832,13.675,adaptive,0.4,50.44,48.82,49.557,0.9935,0.386,0.559,17
gradient,2,d-3,22,19,22,-2,1279,668,22.232,none,,50.94,48.76,49.713,0.9926,0.47,0.635,14
gradient,2,d-3,22,19,22,-2,1279,668,22.232,spec30,,50.94,48.76,49.713,0.9926,0.47,0.635,14
gradient,2,d-3,22,19,22,-2,1279,668,22.232,freerdp30,,50.94,48.76,49.713,0.9926,0.47,0.635,14
gradient,2,d-3,22,19,22,-2,1279,668,22.232,always,,46.61,45.67,46.115,0.9769,0.58,0.856,20
gradient,2,d-3,22,19,22,-2,1279,668,22.232,adaptive,0.4,50.86,48.75,49.675,0.9925,0.47,0.635,20
gradient,2,d-3,26,23,26,-2,1055,509,34.957,none,,49.14,47.72,48.371,0.9882,0.601,0.86,11
gradient,2,d-3,26,23,26,-2,1055,509,34.957,spec30,,49.14,47.72,48.371,0.9882,0.601,0.86,11
gradient,2,d-3,26,23,26,-2,1055,509,34.957,freerdp30,,49.14,47.72,48.371,0.9882,0.601,0.86,11
gradient,2,d-3,26,23,26,-2,1055,509,34.957,always,,44.34,44.16,44.253,0.9623,0.835,1.24,25
gradient,2,d-3,26,23,26,-2,1055,509,34.957,adaptive,0.4,49.14,47.72,48.371,0.9882,0.601,0.86,11
gradient,2,d-3,30,27,30,-2,978,418,54.699,none,,48.14,47.01,47.537,0.9837,1.05,1.407,14
gradient,2,d-3,30,27,30,-2,978,418,54.699,spec30,,48.14,47.01,47.537,0.9837,1.05,1.407,14
gradient,2,d-3,30,27,30,-2,978,418,54.699,freerdp30,,48.14,47.01,47.537,0.9837,1.05,1.407,14
gradient,2,d-3,30,27,30,-2,978,418,54.699,always,,43.44,42.89,43.157,0.9462,1.45,1.994,28
gradient,2,d-3,30,27,30,-2,978,418,54.699,adaptive,0.4,48.14,47.01,47.537,0.9837,1.05,1.407,14
gradient,2,d-3,34,31,34,-2,901,355,87.841,none,,45.36,44.91,45.13,0.9689,1.823,2.479,23
gradient,2,d-3,34,31,34,-2,901,355,87.841,spec30,,45.36,44.91,45.13,0.9689,1.823,2.479,23
gradient,2,d-3,34,31,34,-2,901,355,87.841,freerdp30,,45.36,44.91,45.13,0.9689,1.823,2.479,23
gradient,2,d-3,34,31,34,-2,901,355,87.841,always,,39.82,39.68,39.746,0.8923,2.601,3.669,41
gradient,2,d-3,34,31,34,-2,901,355,87.841,adaptive,0.4,45.36,44.91,45.13,0.9689,1.823,2.479,23
gradient,2,d-6,18,12,18,-2,1515,838,11.402,none,,50.87,49.2,49.959,0.9949,0.406,0.587,10
gradient,2,d-6,18,12,18,-2,1515,838,11.402,spec30,,50.87,49.2,49.959,0.9949,0.406,0.587,10
gradient,2,d-6,18,12,18,-2,1515,838,11.402,freerdp30,,50.87,49.2,49.959,0.9949,0.406,0.587,10
gradient,2,d-6,18,12,18,-2,1515,838,11.402,always,,48.21,47.17,47.658,0.9859,0.472,0.73,14
gradient,2,d-6,18,12,18,-2,1515,838,11.402,adaptive,0.4,50.37,48.73,49.472,0.9933,0.415,0.61,14
gradient,2,d-6,22,16,22,-2,1402,664,18.419,none,,50.9,48.96,49.822,0.9935,0.425,0.61,14
gradient,2,d-6,22,16,22,-2,1402,664,18.419,spec30,,50.9,48.96,49.822,0.9935,0.425,0.61,14
gradient,2,d-6,22,16,22,-2,1402,664,18.419,freerdp30,,50.9,48.96,49.822,0.9935,0.425,0.61,14
gradient,2,d-6,22,16,22,-2,1402,664,18.419,always,,47.43,46.1,46.713,0.9797,0.537,0.821,18
gradient,2,d-6,22,16,22,-2,1402,664,18.419,adaptive,0.4,50.42,48.94,49.618,0.9932,0.429,0.619,18
gradient,2,d-6,26,20,26,-2,1221,542,28.948,none,,49.16,47.86,48.459,0.989,0.608,0.871,11
gradient,2,d-6,26,20,26,-2,1221,542,28.948,spec30,,49.16,47.86,48.459,0.989,0.608,0.871,11
gradient,2,d-6,26,20,26,-2,1221,542,28.948,freerdp30,,49.16,47.86,48.459,0.989,0.608,0.871,11
gradient,2,d-6,26,20,26,-2,1221,542,28.948,always,,44.99,43.84,44.374,0.9631,0.843,1.247,23
gradient,2,d-6,26,20,26,-2,1221,542,28.948,adaptive,0.4,49.16,47.86,48.459,0.989,0.608,0.871,11
gradient,2,d-6,30,24,30,-2,1035,416,45.607,none,,48.15,46.97,47.518,0.9832,1.002,1.373,16
gradient,2,d-6,30,24,30,-2,1035,416,45.607,spec30,,48.15,46.97,47.518,0.9832,1.002,1.373,16
gradient,2,d-6,30,24,30,-2,1035,416,45.607,freerdp30,,48.15,46.97,47.518,0.9832,1.002,1.373,16
gradient,2,d-6,30,24,30,-2,1035,416,45.607,always,,43.7,42.64,43.138,0.9497,1.464,2.035,32
gradient,2,d-6,30,24,30,-2,1035,416,45.607,adaptive,0.4,48.15,46.97,47.518,0.9832,1.002,1.373,16
gradient,2,d-6,34,28,34,-2,963,357,72.36,none,,45.6,45.04,45.31,0.973,1.645,2.261,23
gradient,2,d-6,34,28,34,-2,963,357,72.36,spec30,,45.6,45.04,45.31,0.973,1.645,2.261,23
gradient,2,d-6,34,28,34,-2,963,357,72.36,freerdp30,,45.6,45.04,45.31,0.973,1.645,2.261,23
gradient,2,d-6,34,28,34,-2,963,357,72.36,always,,41.43,40.65,41.025,0.9253,2.406,3.309,41
gradient,2,d-6,34,28,34,-2,963,357,72.36,adaptive,0.4,45.6,45.04,45.31,0.973,1.645,2.261,23
gradient,2,d-12,18,6,18,-2,1715,834,9.055,none,,50.96,49.14,49.957,0.9953,0.403,0.583,10
gradient,2,d-12,18,6,18,-2,1715,834,9.055,spec30,,50.96,49.14,49.957,0.9953,0.403,0.583,10
gradient,2,d-12,18,6,18,-2,1715,834,9.055,freerdp30,,50.96,49.14,49.957,0.9953,0.403,0.583,10
gradient,2,d-12,18,6,18,-2,1715,834,9.055,always,,48.86,47.68,48.228,0.9899,0.457,0.695,13
gradient,2,d-12,18,6,18,-2,1715,834,9.055,adaptive,0.4,50.07,48.99,49.494,0.9943,0.408,0.6,13
gradient,2,d-12,22,10,22,-2,1564,664,14.577,none,,50.91,48.91,49.795,0.9943,0.454,0.631,14
gradient,2,d-12,22,10,22,-2,1564,664,14.577,spec30,,50.91,48.91,49.795,0.9943,0.454,0.631,14
gradient,2,d-12,22,10,22,-2,1564,664,14.577,freerdp30,,50.91,48.91,49.795,0.9943,0.454,0.631,14
gradient,2,d-12,22,10,22,-2,1564,664,14.577,always,,47.75,47.21,47.474,0.9854,0.553,0.801,16
gradient,2,d-12,22,10,22,-2,1564,664,14.577,adaptive,0.4,50.22,48.9,49.509,0.9931,0.459,0.643,16
gradient,2,d-12,26,14,26,-2,1432,497,23.195,none,,49.51,47.94,48.654,0.9899,0.595,0.821,11
gradient,2,d-12,26,14,26,-2,1432,497,23.195,spec30,,49.51,47.94,48.654,0.9899,0.595,0.821,11
gradient,2,d-12,26,14,26,-2,1432,497,23.195,freerdp30,,49.51,47.94,48.654,0.9899,0.595,0.821,11
gradient,2,d-12,26,14,26,-2,1432,497,23.195,always,,45.86,44.92,45.364,0.9722,0.836,1.175,19
gradient,2,d-12,26,14,26,-2,1432,497,23.195,adaptive,0.4,49.28,47.93,48.554,0.9896,0.596,0.824,16
gradient,2,d-12,30,18,30,-2,1281,417,36.222,none,,48.18,47.29,47.715,0.9852,1.0,1.331,17
gradient,2,d-12,30,18,30,-2,1281,417,36.222,spec30,,48.18,47.29,47.715,0.9852,1.0,1.331,17
gradient,2,d-12,30,18,30,-2,1281,417,36.222,freerdp30,,48.18,47.29,47.715,0.9852,1.0,1.331,17
gradient,2,d-12,30,18,30,-2,1281,417,36.222,always,,44.11,43.95,44.028,0.9568,1.511,2.013,28
gradient,2,d-12,30,18,30,-2,1281,417,36.222,adaptive,0.4,48.18,47.29,47.715,0.9852,1.0,1.331,17
gradient,2,d-12,34,22,34,-2,1091,354,56.639,none,,45.54,45.4,45.47,0.975,1.51,2.123,23
gradient,2,d-12,34,22,34,-2,1091,354,56.639,spec30,,45.54,45.4,45.47,0.975,1.51,2.123,23
gradient,2,d-12,34,22,34,-2,1091,354,56.639,freerdp30,,45.54,45.4,45.47,0.975,1.51,2.123,23
gradient,2,d-12,34,22,34,-2,1091,354,56.639,always,,41.46,41.85,41.65,0.9327,2.395,3.3,37
gradient,2,d-12,34,22,34,-2,1091,354,56.639,adaptive,0.4,45.54,45.4,45.47,0.975,1.51,2.123,23
gradient,2,c-6,18,18,18,-6,1362,899,12.5,none,,50.97,49.15,49.968,0.9945,0.42,0.572,9
gradient,2,c-6,18,18,18,-6,1362,899,12.5,spec30,,50.97,49.15,49.968,0.9945,0.42,0.572,9
gradient,2,c-6,18,18,18,-6,1362,899,12.5,freerdp30,,50.97,49.15,49.968,0.9945,0.42,0.572,9
gradient,2,c-6,18,18,18,-6,1362,899,12.5,always,,48.81,46.82,47.706,0.9862,0.481,0.708,14
gradient,2,c-6,18,18,18,-6,1362,899,12.5,adaptive,0.4,50.75,48.97,49.77,0.9943,0.421,0.576,14
gradient,2,c-6,22,22,22,-6,1177,724,20.0,none,,50.79,48.93,49.76,0.9932,0.398,0.607,15
gradient,2,c-6,22,22,22,-6,1177,724,20.0,spec30,,50.79,48.93,49.76,0.9932,0.398,0.607,15
gradient,2,c-6,22,22,22,-6,1177,724,20.0,freerdp30,,50.79,48.93,49.76,0.9932,0.398,0.607,15
gradient,2,c-6,22,22,22,-6,1177,724,20.0,always,,46.63,45.94,46.272,0.9764,0.513,0.835,23
gradient,2,c-6,22,22,22,-6,1177,724,20.0,adaptive,0.4,50.79,48.9,49.74,0.993,0.401,0.615,23
gradient,2,c-6,26,26,26,-6,1050,611,32.5,none,,49.98,48.18,48.989,0.9909,0.554,0.781,12
gradient,2,c-6,26,26,26,-6,1050,611,32.5,spec30,,49.98,48.18,48.989,0.9909,0.554,0.781,12
gradient,2,c-6,26,26,26,-6,1050,611,32.5,freerdp30,,49.98,48.18,48.989,0.9909,0.554,0.781,12
gradient,2,c-6,26,26,26,-6,1050,611,32.5,always,,44.53,44.99,44.753,0.9664,0.745,1.096,26
gradient,2,c-6,26,26,26,-6,1050,611,32.5,adaptive,0.4,49.98,48.18,48.989,0.9909,0.554,0.781,12
gradient,2,c-6,30,30,30,-6,949,470,50.0,none,,48.42,47.0,47.653,0.983,0.909,1.26,14
gradient,2,c-6,30,30,30,-6,949,470,50.0,spec30,,48.42,47.0,47.653,0.983,0.909,1.26,14
gradient,2,c-6,30,30,30,-6,949,470,50.0,freerdp30,,48.42,47.0,47.653,0.983,0.909,1.26,14
gradient,2,c-6,30,30,30,-6,949,470,50.0,always,,43.49,42.23,42.815,0.9431,1.25,1.8,27
gradient,2,c-6,30,30,30,-6,949,470,50.0,adaptive,0.4,48.42,47.0,47.653,0.983,0.909,1.26,14
gradient,2,c-6,34,34,34,-6,911,380,80.0,none,,45.52,45.24,45.38,0.9705,1.564,2.134,28
gradient,2,c-6,34,34,34,-6,911,380,80.0,spec30,,45.52,45.24,45.38,0.9705,1.564,2.134,28
gradient,2,c-6,34,34,34,-6,911,380,80.0,freerdp30,,45.52,45.24,45.38,0.9705,1.564,2.134,28
gradient,2,c-6,34,34,34,-6,911,380,80.0,always,,41.68,41.12,41.387,0.9176,2.126,3.008,43
gradient,2,c-6,34,34,34,-6,911,380,80.0,adaptive,0.4,45.52,45.24,45.38,0.9705,1.564,2.134,28
gradient,2,c-12,18,18,18,-12,1512,1122,8.75,none,,51.08,49.32,50.112,0.9951,0.417,0.564,9
gradient,2,c-12,18,18,18,-12,1512,1122,8.75,spec30,,51.08,49.32,50.112,0.9951,0.417,0.564,9
gradient,2,c-12,18,18,18,-12,1512,1122,8.75,freerdp30,,51.08,49.32,50.112,0.9951,0.417,0.564,9
gradient,2,c-12,18,18,18,-12,1512,1122,8.75,always,,49.3,47.96,48.576,0.9907,0.463,0.661,13
gradient,2,c-12,18,18,18,-12,1512,1122,8.75,adaptive,0.4,50.82,49.15,49.903,0.9946,0.419,0.573,13
gradient,2,c-12,22,22,22,-12,1326,857,14.0,none,,51.01,49.12,49.962,0.994,0.387,0.589,14
gradient,2,c-12,22,22,22,-12,1326,857,14.0,spec30,,51.01,49.12,49.962,0.994,0.387,0.589,14
gradient,2,c-12,22,22,22,-12,1326,857,14.0,freerdp30,,51.01,49.12,49.962,0.994,0.387,0.589,14
gradient,2,c-12,22,22,22,-12,1326,857,14.0,always,,48.07,47.03,47.519,0.9841,0.482,0.76,17
gradient,2,c-12,22,22,22,-12,1326,857,14.0,adaptive,0.4,50.86,48.87,49.751,0.9933,0.394,0.601,17
gradient,2,c-12,26,26,26,-12,1197,706,22.75,none,,50.52,48.31,49.272,0.9916,0.527,0.748,12
gradient,2,c-12,26,26,26,-12,1197,706,22.75,spec30,,50.52,48.31,49.272,0.9916,0.527,0.748,12
gradient,2,c-12,26,26,26,-12,1197,706,22.75,freerdp30,,50.52,48.31,49.272,0.9916,0.527,0.748,12
gradient,2,c-12,26,26,26,-12,1197,706,22.75,always,,46.65,45.71,46.157,0.9759,0.693,1.006,18
gradient,2,c-12,26,26,26,-12,1197,706,22.75,adaptive,0.4,50.52,48.31,49.272,0.9916,0.527,0.748,12
gradient,2,c-12,30,30,30,-12,1036,608,35.0,none,,49.13,47.72,48.367,0.9876,0.772,1.098,16
gradient,2,c-12,30,30,30,-12,1036,608,35.0,spec30,,49.13,47.72,48.367,0.9876,0.772,1.098,16
gradient,2,c-12,30,30,30,-12,1036,608,35.0,freerdp30,,49.13,47.72,48.367,0.9876,0.772,1.098,16
gradient,2,c-12,30,30,30,-12,1036,608,35.0,always,,44.33,43.53,43.911,0.9563,1.158,1.641,26
gradient,2,c-12,30,30,30,-12,1036,608,35.0,adaptive,0.4,49.13,47.72,48.367,0.9876,0.772,1.098,16
gradient,2,c-12,34,34,34,-12,958,506,56.0,none,,45.95,45.72,45.831,0.9739,1.21,1.708,22
gradient,2,c-12,34,34,34,-12,958,506,56.0,spec30,,45.95,45.72,45.831,0.9739,1.21,1.708,22
gradient,2,c-12,34,34,34,-12,958,506,56.0,freerdp30,,45.95,45.72,45.831,0.9739,1.21,1.708,22
gradient,2,c-12,34,34,34,-12,958,506,56.0,always,,42.02,41.4,41.696,0.9308,1.814,2.523,42
gradient,2,c-12,34,34,34,-12,958,506,56.0,adaptive,0.4,45.95,45.72,45.831,0.9739,1.21,1.708,22
lines_1px,1,d0,18,18,18,-2,2852,6749,17.944,none,,22.74,23.5,23.102,0.8527,1.591,3.935,145
lines_1px,1,d0,18,18,18,-2,2852,6749,17.944,spec30,,47.22,47.57,47.393,0.9829,0.422,1.098,61
lines_1px,1,d0,18,18,18,-2,2852,6749,17.944,freerdp30,,47.22,47.57,47.393,0.9829,0.422,1.098,61
lines_1px,1,d0,18,18,18,-2,2852,6749,17.944,always,,48.06,46.74,47.352,0.9825,0.481,1.155,27
lines_1px,1,d0,18,18,18,-2,2852,6749,17.944,adaptive,0.4,48.34,47.41,47.854,0.9878,0.408,1.061,27
lines_1px,1,d0,22,22,22,-2,2456,5909,29.09,none,,22.71,23.51,23.091,0.8495,1.646,4.049,148
lines_1px,1,d0,22,22,22,-2,2456,5909,29.09,spec30,,40.16,46.21,42.209,0.9768,0.619,1.477,66
lines_1px,1,d0,22,22,22,-2,2456,5909,29.09,freerdp30,,40.36,46.55,42.432,0.9769,0.604,1.455,66
lines_1px,1,d0,22,22,22,-2,2456,5909,29.09,always,,43.51,46.92,44.892,0.9707,0.597,1.429,42
lines_1px,1,d0,22,22,22,-2,2456,5909,29.09,adaptive,0.4,44.4,47.93,45.819,0.9809,0.496,1.253,42
lines_1px,1,d0,26,26,26,-2,2275,4924,45.144,none,,22.73,23.49,23.092,0.8381,1.853,4.422,152
lines_1px,1,d0,26,26,26,-2,2275,4924,45.144,spec30,,42.09,41.23,41.64,0.958,0.825,1.874,80
lines_1px,1,d0,26,26,26,-2,2275,4924,45.144,freerdp30,,42.2,41.74,41.965,0.9586,0.814,1.845,80
lines_1px,1,d0,26,26,26,-2,2275,4924,45.144,always,,41.86,40.71,41.244,0.9305,1.009,2.178,77
lines_1px,1,d0,26,26,26,-2,2275,4924,45.144,adaptive,0.4,43.74,41.69,42.598,0.9539,0.812,1.817,80
lines_1px,1,d0,30,30,30,-2,2037,4074,71.777,none,,22.62,23.49,23.034,0.8142,2.272,5.243,160
lines_1px,1,d0,30,30,30,-2,2037,4074,71.777,spec30,,38.84,38.79,38.814,0.9242,1.362,2.826,147
lines_1px,1,d0,30,30,30,-2,2037,4074,71.777,freerdp30,,38.89,38.78,38.833,0.924,1.361,2.824,127
lines_1px,1,d0,30,30,30,-2,2037,4074,71.777,always,,38.17,38.2,38.186,0.8742,1.695,3.312,127
lines_1px,1,d0,30,30,30,-2,2037,4074,71.777,adaptive,0.4,38.9,38.79,38.842,0.9238,1.36,2.823,127
lines_1px,1,d0,34,34,34,-2,1824,3453,101.371,none,,22.6,23.54,23.046,0.761,2.873,6.673,163
lines_1px,1,d0,34,34,34,-2,1824,3453,101.371,spec30,,35.14,36.66,35.833,0.852,2.034,4.476,156
lines_1px,1,d0,34,34,34,-2,1824,3453,101.371,freerdp30,,35.11,36.72,35.843,0.8518,2.025,4.465,156
lines_1px,1,d0,34,34,34,-2,1824,3453,101.371,always,,34.1,35.83,34.877,0.8115,2.514,5.291,151
lines_1px,1,d0,34,34,34,-2,1824,3453,101.371,adaptive,0.4,35.55,36.68,36.079,0.8536,1.989,4.409,159
lines_1px,1,d-3,18,15,18,-2,2987,6687,13.675,none,,22.75,23.49,23.104,0.8528,1.544,3.798,147
lines_1px,1,d-3,18,15,18,-2,2987,6687,13.675,spec30,,46.67,47.57,47.097,0.9833,0.389,0.976,63
lines_1px,1,d-3,18,15,18,-2,2987,6687,13.675,freerdp30,,46.67,47.67,47.143,0.9834,0.389,0.975,63
lines_1px,1,d-3,18,15,18,-2,2987,6687,13.675,always,,48.07,47.36,47.701,0.9873,0.416,1.016,24
lines_1px,1,d-3,18,15,18,-2,2987,6687,13.675,adaptive,0.4,48.17,48.0,48.086,0.9904,0.36,0.911,25
lines_1px,1,d-3,22,19,22,-2,2740,5803,22.232,none,,22.75,23.5,23.108,0.8526,1.668,4.065,146
lines_1px,1,d-3,22,19,22,-2,2740,5803,22.232,spec30,,42.47,43.16,42.798,0.9755,0.656,1.464,63
lines_1px,1,d-3,22,19,22,-2,2740,5803,22.232,freerdp30,,42.83,43.48,43.142,0.976,0.648,1.438,63
lines_1px,1,d-3,22,19,22,-2,2740,5803,22.232,always,,45.25,44.88,45.06,0.9742,0.651,1.475,31
lines_1px,1,d-3,22,19,22,-2,2740,5803,22.232,adaptive,0.4,46.85,45.8,46.294,0.9809,0.521,1.25,31
lines_1px,1,d-3,26,23,26,-2,2431,5246,34.957,none,,22.74,23.48,23.091,0.8425,1.803,4.356,151
lines_1px,1,d-3,26,23,26,-2,2431,5246,34.957,spec30,,43.0,41.58,42.232,0.9627,0.735,1.732,70
lines_1px,1,d-3,26,23,26,-2,2431,5246,34.957,freerdp30,,43.03,41.74,42.336,0.9628,0.729,1.722,70
lines_1px,1,d-3,26,23,26,-2,2431,5246,34.957,always,,42.51,41.12,41.759,0.9478,0.931,2.068,43
lines_1px,1,d-3,26,23,26,-2,2431,5246,34.957,adaptive,0.4,44.07,42.27,43.075,0.9643,0.711,1.68,43
lines_1px,1,d-3,30,27,30,-2,2219,4076,54.699,none,,22.69,23.47,23.064,0.815,2.079,5.031,152
lines_1px,1,d-3,30,27,30,-2,2219,4076,54.699,spec30,,38.67,39.66,39.138,0.9329,1.12,2.59,75
lines_1px,1,d-3,30,27,30,-2,2219,4076,54.699,freerdp30,,38.66,39.66,39.132,0.9328,1.121,2.591,75
lines_1px,1,d-3,30,27,30,-2,2219,4076,54.699,always,,38.31,40.62,39.314,0.9085,1.352,2.81,72
lines_1px,1,d-3,30,27,30,-2,2219,4076,54.699,adaptive,0.4,38.62,40.84,39.589,0.932,1.13,2.552,75
lines_1px,1,d-3,34,31,34,-2,1946,3452,87.841,none,,22.55,23.55,23.024,0.8006,2.62,6.009,157
lines_1px,1,d-3,34,31,34,-2,1946,3452,87.841,spec30,,36.89,38.82,37.748,0.9047,1.683,3.583,144
lines_1px,1,d-3,34,31,34,-2,1946,3452,87.841,freerdp30,,36.98,38.81,37.799,0.9046,1.679,3.572,144
lines_1px,1,d-3,34,31,34,-2,1946,3452,87.841,always,,34.7,37.06,35.725,0.8471,2.214,4.556,144
lines_1px,1,d-3,34,31,34,-2,1946,3452,87.841,adaptive,0.4,36.35,38.85,37.419,0.9048,1.712,3.665,144
lines_1px,1,d-6,18,12,18,-2,3288,6697,11.402,none,,22.75,23.5,23.107,0.8533,1.551,3.852,145
lines_1px,1,d-6,18,12,18,-2,3288,6697,11.402,spec30,,47.11,47.88,47.476,0.9848,0.377,0.999,61
lines_1px,1,d-6,18,12,18,-2,3288,6697,11.402,freerdp30,,47.11,48.17,47.608,0.9849,0.376,0.996,61
lines_1px,1,d-6,18,12,18,-2,3288,6697,11.402,always,,48.48,47.78,48.117,0.9911,0.407,1.027,21
lines_1px,1,d-6,18,12,18,-2,3288,6697,11.402,adaptive,0.4,48.32,48.58,48.447,0.992,0.355,0.935,25
lines_1px,1,d-6,22,16,22,-2,2886,5906,18.419,none,,22.75,23.49,23.103,0.8496,1.615,3.92,145
lines_1px,1,d-6,22,16,22,-2,2886,5906,18.419,spec30,,45.92,44.18,44.963,0.979,0.52,1.191,65
lines_1px,1,d-6,22,16,22,-2,2886,5906,18.419,freerdp30,,45.98,44.18,44.985,0.979,0.519,1.19,65
lines_1px,1,d-6,22,16,22,-2,2886,5906,18.419,always,,47.3,46.03,46.619,0.9822,0.544,1.213,33
lines_1px,1,d-6,22,16,22,-2,2886,5906,18.419,adaptive,0.4,47.31,46.82,47.055,0.9828,0.46,1.093,33
lines_1px,1,d-6,26,20,26,-2,2707,4925,28.948,none,,22.73,23.49,23.092,0.8416,1.794,4.367,149
lines_1px,1,d-6,26,20,26,-2,2707,4925,28.948,spec30,,41.61,41.91,41.757,0.9655,0.765,1.805,63
lines_1px,1,d-6,26,20,26,-2,2707,4925,28.948,freerdp30,,42.64,42.47,42.554,0.966,0.721,1.726,62
lines_1px,1,d-6,26,20,26,-2,2707,4925,28.948,always,,43.03,43.4,43.214,0.9601,0.815,1.858,54
lines_1px,1,d-6,26,20,26,-2,2707,4925,28.948,adaptive,0.4,43.55,44.01,43.776,0.967,0.688,1.654,54
lines_1px,1,d-6,30,24,30,-2,2402,4050,45.607,none,,22.69,23.48,23.068,0.8172,2.0,4.965,150
lines_1px,1,d-6,30,24,30,-2,2402,4050,45.607,spec30,,39.11,40.76,39.857,0.9369,1.024,2.411,72
lines_1px,1,d-6,30,24,30,-2,2402,4050,45.607,freerdp30,,39.19,40.8,39.923,0.937,1.017,2.4,72
lines_1px,1,d-6,30,24,30,-2,2402,4050,45.607,always,,38.93,40.91,39.805,0.9176,1.151,2.743,66
lines_1px,1,d-6,30,24,30,-2,2402,4050,45.607,adaptive,0.4,40.34,41.79,41.003,0.9374,0.912,2.261,72
lines_1px,1,d-6,34,28,34,-2,2178,3477,72.36,none,,22.67,23.44,23.036,0.8067,2.593,6.021,145
lines_1px,1,d-6,34,28,34,-2,2178,3477,72.36,spec30,,36.41,37.99,37.129,0.9085,1.702,3.681,134
lines_1px,1,d-6,34,28,34,-2,2178,3477,72.36,freerdp30,,36.35,37.98,37.091,0.9083,1.711,3.693,134
lines_1px,1,d-6,34,28,34,-2,2178,3477,72.36,always,,36.04,37.38,36.661,0.8578,2.01,4.196,93
lines_1px,1,d-6,34,28,34,-2,2178,3477,72.36,adaptive,0.4,36.31,37.97,37.059,0.9082,1.714,3.698,134
lines_1px,1,d-12,18,6,18,-2,3853,6697,9.055,none,,22.75,23.5,23.107,0.8546,1.54,3.829,145
lines_1px,1,d-12,18,6,18,-2,3853,6697,9.055,spec30,,47.21,48.34,47.734,0.9858,0.367,0.974,53
lines_1px,1,d-12,18,6,18,-2,3853,6697,9.055,freerdp30,,47.21,48.46,47.787,0.9859,0.366,0.973,50
lines_1px,1,d-12,18,6,18,-2,3853,6697,9.055,always,,48.7,48.67,48.685,0.9937,0.36,0.94,21
lines_1px,1,d-12,18,6,18,-2,3853,6697,9.055,adaptive,0.4,48.38,48.78,48.573,0.993,0.339,0.907,25
lines_1px,1,d-12,22,10,22,-2,3493,5881,14.577,none,,22.74,23.5,23.104,0.8517,1.602,3.965,145
lines_1px,1,d-12,22,10,22,-2,3493,5881,14.577,spec30,,44.76,43.99,44.357,0.9807,0.515,1.248,61
lines_1px,1,d-12,22,10,22,-2,3493,5881,14.577,freerdp30,,45.51,44.38,44.909,0.9812,0.505,1.22,61
lines_1px,1,d-12,22,10,22,-2,3493,5881,14.577,always,,47.1,47.48,47.286,0.9877,0.477,1.147,25
lines_1px,1,d-12,22,10,22,-2,3493,5881,14.577,adaptive,0.4,47.05,47.69,47.356,0.9884,0.426,1.08,27
lines_1px,1,d-12,26,14,26,-2,3136,4880,23.195,none,,22.73,23.49,23.095,0.8449,1.759,4.316,146
lines_1px,1,d-12,26,14,26,-2,3136,4880,23.195,spec30,,43.49,42.16,42.775,0.9715,0.689,1.645,61
lines_1px,1,d-12,26,14,26,-2,3136,4880,23.195,freerdp30,,43.53,42.47,42.967,0.972,0.684,1.631,61
lines_1px,1,d-12,26,14,26,-2,3136,4880,23.195,always,,43.36,43.74,43.548,0.9677,0.752,1.755,37
lines_1px,1,d-12,26,14,26,-2,3136,4880,23.195,adaptive,0.4,43.9,44.21,44.053,0.9747,0.629,1.554,37
lines_1px,1,d-12,30,18,30,-2,2853,4074,36.222,none,,22.7,23.47,23.069,0.8291,1.976,4.84,145
lines_1px,1,d-12,30,18,30,-2,2853,4074,36.222,spec30,,39.69,40.88,40.242,0.9525,0.986,2.282,61
lines_1px,1,d-12,30,18,30,-2,2853,4074,36.222,freerdp30,,39.69,40.96,40.278,0.9527,0.985,2.277,61
lines_1px,1,d-12,30,18,30,-2,2853,4074,36.222,always,,40.72,41.17,40.939,0.9401,1.084,2.39,49
lines_1px,1,d-12,30,18,30,-2,2853,4074,36.222,adaptive,0.4,40.99,41.89,41.415,0.9513,0.897,2.156,57
lines_1px,1,d-12,34,22,34,-2,2457,3464,56.639,none,,22.63,23.44,23.015,0.8094,2.406,5.647,148
lines_1px,1,d-12,34,22,34,-2,2457,3464,56.639,spec30,,37.94,39.49,38.641,0.9268,1.344,3.004,99
lines_1px,1,d-12,34,22,34,-2,2457,3464,56.639,freerdp30,,37.95,39.54,38.672,0.927,1.343,2.998,99
lines_1px,1,d-12,34,22,34,-2,2457,3464,56.639,always,,37.07,38.96,37.909,0.8858,1.706,3.579,66
lines_1px,1,d-12,34,22,34,-2,2457,3464,56.639,adaptive,0.4,37.82,39.59,38.617,0.924,1.394,3.051,66
lines_1px,1,c-6,18,18,18,-6,3067,6936,12.5,none,,22.75,23.49,23.106,0.8531,1.581,3.931,145
lines_1px,1,c-6,18,18,18,-6,3067,6936,12.5,spec30,,43.61,47.18,45.038,0.9829,0.488,1.185,61
lines_1px,1,c-6,18,18,18,-6,3067,6936,12.5,freerdp30,,43.62,47.53,45.146,0.9829,0.483,1.179,61
lines_1px,1,c-6,18,18,18,-6,3067,6936,12.5,always,,48.05,47.42,47.725,0.9879,0.456,1.127,30
lines_1px,1,c-6,18,18,18,-6,3067,6936,12.5,adaptive,0.4,48.55,47.69,48.098,0.9901,0.406,1.046,27
lines_1px,1,c-6,22,22,22,-6,2780,6211,20.0,none,,22.72,23.51,23.097,0.8505,1.624,4.0,146
lines_1px,1,c-6,22,22,22,-6,2780,6211,20.0,spec30,,44.82,45.15,44.986,0.9799,0.517,1.253,64
lines_1px,1,c-6,22,22,22,-6,2780,6211,20.0,freerdp30,,44.87,45.21,45.038,0.98,0.516,1.251,62
lines_1px,1,c-6,22,22,22,-6,2780,6211,20.0,always,,45.5,47.2,46.266,0.9796,0.539,1.265,33
lines_1px,1,c-6,22,22,22,-6,2780,6211,20.0,adaptive,0.4,45.51,48.41,46.724,0.9849,0.447,1.145,33
lines_1px,1,c-6,26,26,26,-6,2434,5133,32.5,none,,22.71,23.49,23.084,0.8433,1.786,4.318,147
lines_1px,1,c-6,26,26,26,-6,2434,5133,32.5,spec30,,41.17,42.92,41.957,0.9663,0.714,1.714,72
lines_1px,1,c-6,26,26,26,-6,2434,5133,32.5,freerdp30,,41.23,43.02,42.037,0.9664,0.709,1.706,72
lines_1px,1,c-6,26,26,26,-6,2434,5133,32.5,always,,42.65,42.9,42.771,0.954,0.799,1.855,46
lines_1px,1,c-6,26,26,26,-6,2434,5133,32.5,adaptive,0.4,43.76,43.58,43.666,0.9683,0.661,1.597,46
lines_1px,1,c-6,30,30,30,-6,2237,4263,50.0,none,,22.71,23.45,23.066,0.8168,2.181,5.072,153
lines_1px,1,c-6,30,30,30,-6,2237,4263,50.0,spec30,,40.67,39.18,39.86,0.9303,1.18,2.532,153
lines_1px,1,c-6,30,30,30,-6,2237,4263,50.0,freerdp30,,40.76,39.75,40.227,0.9304,1.124,2.461,97
lines_1px,1,c-6,30,30,30,-6,2237,4263,50.0,always,,39.68,39.38,39.528,0.8993,1.423,2.881,97
lines_1px,1,c-6,30,30,30,-6,2237,4263,50.0,adaptive,0.4,41.23,40.4,40.793,0.9282,1.106,2.412,97
lines_1px,1,c-6,34,34,34,-6,1972,3590,80.0,none,,22.55,23.45,22.974,0.7675,2.755,6.418,161
lines_1px,1,c-6,34,34,34,-6,1972,3590,80.0,spec30,,36.59,37.56,37.051,0.8673,1.839,3.979,145
lines_1px,1,c-6,34,34,34,-6,1972,3590,80.0,freerdp30,,36.63,37.57,37.074,0.8672,1.837,3.974,124
lines_1px,1,c-6,34,34,34,-6,1972,3590,80.0,always,,36.14,36.66,36.393,0.8141,2.237,4.466,110
lines_1px,1,c-6,34,34,34,-6,1972,3590,80.0,adaptive,0.4,36.52,37.57,37.015,0.8677,1.847,3.993,145
lines_1px,1,c-12,18,18,18,-12,3512,7398,8.75,none,,22.75,23.49,23.106,0.8534,1.569,3.905,145
lines_1px,1,c-12,18,18,18,-12,3512,7398,8.75,spec30,,47.51,47.41,47.456,0.9848,0.399,1.056,59
lines_1px,1,c-12,18,18,18,-12,3512,7398,8.75,freerdp30,,47.6,47.59,47.597,0.9849,0.397,1.052,52
lines_1px,1,c-12,18,18,18,-12,3512,7398,8.75,always,,49.15,47.87,48.467,0.9926,0.387,1.007,23
lines_1px,1,c-12,18,18,18,-12,3512,7398,8.75,adaptive,0.4,48.92,47.95,48.406,0.9922,0.37,0.986,25
lines_1px,1,c-12,22,22,22,-12,3124,6544,14.0,none,,22.74,23.5,23.102,0.851,1.617,3.995,145
lines_1px,1,c-12,22,22,22,-12,3124,6544,14.0,spec30,,44.93,44.79,44.862,0.9816,0.513,1.242,64
lines_1px,1,c-12,22,22,22,-12,3124,6544,14.0,freerdp30,,44.98,45.0,44.992,0.9817,0.508,1.235,64
lines_1px,1,c-12,22,22,22,-12,3124,6544,14.0,always,,45.87,47.64,46.663,0.9855,0.511,1.231,25
lines_1px,1,c-12,22,22,22,-12,3124,6544,14.0,adaptive,0.4,45.9,48.41,46.974,0.9877,0.446,1.124,25
lines_1px,1,c-12,26,26,26,-12,2790,5518,22.75,none,,22.74,23.48,23.095,0.8432,1.758,4.26,145
lines_1px,1,c-12,26,26,26,-12,2790,5518,22.75,spec30,,44.59,42.0,43.106,0.9694,0.691,1.588,73
lines_1px,1,c-12,26,26,26,-12,2790,5518,22.75,freerdp30,,44.72,43.55,44.095,0.9698,0.621,1.501,73
lines_1px,1,c-12,26,26,26,-12,2790,5518,22.75,always,,44.95,43.18,43.975,0.9638,0.709,1.622,45
lines_1px,1,c-12,26,26,26,-12,2790,5518,22.75,adaptive,0.4,45.25,43.62,44.355,0.9715,0.614,1.484,45
lines_1px,1,c-12,30,30,30,-12,2586,4595,35.0,none,,22.71,23.45,23.065,0.8215,2.099,4.939,147
lines_1px,1,c-12,30,30,30,-12,2586,4595,35.0,spec30,,39.74,39.19,39.46,0.9362,1.122,2.449,70
lines_1px,1,c-12,30,30,30,-12,2586,4595,35.0,freerdp30,,39.86,39.76,39.811,0.9374,1.103,2.399,70
lines_1px,1,c-12,30,30,30,-12,2586,4595,35.0,always,,41.11,40.44,40.766,0.9242,1.21,2.515,45
lines_1px,1,c-12,30,30,30,-12,2586,4595,35.0,adaptive,0.4,41.73,40.84,41.267,0.9379,1.017,2.239,55
lines_1px,1,c-12,34,34,34,-12,2290,3851,56.0,none,,22.63,23.42,23.007,0.7724,2.601,6.182,151
lines_1px,1,c-12,34,34,34,-12,2290,3851,56.0,spec30,,37.82,37.4,37.603,0.8789,1.59,3.648,76
lines_1px,1,c-12,34,34,34,-12,2290,3851,56.0,freerdp30,,37.85,37.41,37.624,0.8789,1.587,3.643,76
lines_1px,1,c-12,34,34,34,-12,2290,3851,56.0,always,,36.7,38.19,37.383,0.8462,1.863,4.017,75
lines_1px,1,c-12,34,34,34,-12,2290,3851,56.0,adaptive,0.4,37.97,38.89,38.405,0.8802,1.502,3.481,76
lines_1px,2,d0,18,18,18,-2,2852,2265,17.944,none,,22.74,23.5,23.102,0.8528,1.576,3.915,145
lines_1px,2,d0,18,18,18,-2,2852,2265,17.944,spec30,,47.3,47.3,47.301,0.9828,0.41,1.092,61
lines_1px,2,d0,18,18,18,-2,2852,2265,17.944,freerdp30,,47.3,47.3,47.301,0.9828,0.41,1.092,61
lines_1px,2,d0,18,18,18,-2,2852,2265,17.944,always,,49.0,46.47,47.549,0.9857,0.461,1.121,30
lines_1px,2,d0,18,18,18,-2,2852,2265,17.944,adaptive,0.4,49.9,47.29,48.403,0.9929,0.388,1.02,30
lines_1px,2,d0,22,22,22,-2,2456,1995,29.09,none,,22.71,23.51,23.091,0.8493,1.643,4.174,148
lines_1px,2,d0,22,22,22,-2,2456,1995,29.09,spec30,,40.1,46.07,42.131,0.977,0.624,1.614,66
lines_1px,2,d0,22,22,22,-2,2456,1995,29.09,freerdp30,,41.27,46.25,43.078,0.9782,0.562,1.529,66
lines_1px,2,d0,22,22,22,-2,2456,1995,29.09,always,,44.11,46.74,45.227,0.9768,0.591,1.525,43
lines_1px,2,d0,22,22,22,-2,2456,1995,29.09,adaptive,0.4,44.12,47.84,45.598,0.9825,0.493,1.385,43
lines_1px,2,d0,26,26,26,-2,2275,1735,45.144,none,,22.73,23.49,23.096,0.8376,1.789,4.348,152
lines_1px,2,d0,26,26,26,-2,2275,1735,45.144,spec30,,43.45,42.74,43.08,0.9599,0.699,1.706,80
lines_1px,2,d0,26,26,26,-2,2275,1735,45.144,freerdp30,,43.53,42.76,43.128,0.9599,0.696,1.702,80
lines_1px,2,d0,26,26,26,-2,2275,1735,45.144,always,,43.45,42.07,42.705,0.9376,0.925,1.973,75
lines_1px,2,d0,26,26,26,-2,2275,1735,45.144,adaptive,0.4,44.73,43.76,44.217,0.9608,0.677,1.643,80
lines_1px,2,d0,30,30,30,-2,2037,1472,71.777,none,,22.63,23.52,23.053,0.8109,2.118,4.974,160
lines_1px,2,d0,30,30,30,-2,2037,1472,71.777,spec30,,39.77,40.49,40.115,0.9186,1.17,2.499,147
lines_1px,2,d0,30,30,30,-2,2037,1472,71.777,freerdp30,,39.76,40.44,40.086,0.9185,1.17,2.503,147
lines_1px,2,d0,30,30,30,-2,2037,1472,71.777,always,,39.1,38.17,38.609,0.8719,1.528,3.149,119
lines_1px,2,d0,30,30,30,-2,2037,1472,71.777,adaptive,0.4,40.09,40.42,40.252,0.9181,1.153,2.479,147
lines_1px,2,d0,34,34,34,-2,1824,1283,101.371,none,,22.64,23.57,23.083,0.7595,2.647,6.44,163
lines_1px,2,d0,34,34,34,-2,1824,1283,101.371,spec30,,36.38,37.41,36.865,0.8537,1.742,4.164,157
lines_1px,2,d0,34,34,34,-2,1824,1283,101.371,freerdp30,,36.31,37.38,36.811,0.853,1.754,4.179,157
lines_1px,2,d0,34,34,34,-2,1824,1283,101.371,always,,34.24,35.98,35.02,0.8124,2.33,5.135,157
lines_1px,2,d0,34,34,34,-2,1824,1283,101.371,adaptive,0.4,36.33,37.39,36.827,0.856,1.73,4.177,158
lines_1px,2,d-3,18,15,18,-2,2987,2257,13.675,none,,22.75,23.49,23.104,0.8529,1.531,3.778,147
lines_1px,2,d-3,18,15,18,-2,2987,2257,13.675,spec30,,47.27,47.21,47.24,0.9834,0.369,0.949,63
lines_1px,2,d-3,18,15,18,-2,2987,2257,13.675,freerdp30,,47.27,47.21,47.24,0.9834,0.369,0.949,63
lines_1px,2,d-3,18,15,18,-2,2987,2257,13.675,always,,49.34,47.13,48.097,0.9901,0.408,0.982,22
lines_1px,2,d-3,18,15,18,-2,2987,2257,13.675,adaptive,0.4,49.69,47.54,48.484,0.9911,0.356,0.894,22
lines_1px,2,d-3,22,19,22,-2,2740,1996,22.232,none,,22.75,23.5,23.108,0.8521,1.654,4.138,146
lines_1px,2,d-3,22,19,22,-2,2740,1996,22.232,spec30,,42.24,42.83,42.526,0.9759,0.661,1.564,63
lines_1px,2,d-3,22,19,22,-2,2740,1996,22.232,freerdp30,,44.35,42.97,43.605,0.9774,0.596,1.475,63
lines_1px,2,d-3,22,19,22,-2,2740,1996,22.232,always,,46.35,45.13,45.696,0.9807,0.594,1.447,37
lines_1px,2,d-3,22,19,22,-2,2740,1996,22.232,adaptive,0.4,47.48,45.96,46.652,0.9879,0.493,1.288,37
lines_1px,2,d-3,26,23,26,-2,2431,1725,34.957,none,,22.74,23.48,23.097,0.8416,1.743,4.257,151
lines_1px,2,d-3,26,23,26,-2,2431,1725,34.957,spec30,,44.13,43.05,43.559,0.9655,0.65,1.601,70
lines_1px,2,d-3,26,23,26,-2,2431,1725,34.957,freerdp30,,44.18,43.3,43.717,0.9658,0.645,1.591,70
lines_1px,2,d-3,26,23,26,-2,2431,1725,34.957,always,,45.04,42.57,43.636,0.9551,0.827,1.839,74
lines_1px,2,d-3,26,23,26,-2,2431,1725,34.957,adaptive,0.4,46.24,44.1,45.038,0.9722,0.627,1.51,68
lines_1px,2,d-3,30,27,30,-2,2219,1477,54.699,none,,22.71,23.49,23.082,0.8144,1.965,4.863,152
lines_1px,2,d-3,30,27,30,-2,2219,1477,54.699,spec30,,40.11,41.19,40.615,0.9329,0.945,2.333,140
lines_1px,2,d-3,30,27,30,-2,2219,1477,54.699,freerdp30,,40.11,41.32,40.671,0.9332,0.943,2.326,140
lines_1px,2,d-3,30,27,30,-2,2219,1477,54.699,always,,39.56,41.39,40.381,0.9094,1.165,2.571,86
lines_1px,2,d-3,30,27,30,-2,2219,1477,54.699,adaptive,0.4,41.22,43.09,42.057,0.9354,0.891,2.207,86
lines_1px,2,d-3,34,31,34,-2,1946,1271,87.841,none,,22.58,23.59,23.057,0.7939,2.367,5.755,157
lines_1px,2,d-3,34,31,34,-2,1946,1271,87.841,spec30,,37.72,40.05,38.728,0.9016,1.405,3.304,155
lines_1px,2,d-3,34,31,34,-2,1946,1271,87.841,freerdp30,,37.99,40.04,38.895,0.9015,1.394,3.273,155
lines_1px,2,d-3,34,31,34,-2,1946,1271,87.841,always,,35.98,37.45,36.65,0.8421,1.934,4.199,111
lines_1px,2,d-3,34,31,34,-2,1946,1271,87.841,adaptive,0.4,37.22,39.62,38.26,0.9014,1.437,3.398,155
lines_1px,2,d-6,18,12,18,-2,3288,2257,11.402,none,,22.75,23.5,23.107,0.8533,1.534,3.823,145
lines_1px,2,d-6,18,12,18,-2,3288,2257,11.402,spec30,,47.16,47.64,47.393,0.9847,0.362,0.979,62
lines_1px,2,d-6,18,12,18,-2,3288,2257,11.402,freerdp30,,47.16,47.64,47.393,0.9847,0.362,0.979,62
lines_1px,2,d-6,18,12,18,-2,3288,2257,11.402,always,,49.65,47.38,48.369,0.9949,0.39,0.99,14
lines_1px,2,d-6,18,12,18,-2,3288,2257,11.402,adaptive,0.4,50.12,48.22,49.066,0.996,0.332,0.889,15
lines_1px,2,d-6,22,16,22,-2,2886,2001,18.419,none,,22.75,23.49,23.103,0.8499,1.604,4.013,145
lines_1px,2,d-6,22,16,22,-2,2886,2001,18.419,spec30,,44.8,44.36,44.577,0.98,0.528,1.306,65
lines_1px,2,d-6,22,16,22,-2,2886,2001,18.419,freerdp30,,44.9,44.53,44.71,0.98,0.523,1.298,65
lines_1px,2,d-6,22,16,22,-2,2886,2001,18.419,always,,47.79,46.1,46.865,0.9848,0.522,1.267,42
lines_1px,2,d-6,22,16,22,-2,2886,2001,18.419,adaptive,0.4,47.86,47.09,47.458,0.9883,0.441,1.153,42
lines_1px,2,d-6,26,20,26,-2,2707,1727,28.948,none,,22.74,23.49,23.097,0.8404,1.696,4.247,149
lines_1px,2,d-6,26,20,26,-2,2707,1727,28.948,spec30,,41.48,42.71,42.048,0.965,0.694,1.717,63
lines_1px,2,d-6,26,20,26,-2,2707,1727,28.948,freerdp30,,43.07,44.27,43.627,0.9674,0.611,1.587,62
lines_1px,2,d-6,26,20,26,-2,2707,1727,28.948,always,,44.73,45.31,45.013,0.9652,0.703,1.667,33
lines_1px,2,d-6,26,20,26,-2,2707,1727,28.948,adaptive,0.4,45.43,46.69,46.014,0.9769,0.552,1.442,33
lines_1px,2,d-6,30,24,30,-2,2402,1469,45.607,none,,22.71,23.51,23.087,0.8239,1.874,4.687,150
lines_1px,2,d-6,30,24,30,-2,2402,1469,45.607,spec30,,41.99,42.2,42.093,0.9459,0.786,2.009,70
lines_1px,2,d-6,30,24,30,-2,2402,1469,45.607,freerdp30,,42.07,42.23,42.151,0.9459,0.784,2.004,70
lines_1px,2,d-6,30,24,30,-2,2402,1469,45.607,always,,40.63,42.51,41.471,0.9305,0.983,2.447,56
lines_1px,2,d-6,30,24,30,-2,2402,1469,45.607,adaptive,0.4,42.47,43.92,43.131,0.9469,0.747,1.926,64
lines_1px,2,d-6,34,28,34,-2,2178,1293,72.36,none,,22.7,23.49,23.076,0.7975,2.31,5.581,145
lines_1px,2,d-6,34,28,34,-2,2178,1293,72.36,spec30,,38.48,40.11,39.22,0.9043,1.287,3.076,140
lines_1px,2,d-6,34,28,34,-2,2178,1293,72.36,freerdp30,,38.41,40.14,39.193,0.9038,1.293,3.086,140
lines_1px,2,d-6,34,28,34,-2,2178,1293,72.36,always,,37.46,39.18,38.236,0.8536,1.707,3.647,94
lines_1px,2,d-6,34,28,34,-2,2178,1293,72.36,adaptive,0.4,38.42,40.16,39.2,0.9038,1.293,3.084,140
lines_1px,2,d-12,18,6,18,-2,3853,2257,9.055,none,,22.75,23.5,23.107,0.8545,1.524,3.804,145
lines_1px,2,d-12,18,6,18,-2,3853,2257,9.055,spec30,,47.26,48.02,47.622,0.9857,0.352,0.956,60
lines_1px,2,d-12,18,6,18,-2,3853,2257,9.055,freerdp30,,47.26,48.02,47.622,0.9857,0.352,0.956,60
lines_1px,2,d-12,18,6,18,-2,3853,2257,9.055,always,,49.98,48.45,49.144,0.9973,0.336,0.885,14
lines_1px,2,d-12,18,6,18,-2,3853,2257,9.055,adaptive,0.4,50.25,48.52,49.304,0.9981,0.315,0.85,14
lines_1px,2,d-12,22,10,22,-2,3493,2004,14.577,none,,22.74,23.5,23.104,0.8515,1.578,4.014,145
lines_1px,2,d-12,22,10,22,-2,3493,2004,14.577,spec30,,44.36,43.61,43.973,0.9812,0.51,1.317,61
lines_1px,2,d-12,22,10,22,-2,3493,2004,14.577,freerdp30,,44.5,43.85,44.162,0.9813,0.502,1.305,61
lines_1px,2,d-12,22,10,22,-2,3493,2004,14.577,always,,47.58,47.63,47.606,0.9903,0.435,1.144,28
lines_1px,2,d-12,22,10,22,-2,3493,2004,14.577,adaptive,0.4,47.68,47.86,47.77,0.9936,0.397,1.1,28
lines_1px,2,d-12,26,14,26,-2,3136,1727,23.195,none,,22.74,23.49,23.099,0.8426,1.685,4.24,146
lines_1px,2,d-12,26,14,26,-2,3136,1727,23.195,spec30,,41.79,45.19,43.168,0.9706,0.622,1.584,61
lines_1px,2,d-12,26,14,26,-2,3136,1727,23.195,freerdp30,,44.28,46.47,45.241,0.9728,0.548,1.458,61
lines_1px,2,d-12,26,14,26,-2,3136,1727,23.195,always,,45.37,45.86,45.609,0.9728,0.637,1.541,37
lines_1px,2,d-12,26,14,26,-2,3136,1727,23.195,adaptive,0.4,45.93,46.56,46.234,0.982,0.528,1.391,37
lines_1px,2,d-12,30,18,30,-2,2853,1467,36.222,none,,22.72,23.49,23.086,0.8294,1.837,4.597,145
lines_1px,2,d-12,30,18,30,-2,2853,1467,36.222,spec30,,42.58,42.82,42.698,0.9544,0.741,1.906,59
lines_1px,2,d-12,30,18,30,-2,2853,1467,36.222,freerdp30,,42.71,42.85,42.78,0.9545,0.736,1.899,59
lines_1px,2,d-12,30,18,30,-2,2853,1467,36.222,always,,43.76,42.33,42.983,0.9433,0.909,2.08,45
lines_1px,2,d-12,30,18,30,-2,2853,1467,36.222,adaptive,0.4,44.25,43.79,44.014,0.9618,0.694,1.798,57
lines_1px,2,d-12,34,22,34,-2,2457,1287,56.639,none,,22.66,23.47,23.048,0.8118,2.13,5.421,148
lines_1px,2,d-12,34,22,34,-2,2457,1287,56.639,spec30,,39.56,41.51,40.428,0.9333,1.03,2.742,115
lines_1px,2,d-12,34,22,34,-2,2457,1287,56.639,freerdp30,,39.57,41.53,40.439,0.9332,1.028,2.74,115
lines_1px,2,d-12,34,22,34,-2,2457,1287,56.639,always,,39.02,40.64,39.755,0.8962,1.397,3.18,115
lines_1px,2,d-12,34,22,34,-2,2457,1287,56.639,adaptive,0.4,39.81,42.05,40.789,0.9312,1.033,2.715,115
lines_1px,2,c-6,18,18,18,-6,3067,2490,12.5,none,,22.75,23.5,23.107,0.8536,1.559,3.896,145
lines_1px,2,c-6,18,18,18,-6,3067,2490,12.5,spec30,,43.89,47.09,45.201,0.9833,0.456,1.145,61
lines_1px,2,c-6,18,18,18,-6,3067,2490,12.5,freerdp30,,47.15,47.24,47.194,0.9846,0.399,1.065,61
lines_1px,2,c-6,18,18,18,-6,3067,2490,12.5,always,,49.34,47.22,48.154,0.993,0.42,1.059,19
lines_1px,2,c-6,18,18,18,-6,3067,2490,12.5,adaptive,0.4,50.72,47.48,48.805,0.9955,0.365,0.977,19
lines_1px,2,c-6,22,22,22,-6,2780,2175,20.0,none,,22.72,23.51,23.096,0.8502,1.626,4.14,146
lines_1px,2,c-6,22,22,22,-6,2780,2175,20.0,spec30,,41.86,44.53,42.99,0.9792,0.616,1.526,64
lines_1px,2,c-6,22,22,22,-6,2780,2175,20.0,freerdp30,,44.42,45.21,44.795,0.9806,0.517,1.395,64
lines_1px,2,c-6,22,22,22,-6,2780,2175,20.0,always,,45.41,47.72,46.413,0.9839,0.513,1.343,44
lines_1px,2,c-6,22,22,22,-6,2780,2175,20.0,adaptive,0.4,45.66,48.8,46.955,0.9908,0.44,1.251,44
lines_1px,2,c-6,26,26,26,-6,2434,1929,32.5,none,,22.71,23.5,23.088,0.8429,1.726,4.256,147
lines_1px,2,c-6,26,26,26,-6,2434,1929,32.5,spec30,,42.38,44.41,43.275,0.9668,0.649,1.597,72
lines_1px,2,c-6,26,26,26,-6,2434,1929,32.5,freerdp30,,44.62,44.61,44.615,0.968,0.587,1.51,72
lines_1px,2,c-6,26,26,26,-6,2434,1929,32.5,always,,44.94,43.98,44.434,0.9653,0.717,1.665,45
lines_1px,2,c-6,26,26,26,-6,2434,1929,32.5,adaptive,0.4,44.99,44.89,44.939,0.9705,0.582,1.49,65
lines_1px,2,c-6,30,30,30,-6,2237,1704,50.0,none,,22.73,23.48,23.087,0.818,2.008,4.728,153
lines_1px,2,c-6,30,30,30,-6,2237,1704,50.0,spec30,,42.78,41.26,41.956,0.932,0.945,2.11,79
lines_1px,2,c-6,30,30,30,-6,2237,1704,50.0,freerdp30,,42.85,41.26,41.985,0.932,0.944,2.108,79
lines_1px,2,c-6,30,30,30,-6,2237,1704,50.0,always,,42.16,40.56,41.285,0.9065,1.239,2.482,75
lines_1px,2,c-6,30,30,30,-6,2237,1704,50.0,adaptive,0.4,43.88,41.99,42.831,0.9331,0.912,2.044,75
lines_1px,2,c-6,34,34,34,-6,1972,1426,80.0,none,,22.59,23.48,23.011,0.7675,2.52,6.191,161
lines_1px,2,c-6,34,34,34,-6,1972,1426,80.0,spec30,,38.68,38.7,38.691,0.8759,1.498,3.661,145
lines_1px,2,c-6,34,34,34,-6,1972,1426,80.0,freerdp30,,38.69,38.81,38.749,0.8757,1.486,3.646,145
lines_1px,2,c-6,34,34,34,-6,1972,1426,80.0,always,,37.41,37.26,37.337,0.8312,1.957,4.226,124
lines_1px,2,c-6,34,34,34,-6,1972,1426,80.0,adaptive,0.4,37.93,38.58,38.246,0.8746,1.561,3.761,145
lines_1px,2,c-12,18,18,18,-12,3512,2880,8.75,none,,22.75,23.5,23.107,0.8538,1.547,3.87,145
lines_1px,2,c-12,18,18,18,-12,3512,2880,8.75,spec30,,47.64,47.29,47.463,0.9854,0.376,1.024,60
lines_1px,2,c-12,18,18,18,-12,3512,2880,8.75,freerdp30,,47.64,47.29,47.463,0.9854,0.376,1.024,60
lines_1px,2,c-12,18,18,18,-12,3512,2880,8.75,always,,50.79,47.62,48.922,0.9973,0.358,0.947,13
lines_1px,2,c-12,18,18,18,-12,3512,2880,8.75,adaptive,0.4,51.24,47.7,49.12,0.998,0.341,0.921,13
lines_1px,2,c-12,22,22,22,-12,3124,2521,14.0,none,,22.74,23.5,23.101,0.8509,1.612,4.116,145
lines_1px,2,c-12,22,22,22,-12,3124,2521,14.0,spec30,,42.7,43.94,43.276,0.9814,0.551,1.454,64
lines_1px,2,c-12,22,22,22,-12,3124,2521,14.0,freerdp30,,44.6,45.11,44.844,0.9827,0.501,1.357,64
lines_1px,2,c-12,22,22,22,-12,3124,2521,14.0,always,,45.91,47.61,46.675,0.9894,0.488,1.329,29
lines_1px,2,c-12,22,22,22,-12,3124,2521,14.0,adaptive,0.4,46.07,49.03,47.302,0.9936,0.425,1.207,29
lines_1px,2,c-12,26,26,26,-12,2790,2244,22.75,none,,22.74,23.49,23.099,0.843,1.704,4.216,145
lines_1px,2,c-12,26,26,26,-12,2790,2244,22.75,spec30,,45.15,44.27,44.686,0.9697,0.571,1.456,73
lines_1px,2,c-12,26,26,26,-12,2790,2244,22.75,freerdp30,,45.21,44.29,44.726,0.9697,0.57,1.453,73
lines_1px,2,c-12,26,26,26,-12,2790,2244,22.75,always,,47.09,44.02,45.287,0.9732,0.656,1.539,39
lines_1px,2,c-12,26,26,26,-12,2790,2244,22.75,adaptive,0.4,47.29,44.93,45.949,0.9788,0.541,1.373,39
lines_1px,2,c-12,30,30,30,-12,2586,1986,35.0,none,,22.73,23.47,23.087,0.823,1.938,4.606,147
lines_1px,2,c-12,30,30,30,-12,2586,1986,35.0,spec30,,41.16,40.87,41.012,0.9383,0.915,2.07,70
lines_1px,2,c-12,30,30,30,-12,2586,1986,35.0,freerdp30,,41.3,40.96,41.125,0.9384,0.906,2.056,70
lines_1px,2,c-12,30,30,30,-12,2586,1986,35.0,always,,44.22,41.17,42.433,0.931,1.041,2.244,50
lines_1px,2,c-12,30,30,30,-12,2586,1986,35.0,adaptive,0.4,45.3,42.63,43.763,0.9478,0.804,1.827,50
lines_1px,2,c-12,34,34,34,-12,2290,1740,56.0,none,,22.67,23.46,23.045,0.7741,2.372,5.963,151
lines_1px,2,c-12,34,34,34,-12,2290,1740,56.0,spec30,,39.69,38.67,39.149,0.8851,1.333,3.371,105
lines_1px,2,c-12,34,34,34,-12,2290,1740,56.0,freerdp30,,39.7,38.77,39.207,0.8853,1.33,3.362,105
lines_1px,2,c-12,34,34,34,-12,2290,1740,56.0,always,,39.16,39.24,39.199,0.8635,1.549,3.609,105
lines_1px,2,c-12,34,34,34,-12,2290,1740,56.0,adaptive,0.4,40.13,39.13,39.6,0.8866,1.312,3.304,105
solid_patches,1,d0,18,18,18,-2,785,350,17.944,none,,49.8,51.1,50.401,0.9998,0.455,0.903,5
solid_patches,1,d0,18,18,18,-2,785,350,17.944,spec30,,49.8,51.1,50.401,0.9998,0.455,0.903,5
solid_patches,1,d0,18,18,18,-2,785,350,17.944,freerdp30,,49.8,51.1,50.401,0.9998,0.455,0.903,5
solid_patches,1,d0,18,18,18,-2,785,350,17.944,always,,49.56,50.97,50.209,0.9993,0.503,0.946,13
solid_patches,1,d0,18,18,18,-2,785,350,17.944,adaptive,0.4,49.8,51.1,50.401,0.9998,0.455,0.903,5
solid_patches,1,d0,22,22,22,-2,779,346,29.09,none,,49.75,50.9,50.286,0.9995,0.479,0.923,5
solid_patches,1,d0,22,22,22,-2,779,346,29.09,spec30,,49.75,50.9,50.286,0.9995,0.479,0.923,5
solid_patches,1,d0,22,22,22,-2,779,346,29.09,freerdp30,,49.75,50.9,50.286,0.9995,0.479,0.923,5
solid_patches,1,d0,22,22,22,-2,779,346,29.09,always,,49.19,50.35,49.73,0.9974,0.534,0.974,14
solid_patches,1,d0,22,22,22,-2,779,346,29.09,adaptive,0.4,49.75,50.9,50.286,0.9995,0.479,0.923,5
solid_patches,1,d0,26,26,26,-2,765,330,45.144,none,,49.21,50.73,49.903,0.998,0.541,1.021,10
solid_patches,1,d0,26,26,26,-2,765,330,45.144,spec30,,49.21,50.73,49.903,0.998,0.541,1.021,10
solid_patches,1,d0,26,26,26,-2,765,330,45.144,freerdp30,,49.21,50.73,49.903,0.998,0.541,1.021,10
solid_patches,1,d0,26,26,26,-2,765,330,45.144,always,,47.75,49.34,48.47,0.9926,0.672,1.193,26
solid_patches,1,d0,26,26,26,-2,765,330,45.144,adaptive,0.4,49.21,50.73,49.903,0.998,0.541,1.021,10
solid_patches,1,d0,30,30,30,-2,751,281,71.777,none,,48.36,46.62,47.407,0.9889,0.699,1.337,21
solid_patches,1,d0,30,30,30,-2,751,281,71.777,spec30,,48.36,46.62,47.407,0.9889,0.699,1.337,21
solid_patches,1,d0,30,30,30,-2,751,281,71.777,freerdp30,,48.36,46.62,47.407,0.9889,0.699,1.337,21
solid_patches,1,d0,30,30,30,-2,751,281,71.777,always,,43.84,45.27,44.496,0.954,0.873,1.772,46
solid_patches,1,d0,30,30,30,-2,751,281,71.777,adaptive,0.4,48.36,46.62,47.407,0.9889,0.699,1.337,21
solid_patches,1,d0,34,34,34,-2,745,262,101.371,none,,47.49,45.63,46.461,0.9692,1.31,2.225,19
solid_patches,1,d0,34,34,34,-2,745,262,101.371,spec30,,47.49,45.63,46.461,0.9692,1.31,2.225,19
solid_patches,1,d0,34,34,34,-2,745,262,101.371,freerdp30,,47.49,45.63,46.461,0.9692,1.31,2.225,19
solid_patches,1,d0,34,34,34,-2,745,262,101.371,always,,40.09,42.74,41.214,0.9034,1.903,3.441,46
solid_patches,1,d0,34,34,34,-2,745,262,101.371,adaptive,0.4,47.49,45.63,46.461,0.9692,1.31,2.225,19
solid_patches,1,d-3,18,15,18,-2,798,350,13.675,none,,49.81,51.09,50.401,0.9998,0.451,0.902,5
solid_patches,1,d-3,18,15,18,-2,798,350,13.675,spec30,,49.81,51.09,50.401,0.9998,0.451,0.902,5
solid_patches,1,d-3,18,15,18,-2,798,350,13.675,freerdp30,,49.81,51.09,50.401,0.9998,0.451,0.902,5
solid_patches,1,d-3,18,15,18,-2,798,350,13.675,always,,49.53,50.59,50.025,0.9987,0.525,0.969,11
solid_patches,1,d-3,18,15,18,-2,798,350,13.675,adaptive,0.4,49.81,51.09,50.401,0.9998,0.451,0.902,5
solid_patches,1,d-3,22,19,22,-2,793,346,22.232,none,,49.76,50.91,50.297,0.9995,0.478,0.924,5
solid_patches,1,d-3,22,19,22,-2,793,346,22.232,spec30,,49.76,50.91,50.297,0.9995,0.478,0.924,5
solid_patches,1,d-3,22,19,22,-2,793,346,22.232,freerdp30,,49.76,50.91,50.297,0.9995,0.478,0.924,5
solid_patches,1,d-3,22,19,22,-2,793,346,22.232,always,,49.1,50.48,49.739,0.9975,0.54,0.981,16
solid_patches,1,d-3,22,19,22,-2,793,346,22.232,adaptive,0.4,49.76,50.91,50.297,0.9995,0.478,0.924,5
solid_patches,1,d-3,26,23,26,-2,775,329,34.957,none,,49.34,50.78,50.0,0.9983,0.526,1.006,10
solid_patches,1,d-3,26,23,26,-2,775,329,34.957,spec30,,49.34,50.78,50.0,0.9983,0.526,1.006,10
solid_patches,1,d-3,26,23,26,-2,775,329,34.957,freerdp30,,49.34,50.78,50.0,0.9983,0.526,1.006,10
solid_patches,1,d-3,26,23,26,-2,775,329,34.957,always,,48.53,48.55,48.539,0.9926,0.667,1.186,28
solid_patches,1,d-3,26,23,26,-2,775,329,34.957,adaptive,0.4,49.34,50.78,50.0,0.9983,0.526,1.006,10
solid_patches,1,d-3,30,27,30,-2,769,283,54.699,none,,48.7,47.14,47.852,0.9892,0.687,1.282,21
solid_patches,1,d-3,30,27,30,-2,769,283,54.699,spec30,,48.7,47.14,47.852,0.9892,0.687,1.282,21
solid_patches,1,d-3,30,27,30,-2,769,283,54.699,freerdp30,,48.7,47.14,47.852,0.9892,0.687,1.282,21
solid_patches,1,d-3,30,27,30,-2,769,283,54.699,always,,45.59,46.19,45.881,0.9729,0.841,1.547,46
solid_patches,1,d-3,30,27,30,-2,769,283,54.699,adaptive,0.4,48.64,47.14,47.826,0.9892,0.692,1.289,46
solid_patches,1,d-3,34,31,34,-2,751,270,87.841,none,,47.12,45.33,46.134,0.9753,1.174,2.012,19
solid_patches,1,d-3,34,31,34,-2,751,270,87.841,spec30,,47.12,45.33,46.134,0.9753,1.174,2.012,19
solid_patches,1,d-3,34,31,34,-2,751,270,87.841,freerdp30,,47.12,45.33,46.134,0.9753,1.174,2.012,19
solid_patches,1,d-3,34,31,34,-2,751,270,87.841,always,,40.25,42.53,41.24,0.9074,1.742,3.194,52
solid_patches,1,d-3,34,31,34,-2,751,270,87.841,adaptive,0.4,47.12,45.33,46.134,0.9753,1.174,2.012,19
solid_patches,1,d-6,18,12,18,-2,804,350,11.402,none,,49.82,51.09,50.408,0.9998,0.452,0.9,5
solid_patches,1,d-6,18,12,18,-2,804,350,11.402,spec30,,49.82,51.09,50.408,0.9998,0.452,0.9,5
solid_patches,1,d-6,18,12,18,-2,804,350,11.402,freerdp30,,49.82,51.09,50.408,0.9998,0.452,0.9,5
solid_patches,1,d-6,18,12,18,-2,804,350,11.402,always,,49.6,50.75,50.14,0.9989,0.501,0.949,9
solid_patches,1,d-6,18,12,18,-2,804,350,11.402,adaptive,0.4,49.82,51.09,50.408,0.9998,0.452,0.9,5
solid_patches,1,d-6,22,16,22,-2,790,346,18.419,none,,49.78,50.91,50.31,0.9995,0.465,0.912,5
solid_patches,1,d-6,22,16,22,-2,790,346,18.419,spec30,,49.78,50.91,50.31,0.9995,0.465,0.912,5
solid_patches,1,d-6,22,16,22,-2,790,346,18.419,freerdp30,,49.78,50.91,50.31,0.9995,0.465,0.912,5
solid_patches,1,d-6,22,16,22,-2,790,346,18.419,always,,49.41,50.34,49.852,0.9977,0.514,0.959,11
solid_patches,1,d-6,22,16,22,-2,790,346,18.419,adaptive,0.4,49.78,50.91,50.31,0.9995,0.465,0.912,5
solid_patches,1,d-6,26,20,26,-2,780,329,28.948,none,,49.34,50.89,50.046,0.9985,0.516,0.985,8
solid_patches,1,d-6,26,20,26,-2,780,329,28.948,spec30,,49.34,50.89,50.046,0.9985,0.516,0.985,8
solid_patches,1,d-6,26,20,26,-2,780,329,28.948,freerdp30,,49.34,50.89,50.046,0.9985,0.516,0.985,8
solid_patches,1,d-6,26,20,26,-2,780,329,28.948,always,,48.55,49.89,49.166,0.9944,0.627,1.12,16
solid_patches,1,d-6,26,20,26,-2,780,329,28.948,adaptive,0.4,49.34,50.89,50.046,0.9985,0.516,0.985,8
solid_patches,1,d-6,30,24,30,-2,768,283,45.607,none,,48.87,47.16,47.933,0.9896,0.663,1.249,21
solid_patches,1,d-6,30,24,30,-2,768,283,45.607,spec30,,48.87,47.16,47.933,0.9896,0.663,1.249,21
solid_patches,1,d-6,30,24,30,-2,768,283,45.607,freerdp30,,48.87,47.16,47.933,0.9896,0.663,1.249,21
solid_patches,1,d-6,30,24,30,-2,768,283,45.607,always,,46.54,45.92,46.219,0.9749,0.885,1.547,46
solid_patches,1,d-6,30,24,30,-2,768,283,45.607,adaptive,0.4,48.8,47.16,47.906,0.9896,0.668,1.256,46
solid_patches,1,d-6,34,28,34,-2,794,271,72.36,none,,47.78,45.59,46.547,0.9759,1.111,1.898,19
solid_patches,1,d-6,34,28,34,-2,794,271,72.36,spec30,,47.78,45.59,46.547,0.9759,1.111,1.898,19
solid_patches,1,d-6,34,28,34,-2,794,271,72.36,freerdp30,,47.78,45.59,46.547,0.9759,1.111,1.898,19
solid_patches,1,d-6,34,28,34,-2,794,271,72.36,always,,40.94,42.99,41.846,0.916,1.627,2.992,44
solid_patches,1,d-6,34,28,34,-2,794,271,72.36,adaptive,0.4,47.78,45.59,46.547,0.9759,1.111,1.898,19
solid_patches,1,d-12,18,6,18,-2,830,350,9.055,none,,49.83,51.12,50.424,0.9999,0.434,0.884,5
solid_patches,1,d-12,18,6,18,-2,830,350,9.055,spec30,,49.83,51.12,50.424,0.9999,0.434,0.884,5
solid_patches,1,d-12,18,6,18,-2,830,350,9.055,freerdp30,,49.83,51.12,50.424,0.9999,0.434,0.884,5
solid_patches,1,d-12,18,6,18,-2,830,350,9.055,always,,49.79,51.09,50.393,0.9997,0.458,0.904,8
solid_patches,1,d-12,18,6,18,-2,830,350,9.055,adaptive,0.4,49.83,51.12,50.424,0.9999,0.434,0.884,5
solid_patches,1,d-12,22,10,22,-2,822,346,14.577,none,,49.79,50.94,50.325,0.9996,0.456,0.904,5
solid_patches,1,d-12,22,10,22,-2,822,346,14.577,spec30,,49.79,50.94,50.325,0.9996,0.456,0.904,5
solid_patches,1,d-12,22,10,22,-2,822,346,14.577,freerdp30,,49.79,50.94,50.325,0.9996,0.456,0.904,5
solid_patches,1,d-12,22,10,22,-2,822,346,14.577,always,,49.56,50.62,50.057,0.9985,0.5,0.944,13
solid_patches,1,d-12,22,10,22,-2,822,346,14.577,adaptive,0.4,49.79,50.94,50.325,0.9996,0.456,0.904,5
solid_patches,1,d-12,26,14,26,-2,801,329,23.195,none,,49.35,50.91,50.059,0.9985,0.515,0.984,8
solid_patches,1,d-12,26,14,26,-2,801,329,23.195,spec30,,49.35,50.91,50.059,0.9985,0.515,0.984,8
solid_patches,1,d-12,26,14,26,-2,801,329,23.195,freerdp30,,49.35,50.91,50.059,0.9985,0.515,0.984,8
solid_patches,1,d-12,26,14,26,-2,801,329,23.195,always,,48.55,50.28,49.328,0.9951,0.632,1.118,14
solid_patches,1,d-12,26,14,26,-2,801,329,23.195,adaptive,0.4,49.35,50.91,50.059,0.9985,0.515,0.984,8
solid_patches,1,d-12,30,18,30,-2,786,282,36.222,none,,48.85,47.27,47.989,0.9899,0.637,1.213,21
solid_patches,1,d-12,30,18,30,-2,786,282,36.222,spec30,,48.85,47.27,47.989,0.9899,0.637,1.213,21
solid_patches,1,d-12,30,18,30,-2,786,282,36.222,freerdp30,,48.85,47.27,47.989,0.9899,0.637,1.213,21
solid_patches,1,d-12,30,18,30,-2,786,282,36.222,always,,46.53,47.01,46.766,0.9779,0.817,1.465,46
solid_patches,1,d-12,30,18,30,-2,786,282,36.222,adaptive,0.4,48.79,47.27,47.962,0.9899,0.642,1.22,46
solid_patches,1,d-12,34,22,34,-2,780,270,56.639,none,,48.09,45.93,46.876,0.9775,1.033,1.729,18
solid_patches,1,d-12,34,22,34,-2,780,270,56.639,spec30,,48.09,45.93,46.876,0.9775,1.033,1.729,18
solid_patches,1,d-12,34,22,34,-2,780,270,56.639,freerdp30,,48.09,45.93,46.876,0.9775,1.033,1.729,18
solid_patches,1,d-12,34,22,34,-2,780,270,56.639,always,,42.21,44.79,43.314,0.9416,1.528,2.605,46
solid_patches,1,d-12,34,22,34,-2,780,270,56.639,adaptive,0.4,47.93,45.92,46.813,0.9774,1.044,1.749,46
solid_patches,1,c-6,18,18,18,-6,794,359,12.5,none,,49.82,51.11,50.416,0.9998,0.436,0.885,5
solid_patches,1,c-6,18,18,18,-6,794,359,12.5,spec30,,49.82,51.11,50.416,0.9998,0.436,0.885,5
solid_patches,1,c-6,18,18,18,-6,794,359,12.5,freerdp30,,49.82,51.11,50.416,0.9998,0.436,0.885,5
solid_patches,1,c-6,18,18,18,-6,794,359,12.5,always,,49.64,51.05,50.288,0.9994,0.458,0.907,13
solid_patches,1,c-6,18,18,18,-6,794,359,12.5,adaptive,0.4,49.82,51.11,50.416,0.9998,0.436,0.885,5
solid_patches,1,c-6,22,22,22,-6,782,341,20.0,none,,49.8,50.99,50.352,0.9998,0.464,0.914,5
solid_patches,1,c-6,22,22,22,-6,782,341,20.0,spec30,,49.8,50.99,50.352,0.9998,0.464,0.914,5
solid_patches,1,c-6,22,22,22,-6,782,341,20.0,freerdp30,,49.8,50.99,50.352,0.9998,0.464,0.914,5
solid_patches,1,c-6,22,22,22,-6,782,341,20.0,always,,49.52,50.82,50.119,0.999,0.521,0.963,13
solid_patches,1,c-6,22,22,22,-6,782,341,20.0,adaptive,0.4,49.8,50.99,50.352,0.9998,0.464,0.914,5
solid_patches,1,c-6,26,26,26,-6,778,349,32.5,none,,49.46,50.93,50.13,0.9988,0.53,0.994,7
solid_patches,1,c-6,26,26,26,-6,778,349,32.5,spec30,,49.46,50.93,50.13,0.9988,0.53,0.994,7
solid_patches,1,c-6,26,26,26,-6,778,349,32.5,freerdp30,,49.46,50.93,50.13,0.9988,0.53,0.994,7
solid_patches,1,c-6,26,26,26,-6,778,349,32.5,always,,48.64,50.13,49.324,0.995,0.638,1.121,14
solid_patches,1,c-6,26,26,26,-6,778,349,32.5,adaptive,0.4,49.46,50.93,50.13,0.9988,0.53,0.994,7
solid_patches,1,c-6,30,30,30,-6,764,293,50.0,none,,49.36,47.68,48.435,0.9904,0.605,1.138,21
solid_patches,1,c-6,30,30,30,-6,764,293,50.0,spec30,,49.36,47.68,48.435,0.9904,0.605,1.138,21
solid_patches,1,c-6,30,30,30,-6,764,293,50.0,freerdp30,,49.36,47.68,48.435,0.9904,0.605,1.138,21
solid_patches,1,c-6,30,30,30,-6,764,293,50.0,always,,45.96,47.09,46.487,0.9763,0.75,1.383,46
solid_patches,1,c-6,30,30,30,-6,764,293,50.0,adaptive,0.4,49.28,47.68,48.406,0.9904,0.609,1.145,46
solid_patches,1,c-6,34,34,34,-6,747,263,80.0,none,,47.29,45.42,46.255,0.9746,1.134,2.066,19
solid_patches,1,c-6,34,34,34,-6,747,263,80.0,spec30,,47.29,45.42,46.255,0.9746,1.134,2.066,19
solid_patches,1,c-6,34,34,34,-6,747,263,80.0,freerdp30,,47.29,45.42,46.255,0.9746,1.134,2.066,19
solid_patches,1,c-6,34,34,34,-6,747,263,80.0,always,,40.07,43.84,41.556,0.9044,1.662,3.199,44
solid_patches,1,c-6,34,34,34,-6,747,263,80.0,adaptive,0.4,47.29,45.42,46.255,0.9746,1.134,2.066,19
solid_patches,1,c-12,18,18,18,-12,821,385,8.75,none,,49.85,51.14,50.447,0.9999,0.413,0.865,5
solid_patches,1,c-12,18,18,18,-12,821,385,8.75,spec30,,49.85,51.14,50.447,0.9999,0.413,0.865,5
solid_patches,1,c-12,18,18,18,-12,821,385,8.75,freerdp30,,49.85,51.14,50.447,0.9999,0.413,0.865,5
solid_patches,1,c-12,18,18,18,-12,821,385,8.75,always,,49.84,51.13,50.439,0.9999,0.415,0.867,7
solid_patches,1,c-12,18,18,18,-12,821,385,8.75,adaptive,0.4,49.85,51.14,50.447,0.9999,0.413,0.865,5
solid_patches,1,c-12,22,22,22,-12,799,360,14.0,none,,49.83,50.99,50.368,0.9997,0.441,0.892,5
solid_patches,1,c-12,22,22,22,-12,799,360,14.0,spec30,,49.83,50.99,50.368,0.9997,0.441,0.892,5
solid_patches,1,c-12,22,22,22,-12,799,360,14.0,freerdp30,,49.83,50.99,50.368,0.9997,0.441,0.892,5
solid_patches,1,c-12,22,22,22,-12,799,360,14.0,always,,49.68,50.65,50.139,0.9989,0.498,0.947,7
solid_patches,1,c-12,22,22,22,-12,799,360,14.0,adaptive,0.4,49.83,50.99,50.368,0.9997,0.441,0.892,5
solid_patches,1,c-12,26,26,26,-12,790,352,22.75,none,,49.52,50.97,50.189,0.999,0.5,0.965,7
solid_patches,1,c-12,26,26,26,-12,790,352,22.75,spec30,,49.52,50.97,50.189,0.999,0.5,0.965,7
solid_patches,1,c-12,26,26,26,-12,790,352,22.75,freerdp30,,49.52,50.97,50.189,0.999,0.5,0.965,7
solid_patches,1,c-12,26,26,26,-12,790,352,22.75,always,,48.99,50.23,49.565,0.996,0.589,1.073,10
solid_patches,1,c-12,26,26,26,-12,790,352,22.75,adaptive,0.4,49.52,50.97,50.189,0.999,0.5,0.965,7
solid_patches,1,c-12,30,30,30,-12,778,308,35.0,none,,49.65,47.81,48.633,0.9914,0.57,1.088,21
solid_patches,1,c-12,30,30,30,-12,778,308,35.0,spec30,,49.65,47.81,48.633,0.9914,0.57,1.088,21
solid_patches,1,c-12,30,30,30,-12,778,308,35.0,freerdp30,,49.65,47.81,48.633,0.9914,0.57,1.088,21
solid_patches,1,c-12,30,30,30,-12,778,308,35.0,always,,46.68,47.64,47.137,0.9796,0.672,1.275,46
solid_patches,1,c-12,30,30,30,-12,778,308,35.0,adaptive,0.4,49.57,47.81,48.602,0.9913,0.575,1.095,46
solid_patches,1,c-12,34,34,34,-12,763,275,56.0,none,,48.52,46.13,47.164,0.9798,0.977,1.808,19
solid_patches,1,c-12,34,34,34,-12,763,275,56.0,spec30,,48.52,46.13,47.164,0.9798,0.977,1.808,19
solid_patches,1,c-12,34,34,34,-12,763,275,56.0,freerdp30,,48.52,46.13,47.164,0.9798,0.977,1.808,19
solid_patches,1,c-12,34,34,34,-12,763,275,56.0,always,,41.92,44.75,43.112,0.9372,1.498,2.789,44
solid_patches,1,c-12,34,34,34,-12,763,275,56.0,adaptive,0.4,48.52,46.13,47.164,0.9798,0.977,1.808,19
solid_patches,2,d0,18,18,18,-2,785,333,17.944,none,,49.82,51.12,50.421,0.9998,0.442,0.891,5
solid_patches,2,d0,18,18,18,-2,785,333,17.944,spec30,,49.82,51.12,50.421,0.9998,0.442,0.891,5
solid_patches,2,d0,18,18,18,-2,785,333,17.944,freerdp30,,49.82,51.12,50.421,0.9998,0.442,0.891,5
solid_patches,2,d0,18,18,18,-2,785,333,17.944,always,,49.38,50.77,50.017,0.9987,0.517,0.965,16
solid_patches,2,d0,18,18,18,-2,785,333,17.944,adaptive,0.4,49.82,51.12,50.421,0.9998,0.442,0.891,5
solid_patches,2,d0,22,22,22,-2,779,305,29.09,none,,49.8,50.94,50.333,0.9995,0.441,0.887,10
solid_patches,2,d0,22,22,22,-2,779,305,29.09,spec30,,49.8,50.94,50.333,0.9995,0.441,0.887,10
solid_patches,2,d0,22,22,22,-2,779,305,29.09,freerdp30,,49.8,50.94,50.333,0.9995,0.441,0.887,10
solid_patches,2,d0,22,22,22,-2,779,305,29.09,always,,49.0,50.07,49.505,0.9966,0.526,0.978,16
solid_patches,2,d0,22,22,22,-2,779,305,29.09,adaptive,0.4,49.8,50.94,50.333,0.9995,0.441,0.887,10
solid_patches,2,d0,26,26,26,-2,765,293,45.144,none,,49.61,50.46,50.014,0.9987,0.516,0.989,10
solid_patches,2,d0,26,26,26,-2,765,293,45.144,spec30,,49.61,50.46,50.014,0.9987,0.516,0.989,10
solid_patches,2,d0,26,26,26,-2,765,293,45.144,freerdp30,,49.61,50.46,50.014,0.9987,0.516,0.989,10
solid_patches,2,d0,26,26,26,-2,765,293,45.144,always,,47.38,48.6,47.948,0.992,0.621,1.116,36
solid_patches,2,d0,26,26,26,-2,765,293,45.144,adaptive,0.4,49.61,50.46,50.014,0.9987,0.516,0.989,10
solid_patches,2,d0,30,30,30,-2,751,262,71.777,none,,48.2,48.47,48.333,0.995,0.7,1.274,11
solid_patches,2,d0,30,30,30,-2,751,262,71.777,spec30,,48.2,48.47,48.333,0.995,0.7,1.274,11
solid_patches,2,d0,30,30,30,-2,751,262,71.777,freerdp30,,48.2,48.47,48.333,0.995,0.7,1.274,11
solid_patches,2,d0,30,30,30,-2,751,262,71.777,always,,44.86,45.41,45.128,0.9666,0.877,1.635,44
solid_patches,2,d0,30,30,30,-2,751,262,71.777,adaptive,0.4,48.2,48.47,48.333,0.995,0.7,1.274,11
solid_patches,2,d0,34,34,34,-2,745,239,101.371,none,,47.16,48.84,47.919,0.9843,1.183,2.087,33
solid_patches,2,d0,34,34,34,-2,745,239,101.371,spec30,,47.16,48.84,47.919,0.9843,1.183,2.087,33
solid_patches,2,d0,34,34,34,-2,745,239,101.371,freerdp30,,47.16,48.84,47.919,0.9843,1.183,2.087,33
solid_patches,2,d0,34,34,34,-2,745,239,101.371,always,,43.81,43.81,43.809,0.948,1.589,2.842,42
solid_patches,2,d0,34,34,34,-2,745,239,101.371,adaptive,0.4,47.16,48.84,47.919,0.9843,1.183,2.087,33
solid_patches,2,d-3,18,15,18,-2,798,333,13.675,none,,49.84,51.04,50.397,0.9998,0.437,0.886,5
solid_patches,2,d-3,18,15,18,-2,798,333,13.675,spec30,,49.84,51.04,50.397,0.9998,0.437,0.886,5
solid_patches,2,d-3,18,15,18,-2,798,333,13.675,freerdp30,,49.84,51.04,50.397,0.9998,0.437,0.886,5
solid_patches,2,d-3,18,15,18,-2,798,333,13.675,always,,49.55,50.49,49.993,0.9986,0.505,0.96,9
solid_patches,2,d-3,18,15,18,-2,798,333,13.675,adaptive,0.4,49.84,51.04,50.397,0.9998,0.437,0.886,5
solid_patches,2,d-3,22,19,22,-2,793,302,22.232,none,,49.82,50.96,50.35,0.9996,0.443,0.89,10
solid_patches,2,d-3,22,19,22,-2,793,302,22.232,spec30,,49.82,50.96,50.35,0.9996,0.443,0.89,10
solid_patches,2,d-3,22,19,22,-2,793,302,22.232,freerdp30,,49.82,50.96,50.35,0.9996,0.443,0.89,10
solid_patches,2,d-3,22,19,22,-2,793,302,22.232,always,,49.16,50.28,49.683,0.9975,0.521,0.971,16
solid_patches,2,d-3,22,19,22,-2,793,302,22.232,adaptive,0.4,49.82,50.96,50.35,0.9996,0.443,0.89,10
solid_patches,2,d-3,26,23,26,-2,775,292,34.957,none,,49.76,50.49,50.108,0.999,0.503,0.977,9
solid_patches,2,d-3,26,23,26,-2,775,292,34.957,spec30,,49.76,50.49,50.108,0.999,0.503,0.977,9
solid_patches,2,d-3,26,23,26,-2,775,292,34.957,freerdp30,,49.76,50.49,50.108,0.999,0.503,0.977,9
solid_patches,2,d-3,26,23,26,-2,775,292,34.957,always,,49.26,48.79,49.021,0.9952,0.593,1.082,26
solid_patches,2,d-3,26,23,26,-2,775,292,34.957,adaptive,0.4,49.76,50.49,50.108,0.999,0.503,0.977,9
solid_patches,2,d-3,30,27,30,-2,769,263,54.699,none,,48.46,49.97,49.15,0.9959,0.652,1.18,9
solid_patches,2,d-3,30,27,30,-2,769,263,54.699,spec30,,48.46,49.97,49.15,0.9959,0.652,1.18,9
solid_patches,2,d-3,30,27,30,-2,769,263,54.699,freerdp30,,48.46,49.97,49.15,0.9959,0.652,1.18,9
solid_patches,2,d-3,30,27,30,-2,769,263,54.699,always,,46.21,47.73,46.902,0.9854,0.77,1.345,37
solid_patches,2,d-3,30,27,30,-2,769,263,54.699,adaptive,0.4,48.46,49.97,49.15,0.9959,0.652,1.18,9
solid_patches,2,d-3,34,31,34,-2,751,251,87.841,none,,46.97,47.64,47.289,0.9869,1.174,2.003,31
solid_patches,2,d-3,34,31,34,-2,751,251,87.841,spec30,,46.97,47.64,47.289,0.9869,1.174,2.003,31
solid_patches,2,d-3,34,31,34,-2,751,251,87.841,freerdp30,,46.97,47.64,47.289,0.9869,1.174,2.003,31
solid_patches,2,d-3,34,31,34,-2,751,251,87.841,always,,41.74,42.67,42.18,0.9254,1.57,2.796,45
solid_patches,2,d-3,34,31,34,-2,751,251,87.841,adaptive,0.4,46.97,47.64,47.289,0.9869,1.174,2.003,31
solid_patches,2,d-6,18,12,18,-2,804,332,11.402,none,,49.83,51.11,50.428,0.9998,0.438,0.885,5
solid_patches,2,d-6,18,12,18,-2,804,332,11.402,spec30,,49.83,51.11,50.428,0.9998,0.438,0.885,5
solid_patches,2,d-6,18,12,18,-2,804,332,11.402,freerdp30,,49.83,51.11,50.428,0.9998,0.438,0.885,5
solid_patches,2,d-6,18,12,18,-2,804,332,11.402,always,,49.66,50.68,50.137,0.9988,0.487,0.936,9
solid_patches,2,d-6,18,12,18,-2,804,332,11.402,adaptive,0.4,49.83,51.11,50.428,0.9998,0.438,0.885,5
solid_patches,2,d-6,22,16,22,-2,790,308,18.419,none,,49.83,51.02,50.385,0.9997,0.432,0.88,10
solid_patches,2,d-6,22,16,22,-2,790,308,18.419,spec30,,49.83,51.02,50.385,0.9997,0.432,0.88,10
solid_patches,2,d-6,22,16,22,-2,790,308,18.419,freerdp30,,49.83,51.02,50.385,0.9997,0.432,0.88,10
solid_patches,2,d-6,22,16,22,-2,790,308,18.419,always,,49.51,50.32,49.896,0.998,0.478,0.936,10
solid_patches,2,d-6,22,16,22,-2,790,308,18.419,adaptive,0.4,49.83,51.02,50.385,0.9997,0.432,0.88,10
solid_patches,2,d-6,26,20,26,-2,780,294,28.948,none,,49.75,50.63,50.168,0.9992,0.484,0.95,8
solid_patches,2,d-6,26,20,26,-2,780,294,28.948,spec30,,49.75,50.63,50.168,0.9992,0.484,0.95,8
solid_patches,2,d-6,26,20,26,-2,780,294,28.948,freerdp30,,49.75,50.63,50.168,0.9992,0.484,0.95,8
solid_patches,2,d-6,26,20,26,-2,780,294,28.948,always,,49.27,50.08,49.652,0.997,0.566,1.03,16
solid_patches,2,d-6,26,20,26,-2,780,294,28.948,adaptive,0.4,49.75,50.63,50.168,0.9992,0.484,0.95,8
solid_patches,2,d-6,30,24,30,-2,768,263,45.607,none,,48.43,49.82,49.072,0.9966,0.635,1.173,10
solid_patches,2,d-6,30,24,30,-2,768,263,45.607,spec30,,48.43,49.82,49.072,0.9966,0.635,1.173,10
solid_patches,2,d-6,30,24,30,-2,768,263,45.607,freerdp30,,48.43,49.82,49.072,0.9966,0.635,1.173,10
solid_patches,2,d-6,30,24,30,-2,768,263,45.607,always,,48.18,47.79,47.98,0.9908,0.792,1.322,31
solid_patches,2,d-6,30,24,30,-2,768,263,45.607,adaptive,0.4,48.43,49.82,49.072,0.9966,0.635,1.173,10
solid_patches,2,d-6,34,28,34,-2,794,245,72.36,none,,47.29,48.62,47.904,0.9881,1.134,1.891,31
solid_patches,2,d-6,34,28,34,-2,794,245,72.36,spec30,,47.29,48.62,47.904,0.9881,1.134,1.891,31
solid_patches,2,d-6,34,28,34,-2,794,245,72.36,freerdp30,,47.29,48.62,47.904,0.9881,1.134,1.891,31
solid_patches,2,d-6,34,28,34,-2,794,245,72.36,always,,43.89,44.62,44.242,0.9572,1.517,2.51,35
solid_patches,2,d-6,34,28,34,-2,794,245,72.36,adaptive,0.4,47.29,48.62,47.904,0.9881,1.134,1.891,31
solid_patches,2,d-12,18,6,18,-2,830,330,9.055,none,,49.85,51.13,50.445,0.9999,0.421,0.869,4
solid_patches,2,d-12,18,6,18,-2,830,330,9.055,spec30,,49.85,51.13,50.445,0.9999,0.421,0.869,4
solid_patches,2,d-12,18,6,18,-2,830,330,9.055,freerdp30,,49.85,51.13,50.445,0.9999,0.421,0.869,4
solid_patches,2,d-12,18,6,18,-2,830,330,9.055,always,,49.83,51.08,50.41,0.9998,0.435,0.889,9
solid_patches,2,d-12,18,6,18,-2,830,330,9.055,adaptive,0.4,49.85,51.13,50.445,0.9999,0.421,0.869,4
solid_patches,2,d-12,22,10,22,-2,822,307,14.577,none,,49.84,51.05,50.402,0.9997,0.437,0.885,10
solid_patches,2,d-12,22,10,22,-2,822,307,14.577,spec30,,49.84,51.05,50.402,0.9997,0.437,0.885,10
solid_patches,2,d-12,22,10,22,-2,822,307,14.577,freerdp30,,49.84,51.05,50.402,0.9997,0.437,0.885,10
solid_patches,2,d-12,22,10,22,-2,822,307,14.577,always,,49.69,50.75,50.186,0.999,0.465,0.922,10
solid_patches,2,d-12,22,10,22,-2,822,307,14.577,adaptive,0.4,49.84,51.05,50.402,0.9997,0.437,0.885,10
solid_patches,2,d-12,26,14,26,-2,801,291,23.195,none,,49.77,50.59,50.158,0.9993,0.489,0.959,8
solid_patches,2,d-12,26,14,26,-2,801,291,23.195,spec30,,49.77,50.59,50.158,0.9993,0.489,0.959,8
solid_patches,2,d-12,26,14,26,-2,801,291,23.195,freerdp30,,49.77,50.59,50.158,0.9993,0.489,0.959,8
solid_patches,2,d-12,26,14,26,-2,801,291,23.195,always,,49.43,50.2,49.797,0.9976,0.569,1.033,13
solid_patches,2,d-12,26,14,26,-2,801,291,23.195,adaptive,0.4,49.77,50.59,50.158,0.9993,0.489,0.959,8
solid_patches,2,d-12,30,18,30,-2,786,261,36.222,none,,48.42,50.08,49.172,0.997,0.605,1.124,8
solid_patches,2,d-12,30,18,30,-2,786,261,36.222,spec30,,48.42,50.08,49.172,0.997,0.605,1.124,8
solid_patches,2,d-12,30,18,30,-2,786,261,36.222,freerdp30,,48.42,50.08,49.172,0.997,0.605,1.124,8
solid_patches,2,d-12,30,18,30,-2,786,261,36.222,always,,48.1,49.36,48.686,0.993,0.742,1.264,20
solid_patches,2,d-12,30,18,30,-2,786,261,36.222,adaptive,0.4,48.42,50.08,49.172,0.997,0.605,1.124,8
solid_patches,2,d-12,34,22,34,-2,780,247,56.639,none,,47.44,48.76,48.049,0.9896,1.032,1.76,31
solid_patches,2,d-12,34,22,34,-2,780,247,56.639,spec30,,47.44,48.76,48.049,0.9896,1.032,1.76,31
solid_patches,2,d-12,34,22,34,-2,780,247,56.639,freerdp30,,47.44,48.76,48.049,0.9896,1.032,1.76,31
solid_patches,2,d-12,34,22,34,-2,780,247,56.639,always,,45.21,46.89,45.97,0.9752,1.479,2.356,31
solid_patches,2,d-12,34,22,34,-2,780,247,56.639,adaptive,0.4,47.44,48.76,48.049,0.9896,1.032,1.76,31
solid_patches,2,c-6,18,18,18,-6,794,347,12.5,none,,49.83,51.12,50.43,0.9998,0.432,0.883,5
solid_patches,2,c-6,18,18,18,-6,794,347,12.5,spec30,,49.83,51.12,50.43,0.9998,0.432,0.883,5
solid_patches,2,c-6,18,18,18,-6,794,347,12.5,freerdp30,,49.83,51.12,50.43,0.9998,0.432,0.883,5
solid_patches,2,c-6,18,18,18,-6,794,347,12.5,always,,49.5,50.92,50.153,0.999,0.481,0.933,16
solid_patches,2,c-6,18,18,18,-6,794,347,12.5,adaptive,0.4,49.82,51.12,50.425,0.9998,0.432,0.883,16
solid_patches,2,c-6,22,22,22,-6,782,315,20.0,none,,49.81,51.12,50.419,0.9998,0.443,0.892,10
solid_patches,2,c-6,22,22,22,-6,782,315,20.0,spec30,,49.81,51.12,50.419,0.9998,0.443,0.892,10
solid_patches,2,c-6,22,22,22,-6,782,315,20.0,freerdp30,,49.81,51.12,50.419,0.9998,0.443,0.892,10
solid_patches,2,c-6,22,22,22,-6,782,315,20.0,always,,49.37,50.77,50.013,0.9987,0.518,0.967,16
solid_patches,2,c-6,22,22,22,-6,782,315,20.0,adaptive,0.4,49.81,51.12,50.419,0.9998,0.443,0.892,10
solid_patches,2,c-6,26,26,26,-6,778,303,32.5,none,,49.75,50.34,50.037,0.9991,0.487,0.943,7
solid_patches,2,c-6,26,26,26,-6,778,303,32.5,spec30,,49.75,50.34,50.037,0.9991,0.487,0.943,7
solid_patches,2,c-6,26,26,26,-6,778,303,32.5,freerdp30,,49.75,50.34,50.037,0.9991,0.487,0.943,7
solid_patches,2,c-6,26,26,26,-6,778,303,32.5,always,,48.91,49.55,49.218,0.9958,0.595,1.05,16
solid_patches,2,c-6,26,26,26,-6,778,303,32.5,adaptive,0.4,49.75,50.34,50.037,0.9991,0.487,0.943,7
solid_patches,2,c-6,30,30,30,-6,764,284,50.0,none,,49.49,50.42,49.932,0.9981,0.561,1.024,10
solid_patches,2,c-6,30,30,30,-6,764,284,50.0,spec30,,49.49,50.42,49.932,0.9981,0.561,1.024,10
solid_patches,2,c-6,30,30,30,-6,764,284,50.0,freerdp30,,49.49,50.42,49.932,0.9981,0.561,1.024,10
solid_patches,2,c-6,30,30,30,-6,764,284,50.0,always,,47.21,48.64,47.866,0.991,0.659,1.157,32
solid_patches,2,c-6,30,30,30,-6,764,284,50.0,adaptive,0.4,49.49,50.42,49.932,0.9981,0.561,1.024,10
solid_patches,2,c-6,34,34,34,-6,747,239,80.0,none,,46.76,48.64,47.596,0.9811,1.101,2.037,33
solid_patches,2,c-6,34,34,34,-6,747,239,80.0,spec30,,46.76,48.64,47.596,0.9811,1.101,2.037,33
solid_patches,2,c-6,34,34,34,-6,747,239,80.0,freerdp30,,46.76,48.64,47.596,0.9811,1.101,2.037,33
solid_patches,2,c-6,34,34,34,-6,747,239,80.0,always,,43.88,44.46,44.161,0.9566,1.447,2.602,46
solid_patches,2,c-6,34,34,34,-6,747,239,80.0,adaptive,0.4,46.76,48.64,47.596,0.9811,1.101,2.037,33
solid_patches,2,c-12,18,18,18,-12,821,356,8.75,none,,49.85,51.15,50.454,0.9999,0.411,0.86,5
solid_patches,2,c-12,18,18,18,-12,821,356,8.75,spec30,,49.85,51.15,50.454,0.9999,0.411,0.86,5
solid_patches,2,c-12,18,18,18,-12,821,356,8.75,freerdp30,,49.85,51.15,50.454,0.9999,0.411,0.86,5
solid_patches,2,c-12,18,18,18,-12,821,356,8.75,always,,49.84,51.11,50.427,0.9998,0.417,0.871,9
solid_patches,2,c-12,18,18,18,-12,821,356,8.75,adaptive,0.4,49.85,51.15,50.454,0.9999,0.411,0.86,5
solid_patches,2,c-12,22,22,22,-12,799,334,14.0,none,,49.84,51.09,50.417,0.9998,0.429,0.878,10
solid_patches,2,c-12,22,22,22,-12,799,334,14.0,spec30,,49.84,51.09,50.417,0.9998,0.429,0.878,10
solid_patches,2,c-12,22,22,22,-12,799,334,14.0,freerdp30,,49.84,51.09,50.417,0.9998,0.429,0.878,10
solid_patches,2,c-12,22,22,22,-12,799,334,14.0,always,,49.65,50.69,50.139,0.9989,0.484,0.937,10
solid_patches,2,c-12,22,22,22,-12,799,334,14.0,adaptive,0.4,49.84,51.09,50.417,0.9998,0.429,0.878,10
solid_patches,2,c-12,26,26,26,-12,790,315,22.75,none,,49.85,50.66,50.236,0.9994,0.467,0.918,6
solid_patches,2,c-12,26,26,26,-12,790,315,22.75,spec30,,49.85,50.66,50.236,0.9994,0.467,0.918,6
solid_patches,2,c-12,26,26,26,-12,790,315,22.75,freerdp30,,49.85,50.66,50.236,0.9994,0.467,0.918,6
solid_patches,2,c-12,26,26,26,-12,790,315,22.75,always,,49.42,49.99,49.698,0.9972,0.541,1.009,11
solid_patches,2,c-12,26,26,26,-12,790,315,22.75,adaptive,0.4,49.85,50.66,50.236,0.9994,0.467,0.918,6
solid_patches,2,c-12,30,30,30,-12,778,299,35.0,none,,49.65,50.7,50.147,0.9989,0.523,0.977,6
solid_patches,2,c-12,30,30,30,-12,778,299,35.0,spec30,,49.65,50.7,50.147,0.9989,0.523,0.977,6
solid_patches,2,c-12,30,30,30,-12,778,299,35.0,freerdp30,,49.65,50.7,50.147,0.9989,0.523,0.977,6
solid_patches,2,c-12,30,30,30,-12,778,299,35.0,always,,49.04,50.38,49.657,0.9968,0.583,1.042,20
solid_patches,2,c-12,30,30,30,-12,778,299,35.0,adaptive,0.4,49.65,50.7,50.147,0.9989,0.523,0.977,6
solid_patches,2,c-12,34,34,34,-12,763,250,56.0,none,,47.9,50.17,48.889,0.991,0.912,1.715,33
solid_patches,2,c-12,34,34,34,-12,763,250,56.0,spec30,,47.9,50.17,48.889,0.991,0.912,1.715,33
solid_patches,2,c-12,34,34,34,-12,763,250,56.0,freerdp30,,47.9,50.17,48.889,0.991,0.912,1.715,33
solid_patches,2,c-12,34,34,34,-12,763,250,56.0,always,,46.94,47.26,47.098,0.9839,1.191,2.087,33
solid_patches,2,c-12,34,34,34,-12,763,250,56.0,adaptive,0.4,47.9,50.17,48.888,0.991,0.912,1.716,33
text_000080,1,d0,18,18,18,-2,4848,7356,17.944,none,,35.32,52.61,38.254,0.9706,1.866,3.281,99
text_000080,1,d0,18,18,18,-2,4848,7356,17.944,spec30,,37.22,53.33,40.125,0.9747,1.553,2.679,75
text_000080,1,d0,18,18,18,-2,4848,7356,17.944,freerdp30,,37.47,53.42,40.372,0.9752,1.512,2.607,75
text_000080,1,d0,18,18,18,-2,4848,7356,17.944,always,,44.13,48.66,45.828,0.9267,1.047,1.716,42
text_000080,1,d0,18,18,18,-2,4848,7356,17.944,adaptive,0.4,44.88,52.63,47.219,0.9766,0.892,1.512,42
text_000080,1,d0,22,22,22,-2,3449,5448,29.09,none,,35.02,51.29,37.926,0.9575,2.219,3.843,99
text_000080,1,d0,22,22,22,-2,3449,5448,29.09,spec30,,36.58,51.78,39.457,0.961,1.916,3.283,87
text_000080,1,d0,22,22,22,-2,3449,5448,29.09,freerdp30,,36.77,51.83,39.647,0.9612,1.88,3.222,87
text_000080,1,d0,22,22,22,-2,3449,5448,29.09,always,,40.43,49.25,42.909,0.9104,1.575,2.522,79
text_000080,1,d0,22,22,22,-2,3449,5448,29.09,adaptive,0.4,41.01,52.49,43.719,0.9642,1.399,2.33,81
text_000080,1,d0,26,26,26,-2,2413,4238,45.144,none,,34.43,51.91,37.365,0.9528,2.735,4.564,122
text_000080,1,d0,26,26,26,-2,2413,4238,45.144,spec30,,35.53,52.22,38.453,0.9545,2.465,4.078,122
text_000080,1,d0,26,26,26,-2,2413,4238,45.144,freerdp30,,35.65,52.25,38.563,0.9547,2.441,4.031,122
text_000080,1,d0,26,26,26,-2,2413,4238,45.144,always,,36.39,49.1,39.173,0.8973,2.455,3.793,118
text_000080,1,d0,26,26,26,-2,2413,4238,45.144,adaptive,0.4,36.6,52.44,39.499,0.9535,2.263,3.662,122
text_000080,1,d0,30,30,30,-2,1754,3225,71.777,none,,33.37,49.67,36.28,0.8927,3.455,5.64,123
text_000080,1,d0,30,30,30,-2,1754,3225,71.777,spec30,,33.37,49.63,36.277,0.8891,3.346,5.468,138
text_000080,1,d0,30,30,30,-2,1754,3225,71.777,freerdp30,,33.38,49.63,36.292,0.8889,3.332,5.444,138
text_000080,1,d0,30,30,30,-2,1754,3225,71.777,always,,32.82,47.51,35.684,0.8286,3.661,5.738,138
text_000080,1,d0,30,30,30,-2,1754,3225,71.777,adaptive,0.4,33.37,49.63,36.28,0.8887,3.33,5.438,138
text_000080,1,d0,34,34,34,-2,1304,2303,101.371,none,,31.67,49.4,34.61,0.7441,4.529,7.344,127
text_000080,1,d0,34,34,34,-2,1304,2303,101.371,spec30,,30.24,48.53,33.19,0.729,4.777,7.968,210
text_000080,1,d0,34,34,34,-2,1304,2303,101.371,freerdp30,,30.2,48.52,33.151,0.7284,4.79,7.99,210
text_000080,1,d0,34,34,34,-2,1304,2303,101.371,always,,29.41,46.51,32.335,0.6625,5.338,8.662,210
text_000080,1,d0,34,34,34,-2,1304,2303,101.371,adaptive,0.4,30.68,48.74,33.626,0.7341,4.663,7.744,210
text_000080,1,d-3,18,15,18,-2,6180,7334,13.675,none,,35.38,53.38,38.322,0.9745,1.808,3.207,91
text_000080,1,d-3,18,15,18,-2,6180,7334,13.675,spec30,,37.28,54.01,40.197,0.9789,1.513,2.619,72
text_000080,1,d-3,18,15,18,-2,6180,7334,13.675,freerdp30,,37.61,54.1,40.521,0.9794,1.462,2.528,72
text_000080,1,d-3,18,15,18,-2,6180,7334,13.675,always,,45.7,50.16,47.378,0.943,0.906,1.472,36
text_000080,1,d-3,18,15,18,-2,6180,7334,13.675,adaptive,0.4,46.46,53.41,48.671,0.9814,0.781,1.326,38
text_000080,1,d-3,22,19,22,-2,4488,5373,22.232,none,,35.15,51.03,38.052,0.9604,2.087,3.703,95
text_000080,1,d-3,22,19,22,-2,4488,5373,22.232,spec30,,36.81,51.52,39.675,0.9643,1.79,3.139,86
text_000080,1,d-3,22,19,22,-2,4488,5373,22.232,freerdp30,,36.99,51.56,39.848,0.9646,1.765,3.089,86
text_000080,1,d-3,22,19,22,-2,4488,5373,22.232,always,,41.98,48.66,44.143,0.915,1.355,2.231,46
text_000080,1,d-3,22,19,22,-2,4488,5373,22.232,adaptive,0.4,42.71,51.98,45.231,0.9677,1.176,2.027,49
text_000080,1,d-3,26,23,26,-2,3123,4215,34.957,none,,34.65,50.77,37.554,0.9462,2.593,4.416,108
text_000080,1,d-3,26,23,26,-2,3123,4215,34.957,spec30,,36.09,51.18,38.965,0.9492,2.289,3.853,108
text_000080,1,d-3,26,23,26,-2,3123,4215,34.957,freerdp30,,36.33,51.24,39.207,0.9496,2.238,3.763,108
text_000080,1,d-3,26,23,26,-2,3123,4215,34.957,always,,38.3,48.78,40.938,0.8956,2.126,3.324,87
text_000080,1,d-3,26,23,26,-2,3123,4215,34.957,adaptive,0.4,38.63,51.59,41.423,0.9494,1.914,3.129,82
text_000080,1,d-3,30,27,30,-2,2244,3196,54.699,none,,33.68,50.67,36.602,0.9285,3.318,5.48,123
text_000080,1,d-3,30,27,30,-2,2244,3196,54.699,spec30,,34.41,50.78,37.316,0.9295,3.096,5.074,123
text_000080,1,d-3,30,27,30,-2,2244,3196,54.699,freerdp30,,34.5,50.81,37.411,0.9296,3.068,5.02,123
text_000080,1,d-3,30,27,30,-2,2244,3196,54.699,always,,34.75,48.33,37.576,0.8729,3.2,4.945,123
text_000080,1,d-3,30,27,30,-2,2244,3196,54.699,adaptive,0.4,34.93,50.85,37.826,0.9286,2.956,4.789,123
text_000080,1,d-3,34,31,34,-2,1622,2325,87.841,none,,32.08,48.9,34.998,0.887,4.399,7.115,124
text_000080,1,d-3,34,31,34,-2,1622,2325,87.841,spec30,,31.57,48.6,34.496,0.88,4.388,7.19,171
text_000080,1,d-3,34,31,34,-2,1622,2325,87.841,freerdp30,,31.55,48.58,34.471,0.8795,4.395,7.201,171
text_000080,1,d-3,34,31,34,-2,1622,2325,87.841,always,,30.96,46.72,33.857,0.8074,4.733,7.562,171
text_000080,1,d-3,34,31,34,-2,1622,2325,87.841,adaptive,0.4,31.66,48.64,34.583,0.8818,4.386,7.196,171
text_000080,1,d-6,18,12,18,-2,7677,7300,11.402,none,,35.41,53.57,38.353,0.9756,1.768,3.159,91
text_000080,1,d-6,18,12,18,-2,7677,7300,11.402,spec30,,37.18,54.15,40.103,0.9798,1.486,2.605,68
text_000080,1,d-6,18,12,18,-2,7677,7300,11.402,freerdp30,,37.55,54.27,40.467,0.9805,1.433,2.503,68
text_000080,1,d-6,18,12,18,-2,7677,7300,11.402,always,,46.6,50.43,48.102,0.9471,0.825,1.356,30
text_000080,1,d-6,18,12,18,-2,7677,7300,11.402,adaptive,0.4,47.38,53.33,49.406,0.9824,0.721,1.241,30
text_000080,1,d-6,22,16,22,-2,5715,5337,18.419,none,,35.23,51.08,38.128,0.9616,2.015,3.627,99
text_000080,1,d-6,22,16,22,-2,5715,5337,18.419,spec30,,37.01,51.49,39.866,0.966,1.718,3.049,77
text_000080,1,d-6,22,16,22,-2,5715,5337,18.419,freerdp30,,37.37,51.57,40.215,0.9666,1.661,2.945,77
text_000080,1,d-6,22,16,22,-2,5715,5337,18.419,always,,43.3,48.03,45.049,0.9146,1.255,2.089,43
text_000080,1,d-6,22,16,22,-2,5715,5337,18.419,adaptive,0.4,43.93,51.26,46.205,0.9684,1.06,1.872,44
text_000080,1,d-6,26,20,26,-2,4100,4167,28.948,none,,34.83,50.22,37.72,0.9499,2.426,4.234,96
text_000080,1,d-6,26,20,26,-2,4100,4167,28.948,spec30,,36.32,50.66,39.177,0.9536,2.144,3.681,86
text_000080,1,d-6,26,20,26,-2,4100,4167,28.948,freerdp30,,36.52,50.71,39.363,0.954,2.109,3.618,86
text_000080,1,d-6,26,20,26,-2,4100,4167,28.948,always,,39.71,48.64,42.196,0.9046,1.798,2.912,62
text_000080,1,d-6,26,20,26,-2,4100,4167,28.948,adaptive,0.4,40.07,51.1,42.746,0.9566,1.621,2.741,73
text_000080,1,d-6,30,24,30,-2,2880,3226,45.607,none,,33.9,50.13,36.809,0.937,3.221,5.352,109
text_000080,1,d-6,30,24,30,-2,2880,3226,45.607,spec30,,34.94,50.47,37.828,0.9393,2.956,4.857,109
text_000080,1,d-6,30,24,30,-2,2880,3226,45.607,freerdp30,,35.02,50.49,37.909,0.9394,2.936,4.819,109
text_000080,1,d-6,30,24,30,-2,2880,3226,45.607,always,,35.86,48.12,38.623,0.881,2.905,4.527,86
text_000080,1,d-6,30,24,30,-2,2880,3226,45.607,adaptive,0.4,35.97,50.66,38.837,0.9388,2.725,4.412,86
text_000080,1,d-6,34,28,34,-2,2063,2296,72.36,none,,32.21,48.43,35.118,0.8978,4.324,7.064,125
text_000080,1,d-6,34,28,34,-2,2063,2296,72.36,spec30,,32.31,48.28,35.209,0.8957,4.201,6.874,129
text_000080,1,d-6,34,28,34,-2,2063,2296,72.36,freerdp30,,32.31,48.27,35.211,0.8956,4.195,6.865,129
text_000080,1,d-6,34,28,34,-2,2063,2296,72.36,always,,32.22,45.94,35.045,0.8273,4.407,6.98,129
text_000080,1,d-6,34,28,34,-2,2063,2296,72.36,adaptive,0.4,32.32,48.27,35.223,0.8954,4.19,6.851,129
text_000080,1,d-12,18,6,18,-2,10622,7171,9.055,none,,35.44,53.98,38.386,0.9779,1.718,3.099,90
text_000080,1,d-12,18,6,18,-2,10622,7171,9.055,spec30,,37.25,54.58,40.184,0.9821,1.431,2.534,68
text_000080,1,d-12,18,6,18,-2,10622,7171,9.055,freerdp30,,37.69,54.71,40.62,0.9828,1.367,2.416,68
text_000080,1,d-12,18,6,18,-2,10622,7171,9.055,always,,47.61,50.91,48.953,0.9479,0.727,1.215,29
text_000080,1,d-12,18,6,18,-2,10622,7171,9.055,adaptive,0.4,48.38,54.11,50.362,0.986,0.635,1.117,29
text_000080,1,d-12,22,10,22,-2,8533,5240,14.577,none,,35.3,51.26,38.203,0.9648,1.926,3.531,90
text_000080,1,d-12,22,10,22,-2,8533,5240,14.577,spec30,,37.15,51.6,40.011,0.9694,1.619,2.935,73
text_000080,1,d-12,22,10,22,-2,8533,5240,14.577,freerdp30,,37.49,51.65,40.335,0.9699,1.571,2.841,70
text_000080,1,d-12,22,10,22,-2,8533,5240,14.577,always,,44.42,48.43,45.976,0.9207,1.104,1.885,35
text_000080,1,d-12,22,10,22,-2,8533,5240,14.577,adaptive,0.4,44.99,50.95,47.021,0.9702,0.938,1.706,35
text_000080,1,d-12,26,14,26,-2,6589,4096,23.195,none,,34.98,50.09,37.86,0.9542,2.276,4.089,93
text_000080,1,d-12,26,14,26,-2,6589,4096,23.195,spec30,,36.66,50.41,39.489,0.9584,1.981,3.503,85
text_000080,1,d-12,26,14,26,-2,6589,4096,23.195,freerdp30,,36.9,50.44,39.722,0.9589,1.939,3.428,76
text_000080,1,d-12,26,14,26,-2,6589,4096,23.195,always,,41.24,47.63,43.35,0.9059,1.576,2.644,50
text_000080,1,d-12,26,14,26,-2,6589,4096,23.195,adaptive,0.4,41.5,50.4,43.985,0.9606,1.385,2.441,50
text_000080,1,d-12,30,18,30,-2,4849,3075,36.222,none,,34.1,48.36,36.955,0.9301,2.954,5.123,99
text_000080,1,d-12,30,18,30,-2,4849,3075,36.222,spec30,,35.26,48.64,38.073,0.9339,2.69,4.607,122
text_000080,1,d-12,30,18,30,-2,4849,3075,36.222,freerdp30,,35.4,48.66,38.21,0.9342,2.657,4.544,122
text_000080,1,d-12,30,18,30,-2,4849,3075,36.222,always,,37.12,46.32,39.638,0.8741,2.507,4.082,122
text_000080,1,d-12,30,18,30,-2,4849,3075,36.222,adaptive,0.4,37.13,48.76,39.856,0.9349,2.309,3.902,122
text_000080,1,d-12,34,22,34,-2,3450,2235,56.639,none,,32.5,47.26,35.365,0.9069,4.025,6.753,119
text_000080,1,d-12,34,22,34,-2,3450,2235,56.639,spec30,,32.76,47.34,35.625,0.9074,3.858,6.495,160
text_000080,1,d-12,34,22,34,-2,3450,2235,56.639,freerdp30,,32.8,47.34,35.659,0.9074,3.845,6.468,160
text_000080,1,d-12,34,22,34,-2,3450,2235,56.639,always,,33.07,45.8,35.85,0.8491,3.939,6.394,160
text_000080,1,d-12,34,22,34,-2,3450,2235,56.639,adaptive,0.4,33.04,47.34,35.891,0.9066,3.752,6.277,160
text_000080,1,c-6,18,18,18,-6,5659,8224,12.5,none,,35.36,53.84,38.305,0.9739,1.814,3.187,97
text_000080,1,c-6,18,18,18,-6,5659,8224,12.5,spec30,,37.32,54.66,40.248,0.9782,1.511,2.578,77
text_000080,1,c-6,18,18,18,-6,5659,8224,12.5,freerdp30,,37.68,54.78,40.608,0.9789,1.455,2.48,73
text_000080,1,c-6,18,18,18,-6,5659,8224,12.5,always,,45.88,50.04,47.477,0.9382,0.896,1.436,31
text_000080,1,c-6,18,18,18,-6,5659,8224,12.5,adaptive,0.4,46.7,53.93,48.959,0.9808,0.766,1.281,31
text_000080,1,c-6,22,22,22,-6,4104,6260,20.0,none,,35.1,51.76,38.015,0.9584,2.149,3.714,98
text_000080,1,c-6,22,22,22,-6,4104,6260,20.0,spec30,,36.79,52.34,39.676,0.9621,1.859,3.144,85
text_000080,1,c-6,22,22,22,-6,4104,6260,20.0,freerdp30,,37.02,52.41,39.905,0.9626,1.818,3.072,80
text_000080,1,c-6,22,22,22,-6,4104,6260,20.0,always,,42.65,48.52,44.663,0.9088,1.374,2.178,42
text_000080,1,c-6,22,22,22,-6,4104,6260,20.0,adaptive,0.4,43.23,52.53,45.759,0.9648,1.195,1.964,49
text_000080,1,c-6,26,26,26,-6,2906,4765,32.5,none,,34.6,51.71,37.525,0.9502,2.552,4.331,99
text_000080,1,c-6,26,26,26,-6,2906,4765,32.5,spec30,,35.93,52.17,38.837,0.9532,2.269,3.803,91
text_000080,1,c-6,26,26,26,-6,2906,4765,32.5,freerdp30,,36.22,52.26,39.122,0.9537,2.216,3.703,91
text_000080,1,c-6,26,26,26,-6,2906,4765,32.5,always,,39.1,49.63,41.742,0.9078,1.939,3.047,79
text_000080,1,c-6,26,26,26,-6,2906,4765,32.5,adaptive,0.4,39.24,52.83,42.065,0.9561,1.789,2.924,83
text_000080,1,c-6,30,30,30,-6,2189,3661,50.0,none,,33.83,50.53,36.747,0.92,3.156,5.229,122
text_000080,1,c-6,30,30,30,-6,2189,3661,50.0,spec30,,34.79,50.72,37.688,0.9219,2.895,4.746,122
text_000080,1,c-6,30,30,30,-6,2189,3661,50.0,freerdp30,,34.87,50.74,37.771,0.9221,2.873,4.705,122
text_000080,1,c-6,30,30,30,-6,2189,3661,50.0,always,,35.37,48.38,38.169,0.8679,2.93,4.528,122
text_000080,1,c-6,30,30,30,-6,2189,3661,50.0,adaptive,0.4,35.52,50.83,38.4,0.9212,2.713,4.392,122
text_000080,1,c-6,34,34,34,-6,1663,2554,80.0,none,,32.22,48.82,35.132,0.7572,4.155,6.8,124
text_000080,1,c-6,34,34,34,-6,1663,2554,80.0,spec30,,32.03,48.7,34.943,0.7527,4.084,6.728,138
text_000080,1,c-6,34,34,34,-6,1663,2554,80.0,freerdp30,,31.98,48.68,34.901,0.7521,4.093,6.742,138
text_000080,1,c-6,34,34,34,-6,1663,2554,80.0,always,,31.54,46.4,34.415,0.71,4.416,7.043,138
text_000080,1,c-6,34,34,34,-6,1663,2554,80.0,adaptive,0.4,32.07,48.72,34.983,0.7535,4.083,6.728,138
text_000080,1,c-12,18,18,18,-12,7115,9824,8.75,none,,35.35,54.51,38.312,0.9753,1.767,3.121,95
text_000080,1,c-12,18,18,18,-12,7115,9824,8.75,spec30,,37.16,55.3,40.101,0.9794,1.48,2.555,74
text_000080,1,c-12,18,18,18,-12,7115,9824,8.75,freerdp30,,37.71,55.49,40.644,0.9804,1.4,2.409,74
text_000080,1,c-12,18,18,18,-12,7115,9824,8.75,always,,47.36,51.55,48.968,0.9508,0.754,1.214,35
text_000080,1,c-12,18,18,18,-12,7115,9824,8.75,adaptive,0.4,48.0,55.1,50.233,0.9835,0.673,1.124,35
text_000080,1,c-12,22,22,22,-12,5470,7745,14.0,none,,35.13,52.79,38.066,0.963,2.068,3.58,97
text_000080,1,c-12,22,22,22,-12,5470,7745,14.0,spec30,,36.86,53.42,39.775,0.9669,1.78,3.006,73
text_000080,1,c-12,22,22,22,-12,5470,7745,14.0,freerdp30,,37.18,53.52,40.093,0.9673,1.729,2.912,73
text_000080,1,c-12,22,22,22,-12,5470,7745,14.0,always,,44.33,49.31,46.141,0.9207,1.196,1.869,46
text_000080,1,c-12,22,22,22,-12,5470,7745,14.0,adaptive,0.4,44.94,53.12,47.334,0.9686,1.032,1.68,46
text_000080,1,c-12,26,26,26,-12,3965,6002,22.75,none,,34.7,52.59,37.637,0.958,2.479,4.187,99
text_000080,1,c-12,26,26,26,-12,3965,6002,22.75,spec30,,36.22,53.23,39.144,0.9615,2.189,3.618,89
text_000080,1,c-12,26,26,26,-12,3965,6002,22.75,freerdp30,,36.44,53.31,39.36,0.9619,2.149,3.545,89
text_000080,1,c-12,26,26,26,-12,3965,6002,22.75,always,,40.98,48.73,43.316,0.9068,1.741,2.684,52
text_000080,1,c-12,26,26,26,-12,3965,6002,22.75,adaptive,0.4,41.33,54.07,44.12,0.9654,1.539,2.457,57
text_000080,1,c-12,30,30,30,-12,2997,4503,35.0,none,,34.03,50.13,36.934,0.9137,2.984,4.969,98
text_000080,1,c-12,30,30,30,-12,2997,4503,35.0,spec30,,35.28,50.48,38.16,0.9171,2.699,4.415,96
text_000080,1,c-12,30,30,30,-12,2997,4503,35.0,freerdp30,,35.48,50.52,38.358,0.9175,2.652,4.33,96
text_000080,1,c-12,30,30,30,-12,2997,4503,35.0,always,,37.41,47.92,40.047,0.8656,2.453,3.799,80
text_000080,1,c-12,30,30,30,-12,2997,4503,35.0,adaptive,0.4,37.48,50.82,40.292,0.9194,2.279,3.651,80
text_000080,1,c-12,34,34,34,-12,2353,3159,56.0,none,,32.67,49.44,35.585,0.7662,3.763,6.242,108
text_000080,1,c-12,34,34,34,-12,2353,3159,56.0,spec30,,33.13,49.49,36.046,0.7672,3.557,5.888,125
text_000080,1,c-12,34,34,34,-12,2353,3159,56.0,freerdp30,,33.16,49.49,36.07,0.7673,3.548,5.862,125
text_000080,1,c-12,34,34,34,-12,2353,3159,56.0,always,,33.48,47.53,36.325,0.7318,3.595,5.711,125
text_000080,1,c-12,34,34,34,-12,2353,3159,56.0,adaptive,0.4,33.51,49.53,36.412,0.7672,3.426,5.621,125
text_000080,2,d0,18,18,18,-2,4848,6856,17.944,none,,35.31,52.96,38.251,0.9721,1.879,3.27,99
text_000080,2,d0,18,18,18,-2,4848,6856,17.944,spec30,,36.95,53.67,39.873,0.9758,1.6,2.74,81
text_000080,2,d0,18,18,18,-2,4848,6856,17.944,freerdp30,,37.26,53.76,40.17,0.9763,1.555,2.655,75
text_000080,2,d0,18,18,18,-2,4848,6856,17.944,always,,44.1,49.55,46.023,0.9544,1.079,1.745,49
text_000080,2,d0,18,18,18,-2,4848,6856,17.944,adaptive,0.4,44.68,52.66,47.053,0.9774,0.922,1.522,49
text_000080,2,d0,22,22,22,-2,3449,5179,29.09,none,,35.02,51.92,37.947,0.9596,2.225,3.806,99
text_000080,2,d0,22,22,22,-2,3449,5179,29.09,spec30,,36.57,52.51,39.476,0.9629,1.925,3.252,91
text_000080,2,d0,22,22,22,-2,3449,5179,29.09,freerdp30,,36.78,52.55,39.672,0.9632,1.885,3.188,91
text_000080,2,d0,22,22,22,-2,3449,5179,29.09,always,,40.54,50.37,43.124,0.9418,1.578,2.524,77
text_000080,2,d0,22,22,22,-2,3449,5179,29.09,adaptive,0.4,40.84,53.17,43.608,0.9658,1.42,2.33,81
text_000080,2,d0,26,26,26,-2,2413,3956,45.144,none,,34.43,51.97,37.366,0.9508,2.732,4.56,122
text_000080,2,d0,26,26,26,-2,2413,3956,45.144,spec30,,35.45,52.25,38.37,0.9521,2.47,4.101,122
text_000080,2,d0,26,26,26,-2,2413,3956,45.144,freerdp30,,35.51,52.26,38.433,0.9522,2.455,4.071,122
text_000080,2,d0,26,26,26,-2,2413,3956,45.144,always,,36.47,48.34,39.209,0.8985,2.432,3.792,123
text_000080,2,d0,26,26,26,-2,2413,3956,45.144,adaptive,0.4,36.59,52.53,39.494,0.952,2.246,3.653,122
text_000080,2,d0,30,30,30,-2,1754,2988,71.777,none,,33.45,49.5,36.357,0.916,3.427,5.592,123
text_000080,2,d0,30,30,30,-2,1754,2988,71.777,spec30,,33.35,49.46,36.255,0.9124,3.326,5.444,151
text_000080,2,d0,30,30,30,-2,1754,2988,71.777,freerdp30,,33.33,49.45,36.233,0.9122,3.325,5.441,151
text_000080,2,d0,30,30,30,-2,1754,2988,71.777,always,,32.82,46.54,35.648,0.8313,3.646,5.743,151
text_000080,2,d0,30,30,30,-2,1754,2988,71.777,adaptive,0.4,33.28,49.44,36.187,0.9116,3.334,5.456,151
text_000080,2,d0,34,34,34,-2,1304,2182,101.371,none,,31.77,48.9,34.701,0.7408,4.468,7.2,127
text_000080,2,d0,34,34,34,-2,1304,2182,101.371,spec30,,30.29,48.08,33.224,0.7247,4.712,7.829,220
text_000080,2,d0,34,34,34,-2,1304,2182,101.371,freerdp30,,30.26,48.06,33.199,0.7243,4.72,7.841,220
text_000080,2,d0,34,34,34,-2,1304,2182,101.371,always,,29.41,46.8,32.338,0.6827,5.314,8.589,220
text_000080,2,d0,34,34,34,-2,1304,2182,101.371,adaptive,0.4,30.7,48.26,33.631,0.73,4.601,7.613,220
text_000080,2,d-3,18,15,18,-2,6180,6825,13.675,none,,35.37,53.91,38.317,0.9757,1.825,3.195,91
text_000080,2,d-3,18,15,18,-2,6180,6825,13.675,spec30,,37.18,54.6,40.111,0.98,1.535,2.626,73
text_000080,2,d-3,18,15,18,-2,6180,6825,13.675,freerdp30,,37.51,54.71,40.442,0.9806,1.483,2.531,73
text_000080,2,d-3,18,15,18,-2,6180,6825,13.675,always,,45.46,51.86,47.571,0.971,0.94,1.499,54
text_000080,2,d-3,18,15,18,-2,6180,6825,13.675,adaptive,0.4,45.89,53.9,48.262,0.9824,0.818,1.349,47
text_000080,2,d-3,22,19,22,-2,4488,5156,22.232,none,,35.17,51.83,38.084,0.964,2.102,3.658,95
text_000080,2,d-3,22,19,22,-2,4488,5156,22.232,spec30,,36.78,52.41,39.671,0.9676,1.819,3.117,86
text_000080,2,d-3,22,19,22,-2,4488,5156,22.232,freerdp30,,36.96,52.46,39.852,0.968,1.787,3.06,86
text_000080,2,d-3,22,19,22,-2,4488,5156,22.232,always,,42.21,50.23,44.582,0.9504,1.361,2.197,51
text_000080,2,d-3,22,19,22,-2,4488,5156,22.232,adaptive,0.4,42.56,52.9,45.19,0.9714,1.207,2.014,61
text_000080,2,d-3,26,23,26,-2,3123,3933,34.957,none,,34.67,51.32,37.586,0.9514,2.596,4.394,108
text_000080,2,d-3,26,23,26,-2,3123,3933,34.957,spec30,,36.07,51.74,38.969,0.954,2.292,3.839,108
text_000080,2,d-3,26,23,26,-2,3123,3933,34.957,freerdp30,,36.27,51.8,39.16,0.9542,2.255,3.771,108
text_000080,2,d-3,26,23,26,-2,3123,3933,34.957,always,,38.57,48.52,41.161,0.9068,2.072,3.242,84
text_000080,2,d-3,26,23,26,-2,3123,3933,34.957,adaptive,0.4,38.77,52.28,41.588,0.9551,1.895,3.078,108
text_000080,2,d-3,30,27,30,-2,2244,2978,54.699,none,,33.72,51.64,36.661,0.9414,3.296,5.433,123
text_000080,2,d-3,30,27,30,-2,2244,2978,54.699,spec30,,34.46,51.8,37.392,0.9426,3.07,5.028,123
text_000080,2,d-3,30,27,30,-2,2244,2978,54.699,freerdp30,,34.44,51.79,37.375,0.9423,3.068,5.025,123
text_000080,2,d-3,30,27,30,-2,2244,2978,54.699,always,,34.6,48.67,37.445,0.8894,3.174,4.953,122
text_000080,2,d-3,30,27,30,-2,2244,2978,54.699,adaptive,0.4,34.75,51.75,37.676,0.9412,2.972,4.839,123
text_000080,2,d-3,34,31,34,-2,1622,2144,87.841,none,,32.17,50.63,35.115,0.91,4.286,6.915,124
text_000080,2,d-3,34,31,34,-2,1622,2144,87.841,spec30,,31.48,50.06,34.426,0.9018,4.323,7.083,167
text_000080,2,d-3,34,31,34,-2,1622,2144,87.841,freerdp30,,31.46,50.05,34.409,0.9014,4.322,7.085,167
text_000080,2,d-3,34,31,34,-2,1622,2144,87.841,always,,30.83,47.51,33.75,0.8163,4.671,7.481,167
text_000080,2,d-3,34,31,34,-2,1622,2144,87.841,adaptive,0.4,31.56,50.13,34.513,0.9035,4.315,7.074,167
text_000080,2,d-6,18,12,18,-2,7677,6851,11.402,none,,35.4,54.23,38.355,0.9773,1.781,3.135,91
text_000080,2,d-6,18,12,18,-2,7677,6851,11.402,spec30,,37.15,54.92,40.091,0.9814,1.491,2.584,75
text_000080,2,d-6,18,12,18,-2,7677,6851,11.402,freerdp30,,37.48,55.02,40.413,0.9821,1.444,2.495,68
text_000080,2,d-6,18,12,18,-2,7677,6851,11.402,always,,46.62,52.69,48.671,0.9767,0.837,1.34,40
text_000080,2,d-6,18,12,18,-2,7677,6851,11.402,adaptive,0.4,46.99,54.29,49.262,0.9851,0.735,1.225,40
text_000080,2,d-6,22,16,22,-2,5715,5145,18.419,none,,35.23,52.1,38.157,0.966,2.012,3.559,99
text_000080,2,d-6,22,16,22,-2,5715,5145,18.419,spec30,,36.94,52.61,39.838,0.9699,1.719,2.998,72
text_000080,2,d-6,22,16,22,-2,5715,5145,18.419,freerdp30,,37.22,52.67,40.104,0.9706,1.672,2.916,72
text_000080,2,d-6,22,16,22,-2,5715,5145,18.419,always,,43.39,50.0,45.543,0.9532,1.229,2.01,48
text_000080,2,d-6,22,16,22,-2,5715,5145,18.419,adaptive,0.4,43.78,52.6,46.252,0.9736,1.052,1.801,55
text_000080,2,d-6,26,20,26,-2,4100,3947,28.948,none,,34.86,50.64,37.754,0.9525,2.447,4.221,96
text_000080,2,d-6,26,20,26,-2,4100,3947,28.948,spec30,,36.38,51.11,39.243,0.9559,2.155,3.66,88
text_000080,2,d-6,26,20,26,-2,4100,3947,28.948,freerdp30,,36.57,51.17,39.434,0.9563,2.124,3.597,88
text_000080,2,d-6,26,20,26,-2,4100,3947,28.948,always,,39.96,48.02,42.341,0.9064,1.81,2.895,66
text_000080,2,d-6,26,20,26,-2,4100,3947,28.948,adaptive,0.4,40.16,51.59,42.871,0.9593,1.655,2.737,74
text_000080,2,d-6,30,24,30,-2,2880,2968,45.607,none,,33.92,50.96,36.847,0.9428,3.217,5.323,109
text_000080,2,d-6,30,24,30,-2,2880,2968,45.607,spec30,,34.91,51.37,37.825,0.945,2.969,4.859,109
text_000080,2,d-6,30,24,30,-2,2880,2968,45.607,freerdp30,,35.0,51.41,37.91,0.9452,2.948,4.818,109
text_000080,2,d-6,30,24,30,-2,2880,2968,45.607,always,,35.88,48.36,38.651,0.8906,2.907,4.523,98
text_000080,2,d-6,30,24,30,-2,2880,2968,45.607,adaptive,0.4,35.88,51.56,38.773,0.9452,2.75,4.428,109
text_000080,2,d-6,34,28,34,-2,2063,2145,72.36,none,,32.36,49.82,35.298,0.9082,4.164,6.797,124
text_000080,2,d-6,34,28,34,-2,2063,2145,72.36,spec30,,32.43,49.6,35.356,0.906,4.045,6.631,143
text_000080,2,d-6,34,28,34,-2,2063,2145,72.36,freerdp30,,32.44,49.58,35.365,0.9055,4.033,6.608,143
text_000080,2,d-6,34,28,34,-2,2063,2145,72.36,always,,32.14,46.68,35.003,0.8353,4.286,6.809,143
text_000080,2,d-6,34,28,34,-2,2063,2145,72.36,adaptive,0.4,32.44,49.58,35.365,0.9053,4.033,6.601,143
text_000080,2,d-12,18,6,18,-2,10622,6831,9.055,none,,35.42,54.78,38.378,0.9798,1.742,3.09,90
text_000080,2,d-12,18,6,18,-2,10622,6831,9.055,spec30,,37.13,55.5,40.081,0.9839,1.454,2.549,74
text_000080,2,d-12,18,6,18,-2,10622,6831,9.055,freerdp30,,37.57,55.66,40.515,0.9847,1.392,2.429,74
text_000080,2,d-12,18,6,18,-2,10622,6831,9.055,always,,47.59,54.22,49.742,0.9843,0.732,1.196,39
text_000080,2,d-12,18,6,18,-2,10622,6831,9.055,adaptive,0.4,47.77,55.16,50.053,0.9888,0.658,1.115,41
text_000080,2,d-12,22,10,22,-2,8533,5148,14.577,none,,35.32,52.5,38.245,0.9695,1.936,3.468,90
text_000080,2,d-12,22,10,22,-2,8533,5148,14.577,spec30,,37.11,52.94,40.006,0.9737,1.64,2.892,74
text_000080,2,d-12,22,10,22,-2,8533,5148,14.577,freerdp30,,37.45,53.01,40.337,0.9743,1.587,2.794,74
text_000080,2,d-12,22,10,22,-2,8533,5148,14.577,always,,44.66,50.57,46.678,0.9604,1.097,1.817,51
text_000080,2,d-12,22,10,22,-2,8533,5148,14.577,adaptive,0.4,44.92,52.16,47.181,0.9756,0.953,1.659,57
text_000080,2,d-12,26,14,26,-2,6589,3907,23.195,none,,34.97,50.62,37.868,0.9559,2.311,4.09,93
text_000080,2,d-12,26,14,26,-2,6589,3907,23.195,spec30,,36.59,50.96,39.445,0.9599,2.027,3.522,76
text_000080,2,d-12,26,14,26,-2,6589,3907,23.195,freerdp30,,36.83,51.0,39.68,0.9605,1.982,3.444,76
text_000080,2,d-12,26,14,26,-2,6589,3907,23.195,always,,41.13,47.22,43.185,0.9056,1.634,2.684,50
text_000080,2,d-12,26,14,26,-2,6589,3907,23.195,adaptive,0.4,41.35,50.99,43.912,0.9635,1.423,2.454,65
text_000080,2,d-12,30,18,30,-2,4849,2965,36.222,none,,34.26,49.88,37.151,0.9454,2.89,4.966,99
text_000080,2,d-12,30,18,30,-2,4849,2965,36.222,spec30,,35.44,50.25,38.311,0.949,2.632,4.46,88
text_000080,2,d-12,30,18,30,-2,4849,2965,36.222,freerdp30,,35.58,50.28,38.449,0.9492,2.6,4.398,88
text_000080,2,d-12,30,18,30,-2,4849,2965,36.222,always,,37.47,46.76,39.995,0.8865,2.435,3.936,83
text_000080,2,d-12,30,18,30,-2,4849,2965,36.222,adaptive,0.4,37.47,50.53,40.275,0.9514,2.247,3.753,83
text_000080,2,d-12,34,22,34,-2,3450,2088,56.639,none,,32.61,48.97,35.517,0.9195,4.011,6.65,124
text_000080,2,d-12,34,22,34,-2,3450,2088,56.639,spec30,,32.96,49.09,35.862,0.9206,3.806,6.343,148
text_000080,2,d-12,34,22,34,-2,3450,2088,56.639,freerdp30,,32.99,49.09,35.892,0.9207,3.792,6.318,148
text_000080,2,d-12,34,22,34,-2,3450,2088,56.639,always,,33.16,46.89,35.986,0.8563,3.933,6.298,148
text_000080,2,d-12,34,22,34,-2,3450,2088,56.639,adaptive,0.4,33.21,49.11,36.115,0.9205,3.712,6.148,148
text_000080,2,c-6,18,18,18,-6,5659,7716,12.5,none,,35.35,54.28,38.303,0.9753,1.823,3.17,97
text_000080,2,c-6,18,18,18,-6,5659,7716,12.5,spec30,,37.18,55.16,40.123,0.9794,1.524,2.591,73
text_000080,2,c-6,18,18,18,-6,5659,7716,12.5,freerdp30,,37.54,55.29,40.473,0.98,1.474,2.496,73
text_000080,2,c-6,18,18,18,-6,5659,7716,12.5,always,,45.84,52.22,47.947,0.9696,0.908,1.432,44
text_000080,2,c-6,18,18,18,-6,5659,7716,12.5,adaptive,0.4,46.4,54.74,48.816,0.9827,0.78,1.274,44
text_000080,2,c-6,22,22,22,-6,4104,5925,20.0,none,,35.1,52.5,38.035,0.9617,2.156,3.674,98
text_000080,2,c-6,22,22,22,-6,4104,5925,20.0,spec30,,36.83,53.23,39.746,0.9655,1.851,3.088,78
text_000080,2,c-6,22,22,22,-6,4104,5925,20.0,freerdp30,,37.09,53.3,39.995,0.9659,1.811,3.013,78
text_000080,2,c-6,22,22,22,-6,4104,5925,20.0,always,,42.72,49.87,44.964,0.9446,1.376,2.163,56
text_000080,2,c-6,22,22,22,-6,4104,5925,20.0,adaptive,0.4,43.14,53.39,45.758,0.9685,1.207,1.942,63
text_000080,2,c-6,26,26,26,-6,2906,4454,32.5,none,,34.62,52.28,37.556,0.9555,2.571,4.326,99
text_000080,2,c-6,26,26,26,-6,2906,4454,32.5,spec30,,35.95,52.79,38.876,0.9583,2.287,3.799,91
text_000080,2,c-6,26,26,26,-6,2906,4454,32.5,freerdp30,,36.19,52.88,39.108,0.9587,2.242,3.716,91
text_000080,2,c-6,26,26,26,-6,2906,4454,32.5,always,,39.23,50.57,41.93,0.9369,1.968,3.071,77
text_000080,2,c-6,26,26,26,-6,2906,4454,32.5,adaptive,0.4,39.3,53.61,42.153,0.9613,1.802,2.913,83
text_000080,2,c-6,30,30,30,-6,2189,3376,50.0,none,,33.88,51.31,36.814,0.9347,3.163,5.224,122
text_000080,2,c-6,30,30,30,-6,2189,3376,50.0,spec30,,34.69,51.45,37.609,0.936,2.933,4.809,122
text_000080,2,c-6,30,30,30,-6,2189,3376,50.0,freerdp30,,34.75,51.46,37.666,0.936,2.914,4.775,122
text_000080,2,c-6,30,30,30,-6,2189,3376,50.0,always,,35.17,47.94,37.954,0.8794,2.975,4.619,122
text_000080,2,c-6,30,30,30,-6,2189,3376,50.0,adaptive,0.4,35.36,51.54,38.265,0.9352,2.764,4.474,122
text_000080,2,c-6,34,34,34,-6,1663,2454,80.0,none,,32.39,50.02,35.328,0.7598,4.041,6.566,124
text_000080,2,c-6,34,34,34,-6,1663,2454,80.0,spec30,,32.12,49.82,35.061,0.7553,3.99,6.521,155
text_000080,2,c-6,34,34,34,-6,1663,2454,80.0,freerdp30,,32.1,49.82,35.041,0.755,3.991,6.522,155
text_000080,2,c-6,34,34,34,-6,1663,2454,80.0,always,,31.5,48.44,34.428,0.7233,4.349,6.892,155
text_000080,2,c-6,34,34,34,-6,1663,2454,80.0,adaptive,0.4,32.1,49.83,35.039,0.7557,4.003,6.557,155
text_000080,2,c-12,18,18,18,-12,7115,8924,8.75,none,,35.35,54.95,38.31,0.9763,1.779,3.111,95
text_000080,2,c-12,18,18,18,-12,7115,8924,8.75,spec30,,37.0,55.75,39.951,0.9802,1.51,2.585,74
text_000080,2,c-12,18,18,18,-12,7115,8924,8.75,freerdp30,,37.44,55.94,40.39,0.981,1.442,2.462,74
text_000080,2,c-12,18,18,18,-12,7115,8924,8.75,always,,47.41,54.61,49.666,0.9802,0.762,1.209,38
text_000080,2,c-12,18,18,18,-12,7115,8924,8.75,adaptive,0.4,47.63,55.84,50.029,0.9853,0.692,1.13,38
text_000080,2,c-12,22,22,22,-12,5470,7164,14.0,none,,35.13,53.48,38.078,0.9645,2.081,3.556,97
text_000080,2,c-12,22,22,22,-12,5470,7164,14.0,spec30,,36.84,54.2,39.77,0.9682,1.782,2.981,77
text_000080,2,c-12,22,22,22,-12,5470,7164,14.0,freerdp30,,37.14,54.31,40.068,0.9687,1.739,2.894,76
text_000080,2,c-12,22,22,22,-12,5470,7164,14.0,always,,44.4,51.4,46.62,0.9565,1.198,1.858,48
text_000080,2,c-12,22,22,22,-12,5470,7164,14.0,adaptive,0.4,44.65,53.79,47.161,0.9702,1.066,1.699,52
text_000080,2,c-12,26,26,26,-12,3965,5652,22.75,none,,34.7,52.84,37.642,0.9567,2.477,4.177,99
text_000080,2,c-12,26,26,26,-12,3965,5652,22.75,spec30,,36.14,53.47,39.067,0.9599,2.197,3.636,83
text_000080,2,c-12,26,26,26,-12,3965,5652,22.75,freerdp30,,36.28,53.52,39.207,0.9601,2.164,3.583,83
text_000080,2,c-12,26,26,26,-12,3965,5652,22.75,always,,41.14,49.47,43.556,0.9367,1.738,2.706,60
text_000080,2,c-12,26,26,26,-12,3965,5652,22.75,adaptive,0.4,41.29,54.31,44.087,0.9641,1.54,2.47,71
text_000080,2,c-12,30,30,30,-12,2997,4166,35.0,none,,34.1,52.23,37.047,0.9369,2.963,4.939,98
text_000080,2,c-12,30,30,30,-12,2997,4166,35.0,spec30,,35.27,52.74,38.201,0.94,2.69,4.419,93
text_000080,2,c-12,30,30,30,-12,2997,4166,35.0,freerdp30,,35.39,52.8,38.321,0.9402,2.667,4.37,93
text_000080,2,c-12,30,30,30,-12,2997,4166,35.0,always,,37.56,49.87,40.323,0.9097,2.419,3.768,82
text_000080,2,c-12,30,30,30,-12,2997,4166,35.0,adaptive,0.4,37.65,53.44,40.549,0.9426,2.249,3.608,82
text_000080,2,c-12,34,34,34,-12,2353,3093,56.0,none,,32.85,51.48,35.801,0.7686,3.65,6.0,123
text_000080,2,c-12,34,34,34,-12,2353,3093,56.0,spec30,,33.5,51.63,36.443,0.7704,3.41,5.565,123
text_000080,2,c-12,34,34,34,-12,2353,3093,56.0,freerdp30,,33.53,51.62,36.471,0.7703,3.397,5.542,123
text_000080,2,c-12,34,34,34,-12,2353,3093,56.0,always,,33.65,49.82,36.561,0.7419,3.551,5.519,123
text_000080,2,c-12,34,34,34,-12,2353,3093,56.0,adaptive,0.4,33.78,51.62,36.72,0.7698,3.317,5.367,123
text_0000ff,1,d0,18,18,18,-2,7498,10611,17.944,none,,29.47,49.19,32.431,0.9571,2.385,5.658,182
text_0000ff,1,d0,18,18,18,-2,7498,10611,17.944,spec30,,39.55,52.07,42.321,0.9732,1.123,2.139,72
text_0000ff,1,d0,18,18,18,-2,7498,10611,17.944,freerdp30,,40.04,52.13,42.794,0.9735,1.095,2.069,72
text_0000ff,1,d0,18,18,18,-2,7498,10611,17.944,always,,44.18,47.99,45.679,0.9399,1.041,1.813,59
text_0000ff,1,d0,18,18,18,-2,7498,10611,17.944,adaptive,0.4,44.88,49.76,46.666,0.9644,0.884,1.629,59
text_0000ff,1,d0,22,22,22,-2,5610,8357,29.09,none,,29.38,47.21,32.322,0.9344,2.684,6.222,186
text_0000ff,1,d0,22,22,22,-2,5610,8357,29.09,spec30,,38.17,49.24,40.854,0.9482,1.491,2.881,126
text_0000ff,1,d0,22,22,22,-2,5610,8357,29.09,freerdp30,,38.38,49.26,41.046,0.9484,1.474,2.844,126
text_0000ff,1,d0,22,22,22,-2,5610,8357,29.09,always,,40.69,44.94,42.311,0.8966,1.549,2.783,74
text_0000ff,1,d0,22,22,22,-2,5610,8357,29.09,adaptive,0.4,41.29,47.25,43.317,0.9367,1.309,2.468,74
text_0000ff,1,d0,26,26,26,-2,4036,6161,45.144,none,,29.16,44.91,32.054,0.8825,3.185,7.219,195
text_0000ff,1,d0,26,26,26,-2,4036,6161,45.144,spec30,,35.94,46.2,38.559,0.8913,2.102,4.143,137
text_0000ff,1,d0,26,26,26,-2,4036,6161,45.144,freerdp30,,36.04,46.21,38.654,0.8913,2.093,4.118,137
text_0000ff,1,d0,26,26,26,-2,4036,6161,45.144,always,,36.26,43.15,38.46,0.7509,2.294,4.169,104
text_0000ff,1,d0,26,26,26,-2,4036,6161,45.144,adaptive,0.4,36.99,46.19,39.505,0.8888,1.994,3.846,137
text_0000ff,1,d0,30,30,30,-2,2934,4840,71.777,none,,28.76,44.92,31.669,0.8503,3.922,8.375,218
text_0000ff,1,d0,30,30,30,-2,2934,4840,71.777,spec30,,32.94,45.84,35.733,0.8527,3.088,5.855,164
text_0000ff,1,d0,30,30,30,-2,2934,4840,71.777,freerdp30,,32.94,45.84,35.731,0.8523,3.092,5.849,164
text_0000ff,1,d0,30,30,30,-2,2934,4840,71.777,always,,32.56,43.18,35.207,0.7237,3.465,6.126,164
text_0000ff,1,d0,30,30,30,-2,2934,4840,71.777,adaptive,0.4,32.97,45.83,35.763,0.852,3.093,5.837,164
text_0000ff,1,d0,34,34,34,-2,2190,3831,101.371,none,,28.07,43.64,30.958,0.7242,4.854,9.888,243
text_0000ff,1,d0,34,34,34,-2,2190,3831,101.371,spec30,,29.78,43.91,32.629,0.7186,4.34,8.152,243
text_0000ff,1,d0,34,34,34,-2,2190,3831,101.371,freerdp30,,29.78,43.91,32.626,0.7181,4.342,8.145,243
text_0000ff,1,d0,34,34,34,-2,2190,3831,101.371,always,,29.6,42.13,32.377,0.6324,4.785,8.522,247
text_0000ff,1,d0,34,34,34,-2,2190,3831,101.371,adaptive,0.4,29.77,43.95,32.613,0.7214,4.316,8.228,243
text_0000ff,1,d-3,18,15,18,-2,8978,10580,13.675,none,,29.48,49.76,32.449,0.9638,2.331,5.58,180
text_0000ff,1,d-3,18,15,18,-2,8978,10580,13.675,spec30,,39.85,53.02,42.66,0.9801,1.042,1.997,77
text_0000ff,1,d-3,18,15,18,-2,8978,10580,13.675,freerdp30,,40.25,53.06,43.038,0.9803,1.019,1.944,69
text_0000ff,1,d-3,18,15,18,-2,8978,10580,13.675,always,,45.48,50.19,47.225,0.9596,0.883,1.539,59
text_0000ff,1,d-3,18,15,18,-2,8978,10580,13.675,adaptive,0.4,45.98,51.75,47.968,0.976,0.763,1.408,59
text_0000ff,1,d-3,22,19,22,-2,7043,8316,22.232,none,,29.42,47.85,32.364,0.9423,2.598,6.1,181
text_0000ff,1,d-3,22,19,22,-2,7043,8316,22.232,spec30,,38.59,49.81,41.281,0.9576,1.377,2.679,94
text_0000ff,1,d-3,22,19,22,-2,7043,8316,22.232,freerdp30,,38.97,49.84,41.641,0.9579,1.348,2.615,94
text_0000ff,1,d-3,22,19,22,-2,7043,8316,22.232,always,,42.28,46.69,43.951,0.9219,1.338,2.389,63
text_0000ff,1,d-3,22,19,22,-2,7043,8316,22.232,adaptive,0.4,42.81,48.14,44.704,0.9471,1.153,2.181,63
text_0000ff,1,d-3,26,23,26,-2,5177,6083,34.957,none,,29.26,44.99,32.155,0.8999,3.006,6.996,200
text_0000ff,1,d-3,26,23,26,-2,5177,6083,34.957,spec30,,36.71,46.14,39.256,0.912,1.873,3.786,134
text_0000ff,1,d-3,26,23,26,-2,5177,6083,34.957,freerdp30,,36.92,46.16,39.442,0.9123,1.853,3.742,134
text_0000ff,1,d-3,26,23,26,-2,5177,6083,34.957,always,,38.04,43.04,39.856,0.7683,1.992,3.664,110
text_0000ff,1,d-3,26,23,26,-2,5177,6083,34.957,adaptive,0.4,38.82,45.87,41.052,0.907,1.712,3.371,133
text_0000ff,1,d-3,30,27,30,-2,3758,4788,54.699,none,,28.94,44.23,31.822,0.8642,3.707,8.129,198
text_0000ff,1,d-3,30,27,30,-2,3758,4788,54.699,spec30,,34.55,45.31,37.208,0.8717,2.694,5.201,165
text_0000ff,1,d-3,30,27,30,-2,3758,4788,54.699,freerdp30,,34.6,45.31,37.26,0.8716,2.688,5.179,165
text_0000ff,1,d-3,30,27,30,-2,3758,4788,54.699,always,,34.44,43.15,36.906,0.7386,3.013,5.337,152
text_0000ff,1,d-3,30,27,30,-2,3758,4788,54.699,adaptive,0.4,34.92,45.28,37.551,0.8689,2.683,5.068,165
text_0000ff,1,d-3,34,31,34,-2,2661,3859,87.841,none,,28.32,44.21,31.221,0.8303,4.734,9.671,243
text_0000ff,1,d-3,34,31,34,-2,2661,3859,87.841,spec30,,30.89,44.7,33.721,0.8259,4.103,7.583,243
text_0000ff,1,d-3,34,31,34,-2,2661,3859,87.841,freerdp30,,30.88,44.69,33.71,0.8255,4.112,7.586,243
text_0000ff,1,d-3,34,31,34,-2,2661,3859,87.841,always,,30.59,42.0,33.297,0.6881,4.523,7.928,239
text_0000ff,1,d-3,34,31,34,-2,2661,3859,87.841,adaptive,0.4,30.73,44.71,33.574,0.8277,4.087,7.648,243
text_0000ff,1,d-6,18,12,18,-2,10444,10541,11.402,none,,29.48,50.0,32.452,0.9662,2.297,5.536,177
text_0000ff,1,d-6,18,12,18,-2,10444,10541,11.402,spec30,,39.93,53.36,42.748,0.9827,0.996,1.933,71
text_0000ff,1,d-6,18,12,18,-2,10444,10541,11.402,freerdp30,,40.32,53.4,43.125,0.9828,0.977,1.882,69
text_0000ff,1,d-6,18,12,18,-2,10444,10541,11.402,always,,46.6,51.39,48.367,0.9686,0.79,1.387,59
text_0000ff,1,d-6,18,12,18,-2,10444,10541,11.402,adaptive,0.4,46.99,52.63,48.956,0.9806,0.696,1.289,59
text_0000ff,1,d-6,22,16,22,-2,8441,8273,18.419,none,,29.44,48.19,32.392,0.9477,2.536,6.017,178
text_0000ff,1,d-6,22,16,22,-2,8441,8273,18.419,spec30,,39.15,50.2,41.836,0.9638,1.271,2.498,80
text_0000ff,1,d-6,22,16,22,-2,8441,8273,18.419,freerdp30,,39.5,50.22,42.158,0.9641,1.25,2.447,73
text_0000ff,1,d-6,22,16,22,-2,8441,8273,18.419,always,,43.38,47.78,45.045,0.9361,1.194,2.15,67
text_0000ff,1,d-6,22,16,22,-2,8441,8273,18.419,adaptive,0.4,43.82,49.2,45.727,0.9575,1.021,1.959,67
text_0000ff,1,d-6,26,20,26,-2,6546,6028,28.948,none,,29.32,45.13,32.213,0.9025,2.889,6.874,183
text_0000ff,1,d-6,26,20,26,-2,6546,6028,28.948,spec30,,37.66,46.1,40.09,0.9172,1.696,3.5,122
text_0000ff,1,d-6,26,20,26,-2,6546,6028,28.948,freerdp30,,37.85,46.11,40.254,0.9172,1.676,3.457,122
text_0000ff,1,d-6,26,20,26,-2,6546,6028,28.948,always,,39.14,42.93,40.632,0.7707,1.816,3.412,80
text_0000ff,1,d-6,26,20,26,-2,6546,6028,28.948,adaptive,0.4,40.08,45.41,41.975,0.9064,1.522,3.095,80
text_0000ff,1,d-6,30,24,30,-2,4806,4697,45.607,none,,29.05,43.6,31.912,0.8705,3.518,7.936,197
text_0000ff,1,d-6,30,24,30,-2,4806,4697,45.607,spec30,,35.32,44.47,37.834,0.8808,2.455,4.861,124
text_0000ff,1,d-6,30,24,30,-2,4806,4697,45.607,freerdp30,,35.44,44.48,37.944,0.8808,2.44,4.823,124
text_0000ff,1,d-6,30,24,30,-2,4806,4697,45.607,always,,35.84,42.07,37.922,0.7347,2.69,4.87,83
text_0000ff,1,d-6,30,24,30,-2,4806,4697,45.607,adaptive,0.4,36.37,44.39,38.742,0.8764,2.347,4.559,93
text_0000ff,1,d-6,34,28,34,-2,3429,3793,72.36,none,,28.44,43.12,31.309,0.8076,4.479,9.451,199
text_0000ff,1,d-6,34,28,34,-2,3429,3793,72.36,spec30,,32.28,43.74,34.989,0.8107,3.615,6.83,162
text_0000ff,1,d-6,34,28,34,-2,3429,3793,72.36,freerdp30,,32.33,43.75,35.042,0.8106,3.61,6.808,162
text_0000ff,1,d-6,34,28,34,-2,3429,3793,72.36,always,,32.21,42.06,34.791,0.6888,4.009,7.072,160
text_0000ff,1,d-6,34,28,34,-2,3429,3793,72.36,adaptive,0.4,32.38,43.75,35.084,0.8102,3.605,6.782,162
text_0000ff,1,d-12,18,6,18,-2,13523,10555,9.055,none,,29.49,50.25,32.463,0.9694,2.251,5.477,179
text_0000ff,1,d-12,18,6,18,-2,13523,10555,9.055,spec30,,39.93,53.89,42.765,0.9857,0.942,1.859,74
text_0000ff,1,d-12,18,6,18,-2,13523,10555,9.055,freerdp30,,40.4,53.94,43.224,0.986,0.916,1.796,74
text_0000ff,1,d-12,18,6,18,-2,13523,10555,9.055,always,,47.77,53.54,49.756,0.9792,0.667,1.2,59
text_0000ff,1,d-12,18,6,18,-2,13523,10555,9.055,adaptive,0.4,47.97,54.83,50.167,0.9882,0.6,1.131,59
text_0000ff,1,d-12,22,10,22,-2,11433,8250,14.577,none,,29.45,48.51,32.407,0.9535,2.461,5.923,178
text_0000ff,1,d-12,22,10,22,-2,11433,8250,14.577,spec30,,39.26,50.58,41.965,0.9701,1.176,2.369,102
text_0000ff,1,d-12,22,10,22,-2,11433,8250,14.577,freerdp30,,39.6,50.6,42.282,0.9702,1.149,2.317,102
text_0000ff,1,d-12,22,10,22,-2,11433,8250,14.577,always,,44.54,49.05,46.232,0.9529,1.022,1.898,61
text_0000ff,1,d-12,22,10,22,-2,11433,8250,14.577,adaptive,0.4,44.8,49.88,46.635,0.9659,0.905,1.773,61
text_0000ff,1,d-12,26,14,26,-2,9425,5998,23.195,none,,29.36,45.48,32.261,0.9155,2.765,6.709,179
text_0000ff,1,d-12,26,14,26,-2,9425,5998,23.195,spec30,,38.13,46.39,40.533,0.9316,1.54,3.243,125
text_0000ff,1,d-12,26,14,26,-2,9425,5998,23.195,freerdp30,,38.37,46.39,40.74,0.9317,1.517,3.197,125
text_0000ff,1,d-12,26,14,26,-2,9425,5998,23.195,always,,40.29,43.0,41.437,0.7796,1.614,3.112,79
text_0000ff,1,d-12,26,14,26,-2,9425,5998,23.195,adaptive,0.4,41.26,45.63,42.914,0.9202,1.331,2.8,79
text_0000ff,1,d-12,30,18,30,-2,7499,4627,36.222,none,,29.15,44.07,32.026,0.891,3.273,7.634,182
text_0000ff,1,d-12,30,18,30,-2,7499,4627,36.222,spec30,,36.36,44.72,38.776,0.9055,2.122,4.346,126
text_0000ff,1,d-12,30,18,30,-2,7499,4627,36.222,freerdp30,,36.49,44.73,38.892,0.9055,2.108,4.307,126
text_0000ff,1,d-12,30,18,30,-2,7499,4627,36.222,always,,37.03,41.6,38.74,0.733,2.412,4.489,85
text_0000ff,1,d-12,30,18,30,-2,7499,4627,36.222,adaptive,0.4,37.66,44.38,39.831,0.8957,2.022,4.064,85
text_0000ff,1,d-12,34,22,34,-2,5611,3714,56.639,none,,28.63,43.22,31.497,0.8669,4.138,9.081,186
text_0000ff,1,d-12,34,22,34,-2,5611,3714,56.639,spec30,,33.32,43.83,35.958,0.8758,3.161,6.191,130
text_0000ff,1,d-12,34,22,34,-2,5611,3714,56.639,freerdp30,,33.37,43.83,36.007,0.8757,3.146,6.161,130
text_0000ff,1,d-12,34,22,34,-2,5611,3714,56.639,always,,33.52,41.5,35.885,0.7241,3.481,6.339,130
text_0000ff,1,d-12,34,22,34,-2,5611,3714,56.639,adaptive,0.4,33.7,43.77,36.303,0.8721,3.106,6.026,130
text_0000ff,1,c-6,18,18,18,-6,8504,11632,12.5,none,,29.47,49.82,32.44,0.9607,2.33,5.569,182
text_0000ff,1,c-6,18,18,18,-6,8504,11632,12.5,spec30,,39.66,53.07,42.474,0.9772,1.048,2.002,75
text_0000ff,1,c-6,18,18,18,-6,8504,11632,12.5,freerdp30,,40.08,53.11,42.876,0.9774,1.021,1.942,75
text_0000ff,1,c-6,18,18,18,-6,8504,11632,12.5,always,,45.81,50.69,47.597,0.9591,0.857,1.481,64
text_0000ff,1,c-6,18,18,18,-6,8504,11632,12.5,adaptive,0.4,46.31,52.46,48.377,0.9753,0.737,1.355,67
text_0000ff,1,c-6,22,22,22,-6,6517,9367,20.0,none,,29.4,48.23,32.355,0.9416,2.591,6.056,184
text_0000ff,1,c-6,22,22,22,-6,6517,9367,20.0,spec30,,38.97,50.5,41.685,0.9562,1.339,2.553,126
text_0000ff,1,c-6,22,22,22,-6,6517,9367,20.0,freerdp30,,39.29,50.52,41.985,0.9564,1.316,2.503,126
text_0000ff,1,c-6,22,22,22,-6,6517,9367,20.0,always,,42.85,47.04,44.46,0.921,1.288,2.267,80
text_0000ff,1,c-6,22,22,22,-6,6517,9367,20.0,adaptive,0.4,43.36,48.97,45.314,0.9482,1.099,2.049,80
text_0000ff,1,c-6,26,26,26,-6,4786,7064,32.5,none,,29.23,45.92,32.149,0.8944,3.072,6.947,191
text_0000ff,1,c-6,26,26,26,-6,4786,7064,32.5,spec30,,37.44,47.41,40.033,0.9052,1.867,3.565,128
text_0000ff,1,c-6,26,26,26,-6,4786,7064,32.5,freerdp30,,37.64,47.43,40.214,0.9053,1.847,3.52,128
text_0000ff,1,c-6,26,26,26,-6,4786,7064,32.5,always,,38.62,43.36,40.37,0.7643,2.005,3.537,82
text_0000ff,1,c-6,26,26,26,-6,4786,7064,32.5,adaptive,0.4,39.52,46.78,41.784,0.8996,1.711,3.187,82
text_0000ff,1,c-6,30,30,30,-6,3449,5401,50.0,none,,28.88,45.22,31.79,0.8542,3.697,8.0,195
text_0000ff,1,c-6,30,30,30,-6,3449,5401,50.0,spec30,,34.5,46.44,37.241,0.8604,2.678,5.064,149
text_0000ff,1,c-6,30,30,30,-6,3449,5401,50.0,freerdp30,,34.6,46.46,37.335,0.8604,2.664,5.028,149
text_0000ff,1,c-6,30,30,30,-6,3449,5401,50.0,always,,34.86,43.49,37.309,0.7295,2.903,5.072,105
text_0000ff,1,c-6,30,30,30,-6,3449,5401,50.0,adaptive,0.4,35.26,46.49,37.955,0.8588,2.589,4.799,137
text_0000ff,1,c-6,34,34,34,-6,2522,4160,80.0,none,,28.28,43.91,31.175,0.7451,4.606,9.497,221
text_0000ff,1,c-6,34,34,34,-6,2522,4160,80.0,spec30,,31.73,44.51,34.515,0.7461,3.806,7.021,165
text_0000ff,1,c-6,34,34,34,-6,2522,4160,80.0,freerdp30,,31.73,44.5,34.518,0.7457,3.812,7.021,165
text_0000ff,1,c-6,34,34,34,-6,2522,4160,80.0,always,,31.45,42.84,34.155,0.6671,4.217,7.33,159
text_0000ff,1,c-6,34,34,34,-6,2522,4160,80.0,adaptive,0.4,31.61,44.51,34.401,0.7466,3.822,7.079,165
text_0000ff,1,c-12,18,18,18,-12,10073,13219,8.75,none,,29.47,50.1,32.444,0.9624,2.281,5.501,180
text_0000ff,1,c-12,18,18,18,-12,10073,13219,8.75,spec30,,39.96,53.58,42.786,0.979,0.976,1.884,69
text_0000ff,1,c-12,18,18,18,-12,10073,13219,8.75,freerdp30,,40.3,53.62,43.113,0.9792,0.954,1.837,69
text_0000ff,1,c-12,18,18,18,-12,10073,13219,8.75,always,,47.19,52.87,49.161,0.9717,0.713,1.262,59
text_0000ff,1,c-12,18,18,18,-12,10073,13219,8.75,adaptive,0.4,47.39,54.18,49.576,0.9807,0.642,1.186,59
text_0000ff,1,c-12,22,22,22,-12,8045,11019,14.0,none,,29.4,48.84,32.364,0.9459,2.507,5.926,180
text_0000ff,1,c-12,22,22,22,-12,8045,11019,14.0,spec30,,39.23,51.29,41.976,0.9608,1.227,2.368,93
text_0000ff,1,c-12,22,22,22,-12,8045,11019,14.0,freerdp30,,39.52,51.32,42.251,0.961,1.207,2.323,93
text_0000ff,1,c-12,22,22,22,-12,8045,11019,14.0,always,,44.43,49.38,46.231,0.943,1.068,1.894,65
text_0000ff,1,c-12,22,22,22,-12,8045,11019,14.0,adaptive,0.4,44.73,50.54,46.726,0.9568,0.942,1.756,65
text_0000ff,1,c-12,26,26,26,-12,6152,8577,22.75,none,,29.24,46.7,32.174,0.9003,2.944,6.745,193
text_0000ff,1,c-12,26,26,26,-12,6152,8577,22.75,spec30,,37.95,48.21,40.569,0.9115,1.701,3.245,131
text_0000ff,1,c-12,26,26,26,-12,6152,8577,22.75,freerdp30,,38.17,48.22,40.774,0.9116,1.686,3.203,131
text_0000ff,1,c-12,26,26,26,-12,6152,8577,22.75,always,,40.09,43.98,41.61,0.774,1.727,3.055,80
text_0000ff,1,c-12,26,26,26,-12,6152,8577,22.75,adaptive,0.4,40.95,47.49,43.094,0.9045,1.475,2.752,80
text_0000ff,1,c-12,30,30,30,-12,4605,6793,35.0,none,,28.96,46.14,31.891,0.8624,3.512,7.654,194
text_0000ff,1,c-12,30,30,30,-12,4605,6793,35.0,spec30,,36.0,47.63,38.72,0.8702,2.353,4.343,133
text_0000ff,1,c-12,30,30,30,-12,4605,6793,35.0,freerdp30,,36.2,47.65,38.912,0.8702,2.33,4.29,133
text_0000ff,1,c-12,30,30,30,-12,4605,6793,35.0,always,,37.03,43.04,39.066,0.7218,2.54,4.335,91
text_0000ff,1,c-12,30,30,30,-12,4605,6793,35.0,adaptive,0.4,37.61,47.17,40.165,0.8648,2.19,3.933,91
text_0000ff,1,c-12,34,34,34,-12,3423,5329,56.0,none,,28.42,44.28,31.321,0.7593,4.383,9.102,192
text_0000ff,1,c-12,34,34,34,-12,3423,5329,56.0,spec30,,33.2,45.18,35.942,0.7649,3.374,6.111,143
text_0000ff,1,c-12,34,34,34,-12,3423,5329,56.0,freerdp30,,33.28,45.19,36.022,0.7649,3.362,6.075,142
text_0000ff,1,c-12,34,34,34,-12,3423,5329,56.0,always,,33.38,42.47,35.885,0.6617,3.712,6.294,127
text_0000ff,1,c-12,34,34,34,-12,3423,5329,56.0,adaptive,0.4,33.6,45.19,36.32,0.7633,3.339,5.947,127
text_0000ff,2,d0,18,18,18,-2,7498,9923,17.944,none,,29.45,49.31,32.412,0.9579,2.418,5.69,182
text_0000ff,2,d0,18,18,18,-2,7498,9923,17.944,spec30,,39.16,52.23,41.962,0.9738,1.157,2.191,99
text_0000ff,2,d0,18,18,18,-2,7498,9923,17.944,freerdp30,,39.56,52.28,42.348,0.9741,1.12,2.12,99
text_0000ff,2,d0,18,18,18,-2,7498,9923,17.944,always,,43.17,48.41,45.043,0.9464,1.069,1.858,81
text_0000ff,2,d0,18,18,18,-2,7498,9923,17.944,adaptive,0.4,43.65,50.27,45.804,0.9664,0.921,1.682,87
text_0000ff,2,d0,22,22,22,-2,5610,7791,29.09,none,,29.38,47.32,32.317,0.936,2.718,6.234,186
text_0000ff,2,d0,22,22,22,-2,5610,7791,29.09,spec30,,38.0,49.39,40.702,0.9495,1.532,2.908,136
text_0000ff,2,d0,22,22,22,-2,5610,7791,29.09,freerdp30,,38.26,49.43,40.949,0.9497,1.514,2.863,136
text_0000ff,2,d0,22,22,22,-2,5610,7791,29.09,always,,40.36,44.89,42.058,0.8975,1.593,2.833,95
text_0000ff,2,d0,22,22,22,-2,5610,7791,29.09,adaptive,0.4,40.99,47.1,43.046,0.9358,1.355,2.507,95
text_0000ff,2,d0,26,26,26,-2,4036,5876,45.144,none,,29.16,45.67,32.078,0.8971,3.2,7.114,195
text_0000ff,2,d0,26,26,26,-2,4036,5876,45.144,spec30,,35.78,47.21,38.492,0.9058,2.13,4.085,146
text_0000ff,2,d0,26,26,26,-2,4036,5876,45.144,freerdp30,,35.95,47.16,38.64,0.9058,2.12,4.049,146
text_0000ff,2,d0,26,26,26,-2,4036,5876,45.144,always,,36.35,43.76,38.635,0.8477,2.343,4.218,133
text_0000ff,2,d0,26,26,26,-2,4036,5876,45.144,adaptive,0.4,36.92,46.94,39.517,0.9028,2.033,3.804,146
text_0000ff,2,d0,30,30,30,-2,2934,4566,71.777,none,,28.78,45.28,31.691,0.8698,3.98,8.374,218
text_0000ff,2,d0,30,30,30,-2,2934,4566,71.777,spec30,,32.81,46.24,35.629,0.8711,3.147,5.886,218
text_0000ff,2,d0,30,30,30,-2,2934,4566,71.777,freerdp30,,32.87,46.24,35.681,0.8709,3.138,5.861,168
text_0000ff,2,d0,30,30,30,-2,2934,4566,71.777,always,,32.7,44.31,35.419,0.8181,3.484,6.119,164
text_0000ff,2,d0,30,30,30,-2,2934,4566,71.777,adaptive,0.4,32.95,46.24,35.765,0.8707,3.131,5.826,168
text_0000ff,2,d0,34,34,34,-2,2190,3647,101.371,none,,28.12,44.67,31.037,0.7978,4.907,9.88,243
text_0000ff,2,d0,34,34,34,-2,2190,3647,101.371,spec30,,29.83,44.97,32.704,0.7922,4.386,8.18,243
text_0000ff,2,d0,34,34,34,-2,2190,3647,101.371,freerdp30,,29.79,44.95,32.67,0.7917,4.402,8.202,243
text_0000ff,2,d0,34,34,34,-2,2190,3647,101.371,always,,29.52,42.4,32.315,0.707,4.836,8.601,248
text_0000ff,2,d0,34,34,34,-2,2190,3647,101.371,adaptive,0.4,29.67,44.99,32.555,0.795,4.39,8.334,243
text_0000ff,2,d-3,18,15,18,-2,8978,9910,13.675,none,,29.46,49.83,32.433,0.9643,2.361,5.608,180
text_0000ff,2,d-3,18,15,18,-2,8978,9910,13.675,spec30,,39.46,53.1,42.289,0.9803,1.076,2.045,122
text_0000ff,2,d-3,18,15,18,-2,8978,9910,13.675,freerdp30,,39.99,53.16,42.798,0.9807,1.042,1.971,100
text_0000ff,2,d-3,18,15,18,-2,8978,9910,13.675,always,,44.37,50.91,46.513,0.967,0.909,1.573,72
text_0000ff,2,d-3,18,15,18,-2,8978,9910,13.675,adaptive,0.4,44.75,52.27,47.052,0.9779,0.793,1.45,72
text_0000ff,2,d-3,22,19,22,-2,7043,7783,22.232,none,,29.4,48.07,32.355,0.9438,2.633,6.099,181
text_0000ff,2,d-3,22,19,22,-2,7043,7783,22.232,spec30,,38.31,50.12,41.043,0.9589,1.415,2.703,134
text_0000ff,2,d-3,22,19,22,-2,7043,7783,22.232,freerdp30,,38.56,50.14,41.277,0.9591,1.392,2.659,134
text_0000ff,2,d-3,22,19,22,-2,7043,7783,22.232,always,,41.56,46.9,43.46,0.9235,1.394,2.433,89
text_0000ff,2,d-3,22,19,22,-2,7043,7783,22.232,adaptive,0.4,42.01,48.38,44.116,0.9482,1.214,2.231,89
text_0000ff,2,d-3,26,23,26,-2,5177,5881,34.957,none,,29.26,45.85,32.175,0.9144,3.022,6.89,200
text_0000ff,2,d-3,26,23,26,-2,5177,5881,34.957,spec30,,36.9,47.3,39.529,0.9267,1.864,3.638,131
text_0000ff,2,d-3,26,23,26,-2,5177,5881,34.957,freerdp30,,37.15,47.31,39.758,0.9269,1.841,3.582,122
text_0000ff,2,d-3,26,23,26,-2,5177,5881,34.957,always,,38.31,44.64,40.413,0.8811,1.997,3.611,95
text_0000ff,2,d-3,26,23,26,-2,5177,5881,34.957,adaptive,0.4,38.67,46.74,41.048,0.9207,1.744,3.311,95
text_0000ff,2,d-3,30,27,30,-2,3758,4549,54.699,none,,28.96,44.72,31.859,0.8774,3.728,8.084,198
text_0000ff,2,d-3,30,27,30,-2,3758,4549,54.699,spec30,,34.51,45.91,37.219,0.8846,2.691,5.158,165
text_0000ff,2,d-3,30,27,30,-2,3758,4549,54.699,freerdp30,,34.61,45.91,37.308,0.8845,2.684,5.131,165
text_0000ff,2,d-3,30,27,30,-2,3758,4549,54.699,always,,34.69,44.5,37.269,0.8424,2.992,5.303,165
text_0000ff,2,d-3,30,27,30,-2,3758,4549,54.699,adaptive,0.4,34.95,45.91,37.622,0.8821,2.672,5.014,165
text_0000ff,2,d-3,34,31,34,-2,2661,3641,87.841,none,,28.36,45.03,31.282,0.8548,4.72,9.585,243
text_0000ff,2,d-3,34,31,34,-2,2661,3641,87.841,spec30,,31.05,45.62,33.911,0.8514,4.079,7.49,243
text_0000ff,2,d-3,34,31,34,-2,2661,3641,87.841,freerdp30,,31.07,45.61,33.926,0.851,4.084,7.484,243
text_0000ff,2,d-3,34,31,34,-2,2661,3641,87.841,always,,30.73,42.11,33.436,0.736,4.492,7.849,248
text_0000ff,2,d-3,34,31,34,-2,2661,3641,87.841,adaptive,0.4,30.97,45.64,33.834,0.8532,4.076,7.544,243
text_0000ff,2,d-6,18,12,18,-2,10444,9904,11.402,none,,29.47,50.12,32.439,0.9673,2.322,5.554,177
text_0000ff,2,d-6,18,12,18,-2,10444,9904,11.402,spec30,,39.63,53.57,42.471,0.9834,1.021,1.96,109
text_0000ff,2,d-6,18,12,18,-2,10444,9904,11.402,freerdp30,,39.99,53.61,42.814,0.9837,0.995,1.905,109
text_0000ff,2,d-6,18,12,18,-2,10444,9904,11.402,always,,45.24,52.33,47.478,0.9761,0.811,1.413,74
text_0000ff,2,d-6,18,12,18,-2,10444,9904,11.402,adaptive,0.4,45.46,53.46,47.835,0.9834,0.723,1.321,74
text_0000ff,2,d-6,22,16,22,-2,8441,7770,18.419,none,,29.43,48.5,32.388,0.9509,2.566,6.01,178
text_0000ff,2,d-6,22,16,22,-2,8441,7770,18.419,spec30,,38.98,50.67,41.705,0.9669,1.312,2.511,125
text_0000ff,2,d-6,22,16,22,-2,8441,7770,18.419,freerdp30,,39.25,50.69,41.962,0.9671,1.29,2.463,125
text_0000ff,2,d-6,22,16,22,-2,8441,7770,18.419,always,,42.9,48.13,44.774,0.941,1.236,2.17,76
text_0000ff,2,d-6,22,16,22,-2,8441,7770,18.419,adaptive,0.4,43.25,49.59,45.356,0.9611,1.073,1.997,76
text_0000ff,2,d-6,26,20,26,-2,6546,5853,28.948,none,,29.32,46.15,32.238,0.9187,2.933,6.767,183
text_0000ff,2,d-6,26,20,26,-2,6546,5853,28.948,spec30,,37.48,47.39,40.064,0.9333,1.739,3.422,128
text_0000ff,2,d-6,26,20,26,-2,6546,5853,28.948,freerdp30,,37.74,47.41,40.301,0.9335,1.719,3.37,128
text_0000ff,2,d-6,26,20,26,-2,6546,5853,28.948,always,,39.33,44.78,41.249,0.8873,1.864,3.35,89
text_0000ff,2,d-6,26,20,26,-2,6546,5853,28.948,adaptive,0.4,39.84,46.36,41.972,0.9244,1.581,3.03,108
text_0000ff,2,d-6,30,24,30,-2,4806,4542,45.607,none,,29.09,44.5,31.973,0.8879,3.515,7.809,197
text_0000ff,2,d-6,30,24,30,-2,4806,4542,45.607,spec30,,35.38,45.59,37.996,0.8981,2.434,4.74,139
text_0000ff,2,d-6,30,24,30,-2,4806,4542,45.607,freerdp30,,35.5,45.6,38.104,0.8982,2.42,4.707,139
text_0000ff,2,d-6,30,24,30,-2,4806,4542,45.607,always,,36.15,43.78,38.472,0.852,2.651,4.776,90
text_0000ff,2,d-6,30,24,30,-2,4806,4542,45.607,adaptive,0.4,36.42,45.45,38.916,0.8951,2.331,4.456,120
text_0000ff,2,d-6,34,28,34,-2,3429,3635,72.36,none,,28.51,44.26,31.405,0.8469,4.533,9.381,199
text_0000ff,2,d-6,34,28,34,-2,3429,3635,72.36,spec30,,32.4,45.09,35.185,0.8501,3.675,6.788,163
text_0000ff,2,d-6,34,28,34,-2,3429,3635,72.36,freerdp30,,32.45,45.09,35.231,0.85,3.676,6.774,162
text_0000ff,2,d-6,34,28,34,-2,3429,3635,72.36,always,,32.36,43.76,35.066,0.804,4.024,6.986,143
text_0000ff,2,d-6,34,28,34,-2,3429,3635,72.36,adaptive,0.4,32.47,45.09,35.249,0.8497,3.674,6.762,162
text_0000ff,2,d-12,18,6,18,-2,13523,9907,9.055,none,,29.47,50.35,32.45,0.97,2.276,5.5,179
text_0000ff,2,d-12,18,6,18,-2,13523,9907,9.055,spec30,,39.84,54.07,42.69,0.9864,0.953,1.864,101
text_0000ff,2,d-12,18,6,18,-2,13523,9907,9.055,freerdp30,,40.2,54.12,43.041,0.9866,0.927,1.811,101
text_0000ff,2,d-12,18,6,18,-2,13523,9907,9.055,always,,46.15,54.61,48.584,0.9857,0.688,1.233,73
text_0000ff,2,d-12,18,6,18,-2,13523,9907,9.055,adaptive,0.4,46.24,55.19,48.733,0.989,0.632,1.176,73
text_0000ff,2,d-12,22,10,22,-2,11433,7780,14.577,none,,29.45,48.9,32.407,0.9563,2.484,5.908,178
text_0000ff,2,d-12,22,10,22,-2,11433,7780,14.577,spec30,,39.29,51.2,42.026,0.9728,1.203,2.36,72
text_0000ff,2,d-12,22,10,22,-2,11433,7780,14.577,freerdp30,,39.64,51.23,42.359,0.9729,1.179,2.303,72
text_0000ff,2,d-12,22,10,22,-2,11433,7780,14.577,always,,44.12,49.62,46.053,0.9572,1.049,1.895,73
text_0000ff,2,d-12,22,10,22,-2,11433,7780,14.577,adaptive,0.4,44.36,50.41,46.407,0.9683,0.935,1.777,73
text_0000ff,2,d-12,26,14,26,-2,9425,5850,23.195,none,,29.36,46.64,32.285,0.9302,2.806,6.602,179
text_0000ff,2,d-12,26,14,26,-2,9425,5850,23.195,spec30,,38.05,47.77,40.616,0.9457,1.57,3.152,124
text_0000ff,2,d-12,26,14,26,-2,9425,5850,23.195,freerdp30,,38.34,47.79,40.882,0.9459,1.544,3.09,124
text_0000ff,2,d-12,26,14,26,-2,9425,5850,23.195,always,,40.54,45.4,42.322,0.9052,1.62,2.998,78
text_0000ff,2,d-12,26,14,26,-2,9425,5850,23.195,adaptive,0.4,40.82,46.9,42.87,0.9371,1.379,2.727,91
text_0000ff,2,d-12,30,18,30,-2,7499,4525,36.222,none,,29.18,44.8,32.072,0.9032,3.29,7.571,182
text_0000ff,2,d-12,30,18,30,-2,7499,4525,36.222,spec30,,36.35,45.58,38.874,0.9178,2.135,4.308,126
text_0000ff,2,d-12,30,18,30,-2,7499,4525,36.222,freerdp30,,36.54,45.58,39.042,0.918,2.113,4.258,126
text_0000ff,2,d-12,30,18,30,-2,7499,4525,36.222,always,,37.44,43.1,39.407,0.8571,2.378,4.417,90
text_0000ff,2,d-12,30,18,30,-2,7499,4525,36.222,adaptive,0.4,37.65,45.08,39.938,0.9091,2.014,4.024,90
text_0000ff,2,d-12,34,22,34,-2,5611,3611,56.639,none,,28.71,43.71,31.587,0.8793,4.085,8.901,186
text_0000ff,2,d-12,34,22,34,-2,5611,3611,56.639,spec30,,33.41,44.38,36.087,0.8884,3.118,6.05,138
text_0000ff,2,d-12,34,22,34,-2,5611,3611,56.639,freerdp30,,33.49,44.39,36.16,0.8883,3.106,6.013,138
text_0000ff,2,d-12,34,22,34,-2,5611,3611,56.639,always,,33.85,42.24,36.275,0.8132,3.445,6.193,129
text_0000ff,2,d-12,34,22,34,-2,5611,3611,56.639,adaptive,0.4,33.86,44.33,36.501,0.8851,3.083,5.898,134
text_0000ff,2,c-6,18,18,18,-6,8504,10725,12.5,none,,29.45,49.89,32.42,0.961,2.366,5.609,182
text_0000ff,2,c-6,18,18,18,-6,8504,10725,12.5,spec30,,39.29,53.15,42.121,0.977,1.084,2.053,123
text_0000ff,2,c-6,18,18,18,-6,8504,10725,12.5,freerdp30,,39.7,53.21,42.519,0.9774,1.052,1.991,101
text_0000ff,2,c-6,18,18,18,-6,8504,10725,12.5,always,,44.4,51.42,46.624,0.9653,0.888,1.523,77
text_0000ff,2,c-6,18,18,18,-6,8504,10725,12.5,adaptive,0.4,44.72,52.93,47.12,0.9764,0.775,1.408,77
text_0000ff,2,c-6,22,22,22,-6,6517,8635,20.0,none,,29.39,48.46,32.35,0.9435,2.632,6.071,184
text_0000ff,2,c-6,22,22,22,-6,6517,8635,20.0,spec30,,38.77,50.86,41.524,0.9578,1.381,2.596,108
text_0000ff,2,c-6,22,22,22,-6,6517,8635,20.0,freerdp30,,39.11,50.89,41.845,0.958,1.357,2.541,108
text_0000ff,2,c-6,22,22,22,-6,6517,8635,20.0,always,,42.45,47.47,44.272,0.9255,1.319,2.296,79
text_0000ff,2,c-6,22,22,22,-6,6517,8635,20.0,adaptive,0.4,42.99,49.44,45.111,0.951,1.136,2.072,79
text_0000ff,2,c-6,26,26,26,-6,4786,6735,32.5,none,,29.23,46.73,32.163,0.9087,3.083,6.848,191
text_0000ff,2,c-6,26,26,26,-6,4786,6735,32.5,spec30,,36.97,48.54,39.692,0.9193,1.913,3.56,136
text_0000ff,2,c-6,26,26,26,-6,4786,6735,32.5,freerdp30,,37.19,48.56,39.896,0.9194,1.889,3.509,136
text_0000ff,2,c-6,26,26,26,-6,4786,6735,32.5,always,,38.67,44.82,40.733,0.8681,2.027,3.509,91
text_0000ff,2,c-6,26,26,26,-6,4786,6735,32.5,adaptive,0.4,39.18,47.64,41.611,0.9134,1.744,3.152,91
text_0000ff,2,c-6,30,30,30,-6,3449,5068,50.0,none,,28.88,45.63,31.8,0.8731,3.777,8.055,195
text_0000ff,2,c-6,30,30,30,-6,3449,5068,50.0,spec30,,34.58,46.95,37.342,0.8796,2.718,5.063,151
text_0000ff,2,c-6,30,30,30,-6,3449,5068,50.0,freerdp30,,34.69,46.96,37.446,0.8795,2.709,5.037,151
text_0000ff,2,c-6,30,30,30,-6,3449,5068,50.0,always,,35.0,44.76,37.572,0.8337,2.963,5.161,121
text_0000ff,2,c-6,30,30,30,-6,3449,5068,50.0,adaptive,0.4,35.35,46.87,38.065,0.8772,2.653,4.845,141
text_0000ff,2,c-6,34,34,34,-6,2522,3946,80.0,none,,28.35,45.52,31.281,0.8284,4.629,9.436,221
text_0000ff,2,c-6,34,34,34,-6,2522,3946,80.0,spec30,,31.71,46.34,34.573,0.8291,3.846,7.046,221
text_0000ff,2,c-6,34,34,34,-6,2522,3946,80.0,freerdp30,,31.75,46.34,34.613,0.8289,3.841,7.023,221
text_0000ff,2,c-6,34,34,34,-6,2522,3946,80.0,always,,31.44,44.29,34.229,0.7525,4.226,7.329,175
text_0000ff,2,c-6,34,34,34,-6,2522,3946,80.0,adaptive,0.4,31.62,46.34,34.491,0.8297,3.849,7.089,221
text_0000ff,2,c-12,18,18,18,-12,10073,12093,8.75,none,,29.45,50.18,32.427,0.9625,2.318,5.538,180
text_0000ff,2,c-12,18,18,18,-12,10073,12093,8.75,spec30,,39.59,53.71,42.436,0.979,1.007,1.929,101
text_0000ff,2,c-12,18,18,18,-12,10073,12093,8.75,freerdp30,,40.02,53.76,42.847,0.9792,0.975,1.864,101
text_0000ff,2,c-12,18,18,18,-12,10073,12093,8.75,always,,45.45,53.7,47.85,0.9769,0.75,1.313,70
text_0000ff,2,c-12,18,18,18,-12,10073,12093,8.75,adaptive,0.4,45.54,54.47,48.032,0.981,0.69,1.25,70
text_0000ff,2,c-12,22,22,22,-12,8045,9913,14.0,none,,29.39,49.05,32.358,0.9473,2.553,5.951,180
text_0000ff,2,c-12,22,22,22,-12,8045,9913,14.0,spec30,,39.05,51.63,41.83,0.962,1.276,2.401,124
text_0000ff,2,c-12,22,22,22,-12,8045,9913,14.0,freerdp30,,39.33,51.65,42.095,0.9622,1.253,2.355,124
text_0000ff,2,c-12,22,22,22,-12,8045,9913,14.0,always,,43.79,49.76,45.819,0.945,1.116,1.937,70
text_0000ff,2,c-12,22,22,22,-12,8045,9913,14.0,adaptive,0.4,44.1,50.87,46.283,0.9582,0.998,1.807,70
text_0000ff,2,c-12,26,26,26,-12,6152,7959,22.75,none,,29.24,47.67,32.191,0.9149,2.963,6.657,193
text_0000ff,2,c-12,26,26,26,-12,6152,7959,22.75,spec30,,37.68,49.61,40.421,0.9257,1.728,3.209,121
text_0000ff,2,c-12,26,26,26,-12,6152,7959,22.75,freerdp30,,37.85,49.62,40.585,0.9258,1.709,3.17,121
text_0000ff,2,c-12,26,26,26,-12,6152,7959,22.75,always,,40.27,46.23,42.298,0.8847,1.755,3.027,79
text_0000ff,2,c-12,26,26,26,-12,6152,7959,22.75,adaptive,0.4,40.62,48.57,42.986,0.9194,1.51,2.728,79
text_0000ff,2,c-12,30,30,30,-12,4605,6364,35.0,none,,28.96,46.74,31.901,0.883,3.593,7.699,194
text_0000ff,2,c-12,30,30,30,-12,4605,6364,35.0,spec30,,35.8,48.47,38.581,0.8906,2.444,4.442,136
text_0000ff,2,c-12,30,30,30,-12,4605,6364,35.0,freerdp30,,35.91,48.48,38.689,0.8907,2.427,4.405,136
text_0000ff,2,c-12,30,30,30,-12,4605,6364,35.0,always,,36.99,44.3,39.259,0.8291,2.639,4.485,101
text_0000ff,2,c-12,30,30,30,-12,4605,6364,35.0,adaptive,0.4,37.2,47.8,39.849,0.8853,2.31,4.084,113
text_0000ff,2,c-12,34,34,34,-12,3423,4866,56.0,none,,28.47,45.8,31.404,0.827,4.373,9.047,192
text_0000ff,2,c-12,34,34,34,-12,3423,4866,56.0,spec30,,33.14,47.1,35.976,0.8322,3.394,6.152,152
text_0000ff,2,c-12,34,34,34,-12,3423,4866,56.0,freerdp30,,33.19,47.1,36.026,0.8321,3.382,6.125,152
text_0000ff,2,c-12,34,34,34,-12,3423,4866,56.0,always,,33.53,43.94,36.158,0.7665,3.698,6.284,126
text_0000ff,2,c-12,34,34,34,-12,3423,4866,56.0,adaptive,0.4,33.64,47.1,36.456,0.8309,3.347,5.958,146
text_00ff00,1,d0,18,18,18,-2,14138,14077,17.944,none,,33.82,32.33,33.012,0.7772,1.764,4.574,140
text_00ff00,1,d0,18,18,18,-2,14138,14077,17.944,spec30,,42.2,42.27,42.235,0.8816,0.99,1.836,88
text_00ff00,1,d0,18,18,18,-2,14138,14077,17.944,freerdp30,,42.63,42.58,42.607,0.8852,0.973,1.781,88
text_00ff00,1,d0,18,18,18,-2,14138,14077,17.944,always,,47.15,47.04,47.095,0.8954,0.988,1.411,60
text_00ff00,1,d0,18,18,18,-2,14138,14077,17.944,adaptive,0.4,48.74,48.18,48.449,0.9228,0.829,1.228,60
text_00ff00,1,d0,22,22,22,-2,12164,12107,29.09,none,,33.7,32.24,32.911,0.7572,2.104,5.083,138
text_00ff00,1,d0,22,22,22,-2,12164,12107,29.09,spec30,,40.86,40.8,40.828,0.8324,1.414,2.571,89
text_00ff00,1,d0,22,22,22,-2,12164,12107,29.09,freerdp30,,41.26,41.19,41.224,0.8354,1.397,2.505,80
text_00ff00,1,d0,22,22,22,-2,12164,12107,29.09,always,,43.1,43.17,43.138,0.8132,1.578,2.359,68
text_00ff00,1,d0,22,22,22,-2,12164,12107,29.09,adaptive,0.4,44.21,44.03,44.119,0.8527,1.337,2.095,68
text_00ff00,1,d0,26,26,26,-2,10325,10105,45.144,none,,33.49,32.07,32.722,0.7192,2.703,5.99,142
text_00ff00,1,d0,26,26,26,-2,10325,10105,45.144,spec30,,38.69,38.47,38.576,0.7592,2.172,3.81,159
text_00ff00,1,d0,26,26,26,-2,10325,10105,45.144,freerdp30,,38.9,38.7,38.795,0.7606,2.164,3.753,159
text_00ff00,1,d0,26,26,26,-2,10325,10105,45.144,always,,38.72,38.69,38.704,0.7087,2.601,3.938,159
text_00ff00,1,d0,26,26,26,-2,10325,10105,45.144,adaptive,0.4,39.57,39.58,39.575,0.7584,2.203,3.556,159
text_00ff00,1,d0,30,30,30,-2,8519,8150,71.777,none,,32.91,31.63,32.225,0.6971,3.507,7.327,182
text_00ff00,1,d0,30,30,30,-2,8519,8150,71.777,spec30,,35.07,34.85,34.955,0.7047,3.376,5.992,220
text_00ff00,1,d0,30,30,30,-2,8519,8150,71.777,freerdp30,,35.09,34.91,34.997,0.7038,3.393,5.985,220
text_00ff00,1,d0,30,30,30,-2,8519,8150,71.777,always,,34.66,34.61,34.638,0.6514,4.02,6.451,220
text_00ff00,1,d0,30,30,30,-2,8519,8150,71.777,adaptive,0.4,35.05,34.91,34.978,0.7024,3.415,5.993,220
text_00ff00,1,d0,34,34,34,-2,6978,6348,101.371,none,,32.01,30.75,31.332,0.6117,4.774,9.265,174
text_00ff00,1,d0,34,34,34,-2,6978,6348,101.371,spec30,,31.41,31.8,31.601,0.6021,5.246,9.153,255
text_00ff00,1,d0,34,34,34,-2,6978,6348,101.371,freerdp30,,31.38,31.79,31.58,0.6014,5.271,9.162,255
text_00ff00,1,d0,34,34,34,-2,6978,6348,101.371,always,,31.04,31.37,31.197,0.5197,5.878,9.709,255
text_00ff00,1,d0,34,34,34,-2,6978,6348,101.371,adaptive,0.4,31.72,31.71,31.718,0.6073,5.038,9.035,255
text_00ff00,1,d-3,18,15,18,-2,15832,14079,13.675,none,,33.84,32.35,33.032,0.7853,1.643,4.484,133
text_00ff00,1,d-3,18,15,18,-2,15832,14079,13.675,spec30,,42.82,42.68,42.75,0.9081,0.838,1.649,93
text_00ff00,1,d-3,18,15,18,-2,15832,14079,13.675,freerdp30,,43.25,43.07,43.16,0.9125,0.819,1.591,93
text_00ff00,1,d-3,18,15,18,-2,15832,14079,13.675,always,,49.13,48.77,48.945,0.9398,0.768,1.149,52
text_00ff00,1,d-3,18,15,18,-2,15832,14079,13.675,adaptive,0.4,50.26,49.7,49.971,0.9574,0.655,1.017,52
text_00ff00,1,d-3,22,19,22,-2,13668,12104,22.232,none,,33.75,32.27,32.947,0.7648,2.013,4.949,136
text_00ff00,1,d-3,22,19,22,-2,13668,12104,22.232,spec30,,41.65,41.7,41.679,0.8524,1.264,2.282,87
text_00ff00,1,d-3,22,19,22,-2,13668,12104,22.232,freerdp30,,42.1,42.03,42.066,0.8558,1.248,2.222,80
text_00ff00,1,d-3,22,19,22,-2,13668,12104,22.232,always,,44.95,44.94,44.949,0.8504,1.339,1.962,80
text_00ff00,1,d-3,22,19,22,-2,13668,12104,22.232,adaptive,0.4,45.76,45.76,45.759,0.8789,1.172,1.773,80
text_00ff00,1,d-3,26,23,26,-2,11676,10090,34.957,none,,33.55,32.12,32.777,0.7392,2.495,5.733,137
text_00ff00,1,d-3,26,23,26,-2,11676,10090,34.957,spec30,,40.14,39.99,40.063,0.7974,1.849,3.269,95
text_00ff00,1,d-3,26,23,26,-2,11676,10090,34.957,freerdp30,,40.35,40.15,40.251,0.7991,1.838,3.229,92
text_00ff00,1,d-3,26,23,26,-2,11676,10090,34.957,always,,40.86,41.06,40.957,0.7614,2.133,3.236,78
text_00ff00,1,d-3,26,23,26,-2,11676,10090,34.957,adaptive,0.4,41.78,41.78,41.778,0.8031,1.852,2.93,78
text_00ff00,1,d-3,30,27,30,-2,9887,8150,54.699,none,,33.14,31.83,32.437,0.6988,3.232,6.961,156
text_00ff00,1,d-3,30,27,30,-2,9887,8150,54.699,spec30,,36.77,37.01,36.886,0.722,2.834,5.043,180
text_00ff00,1,d-3,30,27,30,-2,9887,8150,54.699,freerdp30,,36.84,37.11,36.974,0.7223,2.834,5.017,180
text_00ff00,1,d-3,30,27,30,-2,9887,8150,54.699,always,,36.47,36.83,36.648,0.6751,3.408,5.38,180
text_00ff00,1,d-3,30,27,30,-2,9887,8150,54.699,adaptive,0.4,37.15,37.28,37.217,0.717,2.917,4.947,180
text_00ff00,1,d-3,34,31,34,-2,8104,6342,87.841,none,,32.21,31.02,31.577,0.6286,4.356,8.807,176
text_00ff00,1,d-3,34,31,34,-2,8104,6342,87.841,spec30,,32.74,33.15,32.942,0.6257,4.497,8.018,198
text_00ff00,1,d-3,34,31,34,-2,8104,6342,87.841,freerdp30,,32.73,33.16,32.94,0.625,4.516,8.026,198
text_00ff00,1,d-3,34,31,34,-2,8104,6342,87.841,always,,32.25,32.78,32.507,0.5626,5.155,8.572,198
text_00ff00,1,d-3,34,31,34,-2,8104,6342,87.841,adaptive,0.4,32.85,32.99,32.919,0.6286,4.413,8.006,198
text_00ff00,1,d-6,18,12,18,-2,17587,14077,11.402,none,,33.83,32.35,33.027,0.7868,1.6,4.43,133
text_00ff00,1,d-6,18,12,18,-2,17587,14077,11.402,spec30,,42.76,42.71,42.734,0.9132,0.796,1.584,90
text_00ff00,1,d-6,18,12,18,-2,17587,14077,11.402,freerdp30,,43.25,43.12,43.181,0.9172,0.777,1.526,87
text_00ff00,1,d-6,18,12,18,-2,17587,14077,11.402,always,,50.49,50.17,50.327,0.9557,0.662,0.985,48
text_00ff00,1,d-6,18,12,18,-2,17587,14077,11.402,adaptive,0.4,51.5,50.94,51.212,0.9684,0.578,0.89,48
text_00ff00,1,d-6,22,16,22,-2,15268,12105,18.419,none,,33.78,32.29,32.973,0.7691,1.923,4.844,136
text_00ff00,1,d-6,22,16,22,-2,15268,12105,18.419,spec30,,41.81,41.62,41.712,0.863,1.158,2.144,91
text_00ff00,1,d-6,22,16,22,-2,15268,12105,18.419,freerdp30,,42.27,42.11,42.187,0.8669,1.139,2.073,74
text_00ff00,1,d-6,22,16,22,-2,15268,12105,18.419,always,,46.72,46.37,46.543,0.8799,1.145,1.678,67
text_00ff00,1,d-6,22,16,22,-2,15268,12105,18.419,adaptive,0.4,47.55,47.07,47.3,0.9014,1.008,1.522,67
text_00ff00,1,d-6,26,20,26,-2,13102,10087,28.948,none,,33.61,32.18,32.836,0.7487,2.353,5.569,140
text_00ff00,1,d-6,26,20,26,-2,13102,10087,28.948,spec30,,41.04,40.79,40.911,0.8207,1.633,2.925,93
text_00ff00,1,d-6,26,20,26,-2,13102,10087,28.948,freerdp30,,41.26,41.08,41.168,0.8228,1.621,2.879,93
text_00ff00,1,d-6,26,20,26,-2,13102,10087,28.948,always,,42.39,42.34,42.367,0.7931,1.842,2.814,68
text_00ff00,1,d-6,26,20,26,-2,13102,10087,28.948,adaptive,0.4,43.15,43.09,43.119,0.8301,1.606,2.552,68
text_00ff00,1,d-6,30,24,30,-2,11250,8148,45.607,none,,33.25,31.9,32.526,0.7131,3.025,6.735,140
text_00ff00,1,d-6,30,24,30,-2,11250,8148,45.607,spec30,,38.22,38.12,38.171,0.7488,2.474,4.476,119
text_00ff00,1,d-6,30,24,30,-2,11250,8148,45.607,freerdp30,,38.39,38.22,38.304,0.7497,2.465,4.433,102
text_00ff00,1,d-6,30,24,30,-2,11250,8148,45.607,always,,38.24,38.48,38.358,0.7064,2.913,4.636,82
text_00ff00,1,d-6,30,24,30,-2,11250,8148,45.607,adaptive,0.4,38.86,39.02,38.939,0.7478,2.509,4.258,100
text_00ff00,1,d-6,34,28,34,-2,9396,6340,72.36,none,,32.53,31.22,31.825,0.6557,3.987,8.361,184
text_00ff00,1,d-6,34,28,34,-2,9396,6340,72.36,spec30,,34.2,34.67,34.428,0.6605,3.858,6.948,184
text_00ff00,1,d-6,34,28,34,-2,9396,6340,72.36,freerdp30,,34.23,34.72,34.467,0.6602,3.875,6.932,184
text_00ff00,1,d-6,34,28,34,-2,9396,6340,72.36,always,,33.84,34.26,34.045,0.5943,4.539,7.443,171
text_00ff00,1,d-6,34,28,34,-2,9396,6340,72.36,adaptive,0.4,34.2,34.76,34.472,0.6596,3.901,6.939,184
text_00ff00,1,d-12,18,6,18,-2,21831,14077,9.055,none,,33.84,32.35,33.034,0.7885,1.535,4.35,133
text_00ff00,1,d-12,18,6,18,-2,21831,14077,9.055,spec30,,42.84,42.99,42.915,0.9192,0.715,1.464,90
text_00ff00,1,d-12,18,6,18,-2,21831,14077,9.055,freerdp30,,43.37,43.49,43.43,0.9236,0.691,1.397,89
text_00ff00,1,d-12,18,6,18,-2,21831,14077,9.055,always,,52.34,51.78,52.051,0.9725,0.525,0.788,46
text_00ff00,1,d-12,18,6,18,-2,21831,14077,9.055,adaptive,0.4,52.89,52.15,52.503,0.9783,0.469,0.726,46
text_00ff00,1,d-12,22,10,22,-2,18951,12104,14.577,none,,33.79,32.32,32.992,0.778,1.758,4.717,133
text_00ff00,1,d-12,22,10,22,-2,18951,12104,14.577,spec30,,42.05,42.29,42.171,0.8908,0.964,1.935,89
text_00ff00,1,d-12,22,10,22,-2,18951,12104,14.577,freerdp30,,42.35,42.75,42.544,0.8947,0.948,1.881,89
text_00ff00,1,d-12,22,10,22,-2,18951,12104,14.577,always,,48.28,48.29,48.281,0.9256,0.88,1.377,50
text_00ff00,1,d-12,22,10,22,-2,18951,12104,14.577,adaptive,0.4,48.83,48.74,48.788,0.9396,0.782,1.27,50
text_00ff00,1,d-12,26,14,26,-2,16328,10086,23.195,none,,33.66,32.22,32.884,0.761,2.126,5.359,137
text_00ff00,1,d-12,26,14,26,-2,16328,10086,23.195,spec30,,41.34,41.12,41.232,0.8488,1.373,2.655,91
text_00ff00,1,d-12,26,14,26,-2,16328,10086,23.195,freerdp30,,41.69,41.55,41.62,0.8526,1.354,2.586,91
text_00ff00,1,d-12,26,14,26,-2,16328,10086,23.195,always,,44.01,44.04,44.022,0.8451,1.467,2.354,67
text_00ff00,1,d-12,26,14,26,-2,16328,10086,23.195,adaptive,0.4,44.72,44.62,44.669,0.8751,1.279,2.14,67
text_00ff00,1,d-12,30,18,30,-2,14139,8147,36.222,none,,33.36,31.98,32.614,0.7254,2.775,6.438,140
text_00ff00,1,d-12,30,18,30,-2,14139,8147,36.222,spec30,,39.2,38.86,39.027,0.7736,2.124,3.964,102
text_00ff00,1,d-12,30,18,30,-2,14139,8147,36.222,freerdp30,,39.36,39.03,39.191,0.775,2.115,3.92,102
text_00ff00,1,d-12,30,18,30,-2,14139,8147,36.222,always,,39.94,39.88,39.911,0.7416,2.45,3.967,81
text_00ff00,1,d-12,30,18,30,-2,14139,8147,36.222,adaptive,0.4,40.45,40.36,40.406,0.7768,2.14,3.655,81
text_00ff00,1,d-12,34,22,34,-2,12165,6340,56.639,none,,32.72,31.37,31.99,0.6638,3.609,7.931,138
text_00ff00,1,d-12,34,22,34,-2,12165,6340,56.639,spec30,,35.92,36.02,35.971,0.6827,3.206,5.906,103
text_00ff00,1,d-12,34,22,34,-2,12165,6340,56.639,freerdp30,,35.98,36.1,36.037,0.683,3.208,5.878,103
text_00ff00,1,d-12,34,22,34,-2,12165,6340,56.639,always,,35.74,35.97,35.855,0.6321,3.817,6.289,98
text_00ff00,1,d-12,34,22,34,-2,12165,6340,56.639,adaptive,0.4,36.08,36.33,36.203,0.6786,3.323,5.857,98
text_00ff00,1,c-6,18,18,18,-6,15017,15059,12.5,none,,33.82,32.33,33.011,0.7796,1.712,4.502,139
text_00ff00,1,c-6,18,18,18,-6,15017,15059,12.5,spec30,,42.76,42.53,42.646,0.8915,0.911,1.676,90
text_00ff00,1,c-6,18,18,18,-6,15017,15059,12.5,freerdp30,,43.17,42.88,43.027,0.8955,0.89,1.622,90
text_00ff00,1,c-6,18,18,18,-6,15017,15059,12.5,always,,49.6,49.22,49.408,0.9249,0.806,1.121,60
text_00ff00,1,c-6,18,18,18,-6,15017,15059,12.5,adaptive,0.4,50.81,50.14,50.464,0.9404,0.695,0.994,60
text_00ff00,1,c-6,22,22,22,-6,13041,12982,20.0,none,,33.77,32.29,32.963,0.7627,2.01,4.931,138
text_00ff00,1,c-6,22,22,22,-6,13041,12982,20.0,spec30,,41.75,42.0,41.873,0.8543,1.253,2.22,81
text_00ff00,1,c-6,22,22,22,-6,13041,12982,20.0,freerdp30,,42.22,42.22,42.22,0.8575,1.233,2.158,81
text_00ff00,1,c-6,22,22,22,-6,13041,12982,20.0,always,,45.94,45.63,45.782,0.8587,1.285,1.846,77
text_00ff00,1,c-6,22,22,22,-6,13041,12982,20.0,adaptive,0.4,47.23,46.57,46.888,0.8882,1.11,1.643,77
text_00ff00,1,c-6,26,26,26,-6,11130,10896,32.5,none,,33.57,32.15,32.8,0.7295,2.535,5.712,136
text_00ff00,1,c-6,26,26,26,-6,11130,10896,32.5,spec30,,40.48,40.29,40.385,0.7889,1.848,3.174,91
text_00ff00,1,c-6,26,26,26,-6,11130,10896,32.5,freerdp30,,40.64,40.48,40.556,0.79,1.838,3.137,91
text_00ff00,1,c-6,26,26,26,-6,11130,10896,32.5,always,,41.57,41.57,41.571,0.7551,2.078,3.084,61
text_00ff00,1,c-6,26,26,26,-6,11130,10896,32.5,adaptive,0.4,42.58,42.4,42.487,0.7983,1.8,2.792,61
text_00ff00,1,c-6,30,30,30,-6,9320,8882,50.0,none,,33.22,31.83,32.471,0.7085,3.283,6.934,138
text_00ff00,1,c-6,30,30,30,-6,9320,8882,50.0,spec30,,37.61,37.51,37.561,0.7365,2.81,4.825,162
text_00ff00,1,c-6,30,30,30,-6,9320,8882,50.0,freerdp30,,37.67,37.66,37.662,0.7371,2.806,4.79,162
text_00ff00,1,c-6,30,30,30,-6,9320,8882,50.0,always,,37.54,37.45,37.496,0.691,3.298,5.046,162
text_00ff00,1,c-6,30,30,30,-6,9320,8882,50.0,adaptive,0.4,38.13,38.03,38.082,0.7346,2.85,4.654,162
text_00ff00,1,c-6,34,34,34,-6,7565,6915,80.0,none,,32.38,31.08,31.684,0.6309,4.425,8.677,173
text_00ff00,1,c-6,34,34,34,-6,7565,6915,80.0,spec30,,33.49,33.73,33.612,0.6314,4.428,7.581,198
text_00ff00,1,c-6,34,34,34,-6,7565,6915,80.0,freerdp30,,33.49,33.74,33.615,0.6311,4.445,7.582,198
text_00ff00,1,c-6,34,34,34,-6,7565,6915,80.0,always,,33.13,33.3,33.216,0.5723,5.115,8.157,198
text_00ff00,1,c-6,34,34,34,-6,7565,6915,80.0,adaptive,0.4,33.49,33.7,33.594,0.6326,4.392,7.577,198
text_00ff00,1,c-12,18,18,18,-12,16591,16878,8.75,none,,33.84,32.34,33.023,0.7809,1.663,4.432,137
text_00ff00,1,c-12,18,18,18,-12,16591,16878,8.75,spec30,,42.64,42.83,42.733,0.8961,0.852,1.577,88
text_00ff00,1,c-12,18,18,18,-12,16591,16878,8.75,freerdp30,,43.2,43.32,43.26,0.9009,0.829,1.507,87
text_00ff00,1,c-12,18,18,18,-12,16591,16878,8.75,always,,51.68,50.86,51.251,0.944,0.666,0.898,60
text_00ff00,1,c-12,18,18,18,-12,16591,16878,8.75,adaptive,0.4,52.25,51.31,51.754,0.9501,0.609,0.832,60
text_00ff00,1,c-12,22,22,22,-12,14469,14535,14.0,none,,33.77,32.29,32.969,0.7659,1.931,4.818,134
text_00ff00,1,c-12,22,22,22,-12,14469,14535,14.0,spec30,,41.97,41.98,41.973,0.8623,1.153,2.053,90
text_00ff00,1,c-12,22,22,22,-12,14469,14535,14.0,freerdp30,,42.48,42.56,42.52,0.8674,1.128,1.98,90
text_00ff00,1,c-12,22,22,22,-12,14469,14535,14.0,always,,48.12,47.47,47.784,0.8916,1.06,1.493,68
text_00ff00,1,c-12,22,22,22,-12,14469,14535,14.0,adaptive,0.4,48.79,48.04,48.398,0.9062,0.956,1.373,68
text_00ff00,1,c-12,26,26,26,-12,12429,12220,22.75,none,,33.64,32.17,32.842,0.7357,2.401,5.507,135
text_00ff00,1,c-12,26,26,26,-12,12429,12220,22.75,spec30,,41.4,41.12,41.26,0.8083,1.651,2.791,72
text_00ff00,1,c-12,26,26,26,-12,12429,12220,22.75,freerdp30,,41.73,41.32,41.52,0.8101,1.638,2.744,72
text_00ff00,1,c-12,26,26,26,-12,12429,12220,22.75,always,,43.88,43.66,43.772,0.8027,1.721,2.484,61
text_00ff00,1,c-12,26,26,26,-12,12429,12220,22.75,adaptive,0.4,44.74,44.36,44.543,0.8299,1.53,2.263,61
text_00ff00,1,c-12,30,30,30,-12,10551,10091,35.0,none,,33.33,31.92,32.564,0.7195,3.049,6.563,137
text_00ff00,1,c-12,30,30,30,-12,10551,10091,35.0,spec30,,39.38,38.88,39.121,0.7627,2.395,4.067,102
text_00ff00,1,c-12,30,30,30,-12,10551,10091,35.0,freerdp30,,39.5,39.04,39.261,0.7636,2.385,4.031,102
text_00ff00,1,c-12,30,30,30,-12,10551,10091,35.0,always,,40.02,39.69,39.853,0.7336,2.698,4.071,81
text_00ff00,1,c-12,30,30,30,-12,10551,10091,35.0,adaptive,0.4,40.64,40.19,40.408,0.7674,2.404,3.758,97
text_00ff00,1,c-12,34,34,34,-12,8822,8104,56.0,none,,32.68,31.32,31.943,0.6488,4.08,8.096,141
text_00ff00,1,c-12,34,34,34,-12,8822,8104,56.0,spec30,,35.76,35.92,35.839,0.664,3.691,6.119,115
text_00ff00,1,c-12,34,34,34,-12,8822,8104,56.0,freerdp30,,35.83,35.95,35.89,0.6641,3.688,6.086,115
text_00ff00,1,c-12,34,34,34,-12,8822,8104,56.0,always,,35.57,35.68,35.627,0.6121,4.274,6.49,115
text_00ff00,1,c-12,34,34,34,-12,8822,8104,56.0,adaptive,0.4,36.04,36.15,36.097,0.6614,3.764,6.022,115
text_00ff00,2,d0,18,18,18,-2,14138,13574,17.944,none,,33.8,32.32,32.999,0.7784,1.79,4.61,140
text_00ff00,2,d0,18,18,18,-2,14138,13574,17.944,spec30,,42.11,41.68,41.889,0.8824,1.021,1.898,94
text_00ff00,2,d0,18,18,18,-2,14138,13574,17.944,freerdp30,,42.55,42.1,42.321,0.8868,1.003,1.834,94
text_00ff00,2,d0,18,18,18,-2,14138,13574,17.944,always,,46.72,46.19,46.45,0.8968,1.014,1.469,72
text_00ff00,2,d0,18,18,18,-2,14138,13574,17.944,adaptive,0.4,48.15,47.08,47.583,0.925,0.854,1.284,78
text_00ff00,2,d0,22,22,22,-2,12164,11587,29.09,none,,33.68,32.24,32.899,0.7601,2.126,5.11,138
text_00ff00,2,d0,22,22,22,-2,12164,11587,29.09,spec30,,40.61,40.97,40.788,0.8367,1.429,2.575,96
text_00ff00,2,d0,22,22,22,-2,12164,11587,29.09,freerdp30,,40.81,41.24,41.019,0.8383,1.417,2.534,96
text_00ff00,2,d0,22,22,22,-2,12164,11587,29.09,always,,42.61,42.93,42.767,0.8127,1.602,2.4,86
text_00ff00,2,d0,22,22,22,-2,12164,11587,29.09,adaptive,0.4,43.57,43.79,43.679,0.8545,1.362,2.142,86
text_00ff00,2,d0,26,26,26,-2,10325,9699,45.144,none,,33.48,32.03,32.698,0.7189,2.721,6.029,142
text_00ff00,2,d0,26,26,26,-2,10325,9699,45.144,spec30,,38.59,37.94,38.251,0.7559,2.216,3.926,148
text_00ff00,2,d0,26,26,26,-2,10325,9699,45.144,freerdp30,,38.75,38.1,38.413,0.7575,2.206,3.875,148
text_00ff00,2,d0,26,26,26,-2,10325,9699,45.144,always,,38.43,38.33,38.382,0.7045,2.656,4.088,148
text_00ff00,2,d0,26,26,26,-2,10325,9699,45.144,adaptive,0.4,39.4,38.92,39.155,0.7572,2.246,3.711,148
text_00ff00,2,d0,30,30,30,-2,8519,7850,71.777,none,,32.89,31.64,32.219,0.7036,3.529,7.347,182
text_00ff00,2,d0,30,30,30,-2,8519,7850,71.777,spec30,,34.79,34.86,34.828,0.7089,3.443,6.07,184
text_00ff00,2,d0,30,30,30,-2,8519,7850,71.777,freerdp30,,34.83,34.93,34.876,0.7083,3.457,6.062,184
text_00ff00,2,d0,30,30,30,-2,8519,7850,71.777,always,,34.31,34.48,34.394,0.6464,4.083,6.586,195
text_00ff00,2,d0,30,30,30,-2,8519,7850,71.777,adaptive,0.4,34.83,34.99,34.909,0.7078,3.468,6.056,184
text_00ff00,2,d0,34,34,34,-2,6978,6263,101.371,none,,31.93,30.8,31.332,0.6381,4.819,9.328,174
text_00ff00,2,d0,34,34,34,-2,6978,6263,101.371,spec30,,31.67,31.63,31.652,0.6297,5.271,9.194,255
text_00ff00,2,d0,34,34,34,-2,6978,6263,101.371,freerdp30,,31.64,31.62,31.629,0.6292,5.294,9.213,255
text_00ff00,2,d0,34,34,34,-2,6978,6263,101.371,always,,31.18,31.28,31.232,0.5395,5.919,9.759,255
text_00ff00,2,d0,34,34,34,-2,6978,6263,101.371,adaptive,0.4,31.79,31.46,31.619,0.6331,5.088,9.17,255
text_00ff00,2,d-3,18,15,18,-2,15832,13574,13.675,none,,33.84,32.35,33.033,0.7862,1.659,4.501,133
text_00ff00,2,d-3,18,15,18,-2,15832,13574,13.675,spec30,,42.61,42.5,42.554,0.908,0.858,1.691,90
text_00ff00,2,d-3,18,15,18,-2,15832,13574,13.675,freerdp30,,43.0,42.81,42.902,0.9111,0.838,1.641,90
text_00ff00,2,d-3,18,15,18,-2,15832,13574,13.675,always,,49.1,48.25,48.657,0.9401,0.783,1.184,78
text_00ff00,2,d-3,18,15,18,-2,15832,13574,13.675,adaptive,0.4,50.26,49.07,49.623,0.9579,0.668,1.053,78
text_00ff00,2,d-3,22,19,22,-2,13668,11587,22.232,none,,33.73,32.27,32.934,0.7673,2.032,4.972,136
text_00ff00,2,d-3,22,19,22,-2,13668,11587,22.232,spec30,,41.21,41.63,41.413,0.8543,1.289,2.333,92
text_00ff00,2,d-3,22,19,22,-2,13668,11587,22.232,freerdp30,,41.55,41.87,41.71,0.8573,1.274,2.28,92
text_00ff00,2,d-3,22,19,22,-2,13668,11587,22.232,always,,44.39,44.57,44.484,0.8511,1.365,2.011,80
text_00ff00,2,d-3,22,19,22,-2,13668,11587,22.232,adaptive,0.4,45.23,45.32,45.273,0.8815,1.19,1.812,80
text_00ff00,2,d-3,26,23,26,-2,11676,9693,34.957,none,,33.54,32.08,32.75,0.7395,2.522,5.786,137
text_00ff00,2,d-3,26,23,26,-2,11676,9693,34.957,spec30,,39.49,39.01,39.245,0.7923,1.911,3.469,97
text_00ff00,2,d-3,26,23,26,-2,11676,9693,34.957,freerdp30,,39.81,39.22,39.506,0.7953,1.895,3.4,97
text_00ff00,2,d-3,26,23,26,-2,11676,9693,34.957,always,,40.55,40.37,40.458,0.7615,2.187,3.399,96
text_00ff00,2,d-3,26,23,26,-2,11676,9693,34.957,adaptive,0.4,41.37,40.86,41.108,0.802,1.914,3.104,96
text_00ff00,2,d-3,30,27,30,-2,9887,7848,54.699,none,,33.11,31.84,32.431,0.7057,3.261,6.994,156
text_00ff00,2,d-3,30,27,30,-2,9887,7848,54.699,spec30,,36.56,36.88,36.719,0.7282,2.886,5.131,171
text_00ff00,2,d-3,30,27,30,-2,9887,7848,54.699,freerdp30,,36.73,36.96,36.843,0.7283,2.885,5.089,171
text_00ff00,2,d-3,30,27,30,-2,9887,7848,54.699,always,,36.23,36.68,36.451,0.669,3.465,5.468,171
text_00ff00,2,d-3,30,27,30,-2,9887,7848,54.699,adaptive,0.4,36.86,37.22,37.04,0.7222,3.002,5.063,171
text_00ff00,2,d-3,34,31,34,-2,8104,6250,87.841,none,,32.1,31.09,31.567,0.6543,4.387,8.857,176
text_00ff00,2,d-3,34,31,34,-2,8104,6250,87.841,spec30,,32.9,32.74,32.823,0.6495,4.564,8.159,200
text_00ff00,2,d-3,34,31,34,-2,8104,6250,87.841,freerdp30,,32.88,32.74,32.806,0.6486,4.594,8.181,200
text_00ff00,2,d-3,34,31,34,-2,8104,6250,87.841,always,,32.33,32.51,32.419,0.58,5.25,8.738,200
text_00ff00,2,d-3,34,31,34,-2,8104,6250,87.841,adaptive,0.4,32.87,32.7,32.785,0.6525,4.488,8.168,200
text_00ff00,2,d-6,18,12,18,-2,17587,13574,11.402,none,,33.83,32.35,33.028,0.7875,1.614,4.445,133
text_00ff00,2,d-6,18,12,18,-2,17587,13574,11.402,spec30,,42.69,42.44,42.562,0.9113,0.811,1.627,91
text_00ff00,2,d-6,18,12,18,-2,17587,13574,11.402,freerdp30,,43.17,42.71,42.934,0.9154,0.792,1.569,91
text_00ff00,2,d-6,18,12,18,-2,17587,13574,11.402,always,,50.2,49.22,49.68,0.9544,0.676,1.027,79
text_00ff00,2,d-6,18,12,18,-2,17587,13574,11.402,adaptive,0.4,51.21,49.85,50.476,0.9675,0.59,0.929,79
text_00ff00,2,d-6,22,16,22,-2,15268,11587,18.419,none,,33.76,32.28,32.955,0.7715,1.943,4.875,136
text_00ff00,2,d-6,22,16,22,-2,15268,11587,18.419,spec30,,41.51,41.59,41.548,0.8657,1.181,2.192,90
text_00ff00,2,d-6,22,16,22,-2,15268,11587,18.419,freerdp30,,41.73,42.02,41.873,0.869,1.16,2.129,90
text_00ff00,2,d-6,22,16,22,-2,15268,11587,18.419,always,,45.83,45.69,45.757,0.8798,1.172,1.739,85
text_00ff00,2,d-6,22,16,22,-2,15268,11587,18.419,adaptive,0.4,46.73,46.27,46.492,0.9048,1.026,1.575,85
text_00ff00,2,d-6,26,20,26,-2,13102,9690,28.948,none,,33.61,32.14,32.814,0.7485,2.38,5.615,140
text_00ff00,2,d-6,26,20,26,-2,13102,9690,28.948,spec30,,40.41,39.94,40.172,0.8148,1.698,3.098,97
text_00ff00,2,d-6,26,20,26,-2,13102,9690,28.948,freerdp30,,40.58,40.21,40.392,0.8174,1.681,3.047,97
text_00ff00,2,d-6,26,20,26,-2,13102,9690,28.948,always,,42.03,41.57,41.792,0.7933,1.89,2.957,96
text_00ff00,2,d-6,26,20,26,-2,13102,9690,28.948,adaptive,0.4,42.68,42.09,42.379,0.8288,1.667,2.715,96
text_00ff00,2,d-6,30,24,30,-2,11250,7849,45.607,none,,33.22,31.91,32.518,0.7198,3.052,6.764,140
text_00ff00,2,d-6,30,24,30,-2,11250,7849,45.607,spec30,,37.86,38.03,37.949,0.7539,2.515,4.57,106
text_00ff00,2,d-6,30,24,30,-2,11250,7849,45.607,freerdp30,,38.0,38.1,38.05,0.7543,2.511,4.537,106
text_00ff00,2,d-6,30,24,30,-2,11250,7849,45.607,always,,37.84,38.25,38.04,0.6975,3.004,4.78,98
text_00ff00,2,d-6,30,24,30,-2,11250,7849,45.607,adaptive,0.4,38.64,38.8,38.721,0.7521,2.591,4.389,106
text_00ff00,2,d-6,34,28,34,-2,9396,6253,72.36,none,,32.42,31.3,31.823,0.6826,4.012,8.389,184
text_00ff00,2,d-6,34,28,34,-2,9396,6253,72.36,spec30,,34.34,34.34,34.34,0.6868,3.916,7.048,184
text_00ff00,2,d-6,34,28,34,-2,9396,6253,72.36,freerdp30,,34.35,34.35,34.35,0.6859,3.933,7.05,184
text_00ff00,2,d-6,34,28,34,-2,9396,6253,72.36,always,,33.95,34.09,34.019,0.6284,4.587,7.537,178
text_00ff00,2,d-6,34,28,34,-2,9396,6253,72.36,adaptive,0.4,34.39,34.36,34.375,0.6854,3.947,7.041,184
text_00ff00,2,d-12,18,6,18,-2,21831,13574,9.055,none,,33.84,32.35,33.035,0.7892,1.55,4.365,133
text_00ff00,2,d-12,18,6,18,-2,21831,13574,9.055,spec30,,42.72,42.57,42.646,0.9165,0.731,1.51,90
text_00ff00,2,d-12,18,6,18,-2,21831,13574,9.055,freerdp30,,43.1,43.04,43.07,0.9209,0.711,1.453,90
text_00ff00,2,d-12,18,6,18,-2,21831,13574,9.055,always,,51.85,50.65,51.206,0.9713,0.539,0.823,78
text_00ff00,2,d-12,18,6,18,-2,21831,13574,9.055,adaptive,0.4,52.44,50.86,51.578,0.9772,0.484,0.764,78
text_00ff00,2,d-12,22,10,22,-2,18951,11580,14.577,none,,33.79,32.32,32.991,0.78,1.768,4.719,133
text_00ff00,2,d-12,22,10,22,-2,18951,11580,14.577,spec30,,41.86,42.32,42.085,0.8921,0.972,1.942,91
text_00ff00,2,d-12,22,10,22,-2,18951,11580,14.577,freerdp30,,42.23,42.67,42.445,0.8961,0.955,1.884,91
text_00ff00,2,d-12,22,10,22,-2,18951,11580,14.577,always,,47.57,47.63,47.6,0.9228,0.917,1.433,81
text_00ff00,2,d-12,22,10,22,-2,18951,11580,14.577,adaptive,0.4,48.11,48.07,48.09,0.9382,0.816,1.322,81
text_00ff00,2,d-12,26,14,26,-2,16328,9690,23.195,none,,33.67,32.23,32.89,0.7608,2.14,5.37,137
text_00ff00,2,d-12,26,14,26,-2,16328,9690,23.195,spec30,,40.82,40.43,40.623,0.8413,1.423,2.795,96
text_00ff00,2,d-12,26,14,26,-2,16328,9690,23.195,freerdp30,,41.16,40.65,40.899,0.8446,1.404,2.737,96
text_00ff00,2,d-12,26,14,26,-2,16328,9690,23.195,always,,43.82,43.37,43.587,0.8439,1.489,2.449,89
text_00ff00,2,d-12,26,14,26,-2,16328,9690,23.195,adaptive,0.4,44.34,43.77,44.046,0.8699,1.307,2.247,89
text_00ff00,2,d-12,30,18,30,-2,14139,7849,36.222,none,,33.33,31.99,32.612,0.7319,2.798,6.458,140
text_00ff00,2,d-12,30,18,30,-2,14139,7849,36.222,spec30,,38.67,38.87,38.768,0.7786,2.171,4.058,100
text_00ff00,2,d-12,30,18,30,-2,14139,7849,36.222,freerdp30,,38.8,39.0,38.899,0.7793,2.165,4.027,100
text_00ff00,2,d-12,30,18,30,-2,14139,7849,36.222,always,,39.35,39.79,39.565,0.7331,2.524,4.091,75
text_00ff00,2,d-12,30,18,30,-2,14139,7849,36.222,adaptive,0.4,39.98,40.2,40.091,0.7805,2.219,3.779,91
text_00ff00,2,d-12,34,22,34,-2,12165,6245,56.639,none,,32.6,31.45,31.985,0.6925,3.654,7.986,138
text_00ff00,2,d-12,34,22,34,-2,12165,6245,56.639,spec30,,35.93,35.79,35.856,0.7102,3.285,6.044,119
text_00ff00,2,d-12,34,22,34,-2,12165,6245,56.639,freerdp30,,35.97,35.84,35.904,0.7098,3.286,6.017,119
text_00ff00,2,d-12,34,22,34,-2,12165,6245,56.639,always,,35.81,35.86,35.839,0.6619,3.899,6.422,119
text_00ff00,2,d-12,34,22,34,-2,12165,6245,56.639,adaptive,0.4,36.14,36.04,36.088,0.7061,3.404,6.006,119
text_00ff00,2,c-6,18,18,18,-6,15017,14432,12.5,none,,33.81,32.31,32.998,0.7808,1.733,4.532,139
text_00ff00,2,c-6,18,18,18,-6,15017,14432,12.5,spec30,,42.33,42.1,42.212,0.8908,0.937,1.743,92
text_00ff00,2,c-6,18,18,18,-6,15017,14432,12.5,freerdp30,,42.88,42.44,42.655,0.8957,0.92,1.68,92
text_00ff00,2,c-6,18,18,18,-6,15017,14432,12.5,always,,48.92,47.72,48.282,0.9256,0.833,1.181,85
text_00ff00,2,c-6,18,18,18,-6,15017,14432,12.5,adaptive,0.4,49.98,48.34,49.082,0.9414,0.723,1.053,85
text_00ff00,2,c-6,22,22,22,-6,13041,12437,20.0,none,,33.74,32.28,32.95,0.764,2.04,4.967,138
text_00ff00,2,c-6,22,22,22,-6,13041,12437,20.0,spec30,,41.21,41.62,41.41,0.8527,1.293,2.312,95
text_00ff00,2,c-6,22,22,22,-6,13041,12437,20.0,freerdp30,,41.52,41.95,41.734,0.8553,1.274,2.258,95
text_00ff00,2,c-6,22,22,22,-6,13041,12437,20.0,always,,45.05,45.19,45.116,0.8584,1.318,1.918,74
text_00ff00,2,c-6,22,22,22,-6,13041,12437,20.0,adaptive,0.4,46.16,46.0,46.078,0.8877,1.144,1.717,74
text_00ff00,2,c-6,26,26,26,-6,11130,10435,32.5,none,,33.55,32.11,32.773,0.7293,2.566,5.771,136
text_00ff00,2,c-6,26,26,26,-6,11130,10435,32.5,spec30,,39.77,39.43,39.594,0.783,1.905,3.351,103
text_00ff00,2,c-6,26,26,26,-6,11130,10435,32.5,freerdp30,,40.03,39.72,39.869,0.7852,1.89,3.293,103
text_00ff00,2,c-6,26,26,26,-6,11130,10435,32.5,always,,41.29,40.92,41.099,0.7561,2.12,3.213,90
text_00ff00,2,c-6,26,26,26,-6,11130,10435,32.5,adaptive,0.4,42.3,41.47,41.867,0.7987,1.839,2.921,90
text_00ff00,2,c-6,30,30,30,-6,9320,8552,50.0,none,,33.21,31.85,32.477,0.7149,3.289,6.93,138
text_00ff00,2,c-6,30,30,30,-6,9320,8552,50.0,spec30,,37.48,37.18,37.329,0.7395,2.826,4.908,136
text_00ff00,2,c-6,30,30,30,-6,9320,8552,50.0,freerdp30,,37.69,37.29,37.484,0.74,2.825,4.863,136
text_00ff00,2,c-6,30,30,30,-6,9320,8552,50.0,always,,37.19,37.25,37.221,0.6827,3.359,5.161,136
text_00ff00,2,c-6,30,30,30,-6,9320,8552,50.0,adaptive,0.4,38.02,37.79,37.906,0.7378,2.904,4.769,136
text_00ff00,2,c-6,34,34,34,-6,7565,6802,80.0,none,,32.27,31.15,31.673,0.6563,4.497,8.784,173
text_00ff00,2,c-6,34,34,34,-6,7565,6802,80.0,spec30,,33.44,33.41,33.426,0.6551,4.541,7.807,199
text_00ff00,2,c-6,34,34,34,-6,7565,6802,80.0,freerdp30,,33.45,33.41,33.43,0.6545,4.569,7.819,199
text_00ff00,2,c-6,34,34,34,-6,7565,6802,80.0,always,,33.09,33.13,33.112,0.5909,5.177,8.32,199
text_00ff00,2,c-6,34,34,34,-6,7565,6802,80.0,adaptive,0.4,33.43,33.35,33.391,0.6562,4.502,7.796,199
text_00ff00,2,c-12,18,18,18,-12,16591,16088,8.75,none,,33.83,32.32,33.01,0.782,1.689,4.469,137
text_00ff00,2,c-12,18,18,18,-12,16591,16088,8.75,spec30,,42.54,42.31,42.425,0.8968,0.878,1.627,91
text_00ff00,2,c-12,18,18,18,-12,16591,16088,8.75,freerdp30,,42.96,42.78,42.868,0.9015,0.861,1.564,91
text_00ff00,2,c-12,18,18,18,-12,16591,16088,8.75,always,,50.75,49.0,49.79,0.945,0.697,0.963,78
text_00ff00,2,c-12,18,18,18,-12,16591,16088,8.75,adaptive,0.4,51.28,49.26,50.152,0.951,0.642,0.899,78
text_00ff00,2,c-12,22,22,22,-12,14469,13806,14.0,none,,33.75,32.28,32.956,0.7679,1.958,4.85,134
text_00ff00,2,c-12,22,22,22,-12,14469,13806,14.0,spec30,,41.71,42.0,41.857,0.8656,1.169,2.077,92
text_00ff00,2,c-12,22,22,22,-12,14469,13806,14.0,freerdp30,,41.97,42.31,42.133,0.8685,1.155,2.031,92
text_00ff00,2,c-12,22,22,22,-12,14469,13806,14.0,always,,46.85,46.83,46.839,0.8906,1.105,1.572,82
text_00ff00,2,c-12,22,22,22,-12,14469,13806,14.0,adaptive,0.4,47.49,47.3,47.392,0.9071,0.997,1.446,82
text_00ff00,2,c-12,26,26,26,-12,12429,11680,22.75,none,,33.62,32.14,32.815,0.7346,2.433,5.569,135
text_00ff00,2,c-12,26,26,26,-12,12429,11680,22.75,spec30,,40.82,40.02,40.401,0.8009,1.701,2.964,98
text_00ff00,2,c-12,26,26,26,-12,12429,11680,22.75,freerdp30,,41.14,40.2,40.648,0.8028,1.689,2.917,98
text_00ff00,2,c-12,26,26,26,-12,12429,11680,22.75,always,,43.54,42.54,43.009,0.8011,1.762,2.642,90
text_00ff00,2,c-12,26,26,26,-12,12429,11680,22.75,adaptive,0.4,44.16,42.89,43.478,0.8242,1.578,2.437,90
text_00ff00,2,c-12,30,30,30,-12,10551,9708,35.0,none,,33.31,31.93,32.565,0.7243,3.072,6.581,137
text_00ff00,2,c-12,30,30,30,-12,10551,9708,35.0,spec30,,38.63,38.67,38.646,0.7647,2.434,4.19,103
text_00ff00,2,c-12,30,30,30,-12,10551,9708,35.0,freerdp30,,38.78,38.85,38.814,0.7656,2.421,4.145,103
text_00ff00,2,c-12,30,30,30,-12,10551,9708,35.0,always,,39.48,39.52,39.497,0.7256,2.761,4.189,94
text_00ff00,2,c-12,30,30,30,-12,10551,9708,35.0,adaptive,0.4,40.26,40.0,40.13,0.7689,2.435,3.85,94
text_00ff00,2,c-12,34,34,34,-12,8822,7916,56.0,none,,32.58,31.39,31.944,0.6714,4.136,8.173,141
text_00ff00,2,c-12,34,34,34,-12,8822,7916,56.0,spec30,,35.82,35.68,35.748,0.6862,3.734,6.224,112
text_00ff00,2,c-12,34,34,34,-12,8822,7916,56.0,freerdp30,,35.94,35.8,35.867,0.6865,3.735,6.185,112
text_00ff00,2,c-12,34,34,34,-12,8822,7916,56.0,always,,35.51,35.74,35.625,0.639,4.344,6.634,110
text_00ff00,2,c-12,34,34,34,-12,8822,7916,56.0,adaptive,0.4,36.11,36.06,36.083,0.6838,3.836,6.158,111
text_800000,1,d0,18,18,18,-2,7799,9065,17.944,none,,47.94,35.86,38.613,0.941,1.914,3.155,77
text_800000,1,d0,18,18,18,-2,7799,9065,17.944,spec30,,48.63,37.76,40.426,0.9485,1.636,2.634,66
text_800000,1,d0,18,18,18,-2,7799,9065,17.944,freerdp30,,48.69,38.01,40.666,0.9494,1.607,2.576,62
text_800000,1,d0,18,18,18,-2,7799,9065,17.944,always,,46.77,44.71,45.616,0.907,1.222,1.755,52
text_800000,1,d0,18,18,18,-2,7799,9065,17.944,adaptive,0.4,48.45,45.54,46.757,0.9543,1.08,1.602,52
text_800000,1,d0,22,22,22,-2,5984,6967,29.09,none,,45.66,35.64,38.239,0.9075,2.34,3.754,82
text_800000,1,d0,22,22,22,-2,5984,6967,29.09,spec30,,46.16,37.21,39.703,0.9133,2.09,3.284,71
text_800000,1,d0,22,22,22,-2,5984,6967,29.09,freerdp30,,46.2,37.5,39.961,0.9144,2.055,3.214,67
text_800000,1,d0,22,22,22,-2,5984,6967,29.09,always,,42.93,41.12,41.93,0.8454,1.971,2.838,62
text_800000,1,d0,22,22,22,-2,5984,6967,29.09,adaptive,0.4,44.61,41.48,42.772,0.9073,1.749,2.597,64
text_800000,1,d0,26,26,26,-2,4279,4961,45.144,none,,42.76,34.95,37.298,0.8488,3.136,4.927,106
text_800000,1,d0,26,26,26,-2,4279,4961,45.144,spec30,,43.0,35.98,38.203,0.8496,2.924,4.539,106
text_800000,1,d0,26,26,26,-2,4279,4961,45.144,freerdp30,,43.0,36.03,38.248,0.8494,2.911,4.516,106
text_800000,1,d0,26,26,26,-2,4279,4961,45.144,always,,40.82,36.89,38.424,0.7808,3.134,4.566,100
text_800000,1,d0,26,26,26,-2,4279,4961,45.144,adaptive,0.4,42.63,37.03,38.987,0.8462,2.783,4.216,106
text_800000,1,d0,30,30,30,-2,2875,3309,71.777,none,,40.65,33.55,35.783,0.7906,4.339,6.639,119
text_800000,1,d0,30,30,30,-2,2875,3309,71.777,spec30,,40.63,33.41,35.666,0.7812,4.375,6.621,128
text_800000,1,d0,30,30,30,-2,2875,3309,71.777,freerdp30,,40.6,33.39,35.642,0.7804,4.378,6.623,128
text_800000,1,d0,30,30,30,-2,2875,3309,71.777,always,,39.56,33.01,35.149,0.7064,4.784,6.975,128
text_800000,1,d0,30,30,30,-2,2875,3309,71.777,adaptive,0.4,40.59,33.39,35.644,0.7797,4.385,6.625,128
text_800000,1,d0,34,34,34,-2,1878,2299,101.371,none,,40.2,31.59,34.042,0.7286,5.701,8.569,117
text_800000,1,d0,34,34,34,-2,1878,2299,101.371,spec30,,39.69,30.36,32.888,0.7043,6.126,9.245,172
text_800000,1,d0,34,34,34,-2,1878,2299,101.371,freerdp30,,39.68,30.31,32.841,0.7032,6.15,9.275,172
text_800000,1,d0,34,34,34,-2,1878,2299,101.371,always,,38.49,29.6,32.086,0.6091,6.781,9.995,172
text_800000,1,d0,34,34,34,-2,1878,2299,101.371,adaptive,0.4,39.82,30.72,33.226,0.7124,5.982,9.037,172
text_800000,1,d-3,18,15,18,-2,9185,8966,13.675,none,,48.26,35.9,38.662,0.9488,1.846,3.07,77
text_800000,1,d-3,18,15,18,-2,9185,8966,13.675,spec30,,48.97,37.83,40.521,0.9566,1.568,2.549,64
text_800000,1,d-3,18,15,18,-2,9185,8966,13.675,freerdp30,,49.04,38.1,40.771,0.9575,1.536,2.489,61
text_800000,1,d-3,18,15,18,-2,9185,8966,13.675,always,,48.72,46.04,47.177,0.9298,1.025,1.483,44
text_800000,1,d-3,18,15,18,-2,9185,8966,13.675,adaptive,0.4,50.48,46.95,48.364,0.9694,0.911,1.36,44
text_800000,1,d-3,22,19,22,-2,7370,6927,22.232,none,,46.38,35.69,38.342,0.9224,2.232,3.637,78
text_800000,1,d-3,22,19,22,-2,7370,6927,22.232,spec30,,46.87,37.34,39.889,0.9294,1.978,3.153,74
text_800000,1,d-3,22,19,22,-2,7370,6927,22.232,freerdp30,,46.92,37.6,40.134,0.9302,1.941,3.085,74
text_800000,1,d-3,22,19,22,-2,7370,6927,22.232,always,,45.0,42.67,43.681,0.8785,1.65,2.405,45
text_800000,1,d-3,22,19,22,-2,7370,6927,22.232,adaptive,0.4,46.43,43.15,44.49,0.932,1.491,2.228,45
text_800000,1,d-3,26,23,26,-2,5548,4868,34.957,none,,43.0,35.21,37.556,0.872,2.91,4.676,86
text_800000,1,d-3,26,23,26,-2,5548,4868,34.957,spec30,,43.27,36.52,38.697,0.8767,2.679,4.239,86
text_800000,1,d-3,26,23,26,-2,5548,4868,34.957,freerdp30,,43.3,36.67,38.828,0.877,2.649,4.187,86
text_800000,1,d-3,26,23,26,-2,5548,4868,34.957,always,,41.77,38.8,40.035,0.8104,2.665,3.931,79
text_800000,1,d-3,26,23,26,-2,5548,4868,34.957,adaptive,0.4,42.93,39.07,40.585,0.8751,2.403,3.667,82
text_800000,1,d-3,30,27,30,-2,3944,3215,54.699,none,,40.43,34.03,36.144,0.8151,4.026,6.261,123
text_800000,1,d-3,30,27,30,-2,3944,3215,54.699,spec30,,40.58,34.59,36.622,0.813,3.883,5.971,123
text_800000,1,d-3,30,27,30,-2,3944,3215,54.699,freerdp30,,40.59,34.64,36.669,0.8129,3.875,5.947,123
text_800000,1,d-3,30,27,30,-2,3944,3215,54.699,always,,39.77,34.85,36.646,0.7438,4.112,6.038,124
text_800000,1,d-3,30,27,30,-2,3944,3215,54.699,adaptive,0.4,40.5,34.98,36.919,0.8102,3.8,5.781,123
text_800000,1,d-3,34,31,34,-2,2615,2018,87.841,none,,38.91,31.82,34.054,0.7585,5.664,8.566,119
text_800000,1,d-3,34,31,34,-2,2615,2018,87.841,spec30,,38.82,31.42,33.708,0.7438,5.778,8.721,171
text_800000,1,d-3,34,31,34,-2,2615,2018,87.841,freerdp30,,38.81,31.41,33.69,0.7429,5.789,8.733,171
text_800000,1,d-3,34,31,34,-2,2615,2018,87.841,always,,38.04,30.86,33.107,0.654,6.282,9.231,171
text_800000,1,d-3,34,31,34,-2,2615,2018,87.841,adaptive,0.4,38.83,31.44,33.72,0.7466,5.771,8.726,171
text_800000,1,d-6,18,12,18,-2,10552,8989,11.402,none,,48.39,35.92,38.692,0.9515,1.805,3.025,76
text_800000,1,d-6,18,12,18,-2,10552,8989,11.402,spec30,,49.08,37.85,40.545,0.9594,1.531,2.51,62
text_800000,1,d-6,18,12,18,-2,10552,8989,11.402,freerdp30,,49.16,38.14,40.817,0.9604,1.495,2.442,59
text_800000,1,d-6,18,12,18,-2,10552,8989,11.402,always,,49.7,46.9,48.074,0.938,0.917,1.329,33
text_800000,1,d-6,18,12,18,-2,10552,8989,11.402,adaptive,0.4,51.34,47.94,49.314,0.9758,0.83,1.237,33
text_800000,1,d-6,22,16,22,-2,8717,6915,18.419,none,,46.59,35.75,38.418,0.9269,2.152,3.548,78
text_800000,1,d-6,22,16,22,-2,8717,6915,18.419,spec30,,47.01,37.44,39.999,0.9345,1.905,3.072,65
text_800000,1,d-6,22,16,22,-2,8717,6915,18.419,freerdp30,,47.07,37.73,40.26,0.9355,1.864,3.0,65
text_800000,1,d-6,22,16,22,-2,8717,6915,18.419,always,,46.14,43.86,44.853,0.8969,1.453,2.139,40
text_800000,1,d-6,22,16,22,-2,8717,6915,18.419,adaptive,0.4,47.48,44.51,45.747,0.9447,1.308,1.982,40
text_800000,1,d-6,26,20,26,-2,6855,4866,28.948,none,,43.29,35.31,37.677,0.8798,2.824,4.58,77
text_800000,1,d-6,26,20,26,-2,6855,4866,28.948,spec30,,43.51,36.7,38.887,0.8858,2.589,4.128,76
text_800000,1,d-6,26,20,26,-2,6855,4866,28.948,freerdp30,,43.54,36.89,39.052,0.8865,2.557,4.068,76
text_800000,1,d-6,26,20,26,-2,6855,4866,28.948,always,,42.2,40.11,41.03,0.8307,2.415,3.587,76
text_800000,1,d-6,26,20,26,-2,6855,4866,28.948,adaptive,0.4,43.19,40.32,41.524,0.8874,2.21,3.373,76
text_800000,1,d-6,30,24,30,-2,5139,3135,45.607,none,,40.41,34.3,36.355,0.827,3.817,6.038,87
text_800000,1,d-6,30,24,30,-2,5139,3135,45.607,spec30,,40.57,35.1,37.025,0.8294,3.639,5.687,94
text_800000,1,d-6,30,24,30,-2,5139,3135,45.607,freerdp30,,40.58,35.17,37.085,0.8294,3.618,5.651,94
text_800000,1,d-6,30,24,30,-2,5139,3135,45.607,always,,39.66,35.99,37.448,0.7613,3.78,5.592,94
text_800000,1,d-6,30,24,30,-2,5139,3135,45.607,adaptive,0.4,40.39,35.95,37.627,0.8263,3.521,5.386,94
text_800000,1,d-6,34,28,34,-2,3574,1838,72.36,none,,38.53,32.05,34.182,0.7774,5.368,8.289,124
text_800000,1,d-6,34,28,34,-2,3574,1838,72.36,spec30,,38.55,32.06,34.192,0.7701,5.367,8.237,134
text_800000,1,d-6,34,28,34,-2,3574,1838,72.36,freerdp30,,38.53,32.09,34.212,0.7697,5.364,8.222,134
text_800000,1,d-6,34,28,34,-2,3574,1838,72.36,always,,38.02,31.87,33.935,0.694,5.697,8.488,134
text_800000,1,d-6,34,28,34,-2,3574,1838,72.36,adaptive,0.4,38.53,32.07,34.197,0.7689,5.37,8.228,134
text_800000,1,d-12,18,6,18,-2,13437,8995,9.055,none,,48.59,35.93,38.716,0.9555,1.743,2.947,76
text_800000,1,d-12,18,6,18,-2,13437,8995,9.055,spec30,,49.27,37.84,40.548,0.9633,1.471,2.439,59
text_800000,1,d-12,18,6,18,-2,13437,8995,9.055,freerdp30,,49.37,38.17,40.868,0.9644,1.43,2.361,59
text_800000,1,d-12,18,6,18,-2,13437,8995,9.055,always,,51.26,48.15,49.435,0.9523,0.771,1.13,35
text_800000,1,d-12,18,6,18,-2,13437,8995,9.055,adaptive,0.4,53.04,49.23,50.73,0.984,0.706,1.063,35
text_800000,1,d-12,22,10,22,-2,11536,6884,14.577,none,,46.87,35.82,38.499,0.9361,2.05,3.419,77
text_800000,1,d-12,22,10,22,-2,11536,6884,14.577,spec30,,47.33,37.69,40.254,0.9445,1.793,2.91,60
text_800000,1,d-12,22,10,22,-2,11536,6884,14.577,freerdp30,,47.4,37.97,40.513,0.9455,1.751,2.839,60
text_800000,1,d-12,22,10,22,-2,11536,6884,14.577,always,,47.22,45.26,46.128,0.9166,1.239,1.832,29
text_800000,1,d-12,22,10,22,-2,11536,6884,14.577,adaptive,0.4,48.4,45.93,46.991,0.9582,1.132,1.718,29
text_800000,1,d-12,26,14,26,-2,9600,4808,23.195,none,,43.59,35.45,37.843,0.8963,2.629,4.345,79
text_800000,1,d-12,26,14,26,-2,9600,4808,23.195,spec30,,43.82,36.97,39.166,0.904,2.389,3.872,71
text_800000,1,d-12,26,14,26,-2,9600,4808,23.195,freerdp30,,43.81,37.21,39.359,0.9047,2.351,3.805,71
text_800000,1,d-12,26,14,26,-2,9600,4808,23.195,always,,42.99,41.46,42.158,0.8577,2.072,3.134,57
text_800000,1,d-12,26,14,26,-2,9600,4808,23.195,adaptive,0.4,43.83,41.76,42.668,0.9109,1.88,2.928,57
text_800000,1,d-12,30,18,30,-2,7800,3032,36.222,none,,40.63,34.46,36.534,0.8497,3.555,5.769,77
text_800000,1,d-12,30,18,30,-2,7800,3032,36.222,spec30,,40.73,35.56,37.417,0.8555,3.352,5.339,74
text_800000,1,d-12,30,18,30,-2,7800,3032,36.222,freerdp30,,40.72,35.67,37.498,0.8556,3.334,5.302,74
text_800000,1,d-12,30,18,30,-2,7800,3032,36.222,always,,39.73,37.11,38.223,0.7863,3.375,5.095,80
text_800000,1,d-12,30,18,30,-2,7800,3032,36.222,adaptive,0.4,40.62,37.07,38.493,0.8552,3.106,4.834,80
text_800000,1,d-12,34,22,34,-2,5985,1782,56.639,none,,38.55,32.58,34.614,0.7982,4.804,7.619,93
text_800000,1,d-12,34,22,34,-2,5985,1782,56.639,spec30,,38.56,32.83,34.814,0.7948,4.77,7.467,124
text_800000,1,d-12,34,22,34,-2,5985,1782,56.639,freerdp30,,38.56,32.86,34.831,0.7945,4.769,7.457,124
text_800000,1,d-12,34,22,34,-2,5985,1782,56.639,always,,37.92,32.9,34.723,0.7258,5.049,7.644,124
text_800000,1,d-12,34,22,34,-2,5985,1782,56.639,adaptive,0.4,38.47,32.96,34.895,0.7916,4.77,7.408,124
text_800000,1,c-6,18,18,18,-6,8619,9888,12.5,none,,48.36,35.89,38.666,0.9459,1.837,3.047,80
text_800000,1,c-6,18,18,18,-6,8619,9888,12.5,spec30,,49.1,37.86,40.553,0.954,1.562,2.522,80
text_800000,1,c-6,18,18,18,-6,8619,9888,12.5,freerdp30,,49.21,38.16,40.844,0.9549,1.516,2.446,80
text_800000,1,c-6,18,18,18,-6,8619,9888,12.5,always,,49.14,46.42,47.569,0.9282,0.975,1.401,34
text_800000,1,c-6,18,18,18,-6,8619,9888,12.5,adaptive,0.4,50.79,47.38,48.762,0.9678,0.877,1.302,34
text_800000,1,c-6,22,22,22,-6,6868,7890,20.0,none,,46.87,35.72,38.405,0.9174,2.206,3.566,79
text_800000,1,c-6,22,22,22,-6,6868,7890,20.0,spec30,,47.43,37.46,40.05,0.9242,1.944,3.064,66
text_800000,1,c-6,22,22,22,-6,6868,7890,20.0,freerdp30,,47.48,37.68,40.262,0.925,1.915,3.009,65
text_800000,1,c-6,22,22,22,-6,6868,7890,20.0,always,,45.5,43.3,44.26,0.8737,1.566,2.242,48
text_800000,1,c-6,22,22,22,-6,6868,7890,20.0,adaptive,0.4,47.19,44.02,45.324,0.9291,1.407,2.068,48
text_800000,1,c-6,26,26,26,-6,4996,5786,32.5,none,,43.92,35.21,37.669,0.8624,2.894,4.556,96
text_800000,1,c-6,26,26,26,-6,4996,5786,32.5,spec30,,44.26,36.63,38.948,0.8661,2.637,4.079,82
text_800000,1,c-6,26,26,26,-6,4996,5786,32.5,freerdp30,,44.29,36.82,39.112,0.8667,2.608,4.021,82
text_800000,1,c-6,26,26,26,-6,4996,5786,32.5,always,,42.34,39.49,40.689,0.8029,2.536,3.666,76
text_800000,1,c-6,26,26,26,-6,4996,5786,32.5,adaptive,0.4,43.83,39.7,41.291,0.865,2.294,3.414,82
text_800000,1,c-6,30,30,30,-6,3475,4006,50.0,none,,41.64,34.03,36.346,0.8046,3.959,6.061,121
text_800000,1,c-6,30,30,30,-6,3475,4006,50.0,spec30,,41.87,34.82,37.047,0.8039,3.762,5.683,121
text_800000,1,c-6,30,30,30,-6,3475,4006,50.0,freerdp30,,41.89,34.9,37.114,0.8039,3.746,5.649,121
text_800000,1,c-6,30,30,30,-6,3475,4006,50.0,always,,40.62,35.3,37.192,0.7356,3.949,5.689,124
text_800000,1,c-6,30,30,30,-6,3475,4006,50.0,adaptive,0.4,41.91,35.49,37.609,0.8013,3.624,5.395,121
text_800000,1,c-6,34,34,34,-6,2271,2636,80.0,none,,40.58,32.09,34.522,0.7397,5.312,7.986,118
text_800000,1,c-6,34,34,34,-6,2271,2636,80.0,spec30,,40.52,31.9,34.348,0.7291,5.37,8.021,130
text_800000,1,c-6,34,34,34,-6,2271,2636,80.0,freerdp30,,40.52,31.87,34.324,0.7285,5.386,8.038,130
text_800000,1,c-6,34,34,34,-6,2271,2636,80.0,always,,39.45,31.46,33.835,0.6518,5.806,8.433,130
text_800000,1,c-6,34,34,34,-6,2271,2636,80.0,adaptive,0.4,40.54,31.93,34.376,0.7302,5.367,8.021,130
text_800000,1,c-12,18,18,18,-12,9979,11210,8.75,none,,48.6,35.89,38.678,0.9479,1.784,2.976,78
text_800000,1,c-12,18,18,18,-12,9979,11210,8.75,spec30,,49.29,37.77,40.486,0.9559,1.519,2.474,60
text_800000,1,c-12,18,18,18,-12,9979,11210,8.75,freerdp30,,49.44,38.25,40.941,0.9574,1.458,2.364,60
text_800000,1,c-12,18,18,18,-12,9979,11210,8.75,always,,51.18,47.82,49.184,0.9444,0.811,1.161,39
text_800000,1,c-12,18,18,18,-12,9979,11210,8.75,adaptive,0.4,52.96,48.86,50.446,0.9765,0.745,1.089,39
text_800000,1,c-12,22,22,22,-12,8168,9152,14.0,none,,47.3,35.74,38.461,0.9223,2.103,3.422,80
text_800000,1,c-12,22,22,22,-12,8168,9152,14.0,spec30,,47.83,37.5,40.123,0.9299,1.858,2.937,62
text_800000,1,c-12,22,22,22,-12,8168,9152,14.0,freerdp30,,47.95,37.91,40.508,0.9312,1.801,2.835,60
text_800000,1,c-12,22,22,22,-12,8168,9152,14.0,always,,47.84,44.97,46.172,0.904,1.279,1.831,33
text_800000,1,c-12,22,22,22,-12,8168,9152,14.0,adaptive,0.4,49.19,45.65,47.071,0.9433,1.168,1.709,33
text_800000,1,c-12,26,26,26,-12,6282,7086,22.75,none,,44.77,35.29,37.838,0.8699,2.706,4.287,91
text_800000,1,c-12,26,26,26,-12,6282,7086,22.75,spec30,,45.15,36.79,39.207,0.8749,2.453,3.804,71
text_800000,1,c-12,26,26,26,-12,6282,7086,22.75,freerdp30,,45.2,37.07,39.46,0.8758,2.404,3.719,71
text_800000,1,c-12,26,26,26,-12,6282,7086,22.75,always,,44.11,41.3,42.483,0.8286,2.112,3.039,52
text_800000,1,c-12,26,26,26,-12,6282,7086,22.75,adaptive,0.4,45.32,41.65,43.108,0.8804,1.921,2.829,52
text_800000,1,c-12,30,30,30,-12,4625,5251,35.0,none,,42.66,34.32,36.737,0.8125,3.608,5.54,99
text_800000,1,c-12,30,30,30,-12,4625,5251,35.0,spec30,,42.96,35.53,37.818,0.8152,3.351,5.044,82
text_800000,1,c-12,30,30,30,-12,4625,5251,35.0,freerdp30,,42.98,35.65,37.923,0.8156,3.325,4.997,82
text_800000,1,c-12,30,30,30,-12,4625,5251,35.0,always,,41.57,37.23,38.88,0.7485,3.301,4.728,75
text_800000,1,c-12,30,30,30,-12,4625,5251,35.0,adaptive,0.4,42.93,37.33,39.287,0.8134,3.045,4.466,79
text_800000,1,c-12,34,34,34,-12,3251,3719,56.0,none,,41.08,32.56,34.995,0.7473,4.867,7.318,106
text_800000,1,c-12,34,34,34,-12,3251,3719,56.0,spec30,,41.23,33.1,35.488,0.7451,4.694,6.961,106
text_800000,1,c-12,34,34,34,-12,3251,3719,56.0,freerdp30,,41.23,33.12,35.503,0.7447,4.686,6.944,111
text_800000,1,c-12,34,34,34,-12,3251,3719,56.0,always,,40.04,33.4,35.561,0.686,4.899,7.029,111
text_800000,1,c-12,34,34,34,-12,3251,3719,56.0,adaptive,0.4,41.25,33.44,35.788,0.7423,4.587,6.741,111
text_800000,2,d0,18,18,18,-2,7799,8596,17.944,none,,48.05,35.84,38.601,0.9428,1.916,3.15,77
text_800000,2,d0,18,18,18,-2,7799,8596,17.944,spec30,,48.73,37.58,40.266,0.9497,1.659,2.667,62
text_800000,2,d0,18,18,18,-2,7799,8596,17.944,freerdp30,,48.83,37.91,40.58,0.9508,1.611,2.582,62
text_800000,2,d0,18,18,18,-2,7799,8596,17.944,always,,47.28,44.84,45.892,0.9376,1.223,1.758,58
text_800000,2,d0,18,18,18,-2,7799,8596,17.944,adaptive,0.4,48.36,45.24,46.522,0.9558,1.092,1.616,58
text_800000,2,d0,22,22,22,-2,5984,6727,29.09,none,,46.0,35.65,38.276,0.9105,2.319,3.702,82
text_800000,2,d0,22,22,22,-2,5984,6727,29.09,spec30,,46.52,37.29,39.807,0.9162,2.062,3.218,82
text_800000,2,d0,22,22,22,-2,5984,6727,29.09,freerdp30,,46.54,37.53,40.029,0.9167,2.027,3.154,71
text_800000,2,d0,22,22,22,-2,5984,6727,29.09,always,,43.17,41.3,42.134,0.8747,1.964,2.809,63
text_800000,2,d0,22,22,22,-2,5984,6727,29.09,adaptive,0.4,44.84,41.46,42.829,0.9101,1.728,2.548,64
text_800000,2,d0,26,26,26,-2,4279,4845,45.144,none,,43.61,35.02,37.471,0.8602,3.02,4.715,106
text_800000,2,d0,26,26,26,-2,4279,4845,45.144,spec30,,43.9,36.0,38.36,0.86,2.825,4.346,106
text_800000,2,d0,26,26,26,-2,4279,4845,45.144,freerdp30,,43.85,36.07,38.413,0.86,2.81,4.319,106
text_800000,2,d0,26,26,26,-2,4279,4845,45.144,always,,40.49,36.99,38.395,0.806,3.124,4.5,108
text_800000,2,d0,26,26,26,-2,4279,4845,45.144,adaptive,0.4,42.76,37.09,39.059,0.8531,2.716,4.07,106
text_800000,2,d0,30,30,30,-2,2875,3323,71.777,none,,41.87,33.81,36.189,0.8127,4.062,6.198,119
text_800000,2,d0,30,30,30,-2,2875,3323,71.777,spec30,,41.89,33.56,35.978,0.8027,4.089,6.181,147
text_800000,2,d0,30,30,30,-2,2875,3323,71.777,freerdp30,,41.88,33.54,35.959,0.802,4.099,6.187,147
text_800000,2,d0,30,30,30,-2,2875,3323,71.777,always,,39.96,33.16,35.35,0.7348,4.59,6.652,147
text_800000,2,d0,30,30,30,-2,2875,3323,71.777,adaptive,0.4,41.88,33.53,35.946,0.8015,4.099,6.185,147
text_800000,2,d0,34,34,34,-2,1878,2202,101.371,none,,41.39,31.79,34.349,0.7679,5.433,8.182,124
text_800000,2,d0,34,34,34,-2,1878,2202,101.371,spec30,,40.56,30.44,33.051,0.7416,5.899,8.91,196
text_800000,2,d0,34,34,34,-2,1878,2202,101.371,freerdp30,,40.52,30.4,33.004,0.7406,5.933,8.958,196
text_800000,2,d0,34,34,34,-2,1878,2202,101.371,always,,39.27,29.65,32.208,0.6207,6.567,9.702,196
text_800000,2,d0,34,34,34,-2,1878,2202,101.371,adaptive,0.4,40.84,30.8,33.396,0.7491,5.748,8.682,196
text_800000,2,d-3,18,15,18,-2,9185,8596,13.675,none,,48.34,35.88,38.651,0.95,1.851,3.071,77
text_800000,2,d-3,18,15,18,-2,9185,8596,13.675,spec30,,49.03,37.71,40.408,0.9573,1.586,2.572,62
text_800000,2,d-3,18,15,18,-2,9185,8596,13.675,freerdp30,,49.12,38.05,40.73,0.9585,1.544,2.491,62
text_800000,2,d-3,18,15,18,-2,9185,8596,13.675,always,,49.6,46.26,47.614,0.9593,1.036,1.495,32
text_800000,2,d-3,18,15,18,-2,9185,8596,13.675,adaptive,0.4,50.5,46.61,48.137,0.9705,0.929,1.382,35
text_800000,2,d-3,22,19,22,-2,7370,6727,22.232,none,,46.75,35.7,38.382,0.9259,2.204,3.576,78
text_800000,2,d-3,22,19,22,-2,7370,6727,22.232,spec30,,47.29,37.43,40.01,0.9329,1.943,3.074,74
text_800000,2,d-3,22,19,22,-2,7370,6727,22.232,freerdp30,,47.35,37.61,40.183,0.9335,1.916,3.027,63
text_800000,2,d-3,22,19,22,-2,7370,6727,22.232,always,,45.52,42.98,44.067,0.9103,1.627,2.347,47
text_800000,2,d-3,22,19,22,-2,7370,6727,22.232,adaptive,0.4,46.59,43.21,44.582,0.9342,1.48,2.188,47
text_800000,2,d-3,26,23,26,-2,5548,4836,34.957,none,,44.09,35.31,37.785,0.8855,2.777,4.426,86
text_800000,2,d-3,26,23,26,-2,5548,4836,34.957,spec30,,44.4,36.75,39.067,0.8894,2.534,3.965,86
text_800000,2,d-3,26,23,26,-2,5548,4836,34.957,freerdp30,,44.42,36.87,39.174,0.8899,2.505,3.921,86
text_800000,2,d-3,26,23,26,-2,5548,4836,34.957,always,,41.74,39.22,40.296,0.84,2.575,3.752,77
text_800000,2,d-3,26,23,26,-2,5548,4836,34.957,adaptive,0.4,43.38,39.25,40.844,0.8832,2.303,3.465,86
text_800000,2,d-3,30,27,30,-2,3944,3253,54.699,none,,41.44,34.26,36.509,0.836,3.786,5.908,123
text_800000,2,d-3,30,27,30,-2,3944,3253,54.699,spec30,,41.65,34.83,37.017,0.834,3.643,5.624,123
text_800000,2,d-3,30,27,30,-2,3944,3253,54.699,freerdp30,,41.67,34.86,37.051,0.8341,3.637,5.608,123
text_800000,2,d-3,30,27,30,-2,3944,3253,54.699,always,,40.4,35.06,36.956,0.7778,3.915,5.759,124
text_800000,2,d-3,30,27,30,-2,3944,3253,54.699,adaptive,0.4,41.58,35.16,37.277,0.8311,3.599,5.487,123
text_800000,2,d-3,34,31,34,-2,2615,2208,87.841,none,,40.47,32.39,34.775,0.79,5.107,7.783,119
text_800000,2,d-3,34,31,34,-2,2615,2208,87.841,spec30,,40.25,31.77,34.202,0.773,5.311,8.049,149
text_800000,2,d-3,34,31,34,-2,2615,2208,87.841,freerdp30,,40.24,31.78,34.214,0.7726,5.308,8.037,149
text_800000,2,d-3,34,31,34,-2,2615,2208,87.841,always,,39.13,31.18,33.541,0.6704,5.794,8.546,149
text_800000,2,d-3,34,31,34,-2,2615,2208,87.841,adaptive,0.4,40.3,31.86,34.286,0.7762,5.271,8.012,149
text_800000,2,d-6,18,12,18,-2,10552,8596,11.402,none,,48.5,35.91,38.683,0.9528,1.806,3.018,76
text_800000,2,d-6,18,12,18,-2,10552,8596,11.402,spec30,,49.2,37.7,40.411,0.9603,1.539,2.526,62
text_800000,2,d-6,18,12,18,-2,10552,8596,11.402,freerdp30,,49.32,38.09,40.787,0.9614,1.486,2.43,62
text_800000,2,d-6,18,12,18,-2,10552,8596,11.402,always,,50.9,47.19,48.659,0.97,0.925,1.339,31
text_800000,2,d-6,18,12,18,-2,10552,8596,11.402,adaptive,0.4,51.6,47.54,49.111,0.9777,0.844,1.253,31
text_800000,2,d-6,22,16,22,-2,8717,6724,18.419,none,,46.99,35.76,38.453,0.9308,2.133,3.492,78
text_800000,2,d-6,22,16,22,-2,8717,6724,18.419,spec30,,47.46,37.48,40.076,0.9382,1.88,3.005,63
text_800000,2,d-6,22,16,22,-2,8717,6724,18.419,freerdp30,,47.53,37.76,40.336,0.9391,1.838,2.932,63
text_800000,2,d-6,22,16,22,-2,8717,6724,18.419,always,,46.85,44.16,45.301,0.9292,1.444,2.093,46
text_800000,2,d-6,22,16,22,-2,8717,6724,18.419,adaptive,0.4,47.77,44.48,45.819,0.9473,1.309,1.95,46
text_800000,2,d-6,26,20,26,-2,6855,4834,28.948,none,,44.54,35.42,37.929,0.8956,2.648,4.287,77
text_800000,2,d-6,26,20,26,-2,6855,4834,28.948,spec30,,44.87,36.93,39.289,0.9014,2.401,3.81,76
text_800000,2,d-6,26,20,26,-2,6855,4834,28.948,freerdp30,,44.9,37.1,39.442,0.902,2.372,3.76,76
text_800000,2,d-6,26,20,26,-2,6855,4834,28.948,always,,42.84,40.66,41.615,0.8629,2.286,3.351,55
text_800000,2,d-6,26,20,26,-2,6855,4834,28.948,adaptive,0.4,44.14,40.73,42.107,0.9013,2.044,3.097,61
text_800000,2,d-6,30,24,30,-2,5139,3320,45.607,none,,41.73,34.63,36.864,0.8468,3.521,5.562,87
text_800000,2,d-6,30,24,30,-2,5139,3320,45.607,spec30,,41.9,35.6,37.7,0.8492,3.329,5.183,87
text_800000,2,d-6,30,24,30,-2,5139,3320,45.607,freerdp30,,41.92,35.73,37.804,0.8496,3.302,5.133,87
text_800000,2,d-6,30,24,30,-2,5139,3320,45.607,always,,40.3,36.67,38.117,0.7972,3.5,5.143,84
text_800000,2,d-6,30,24,30,-2,5139,3320,45.607,adaptive,0.4,41.62,36.59,38.417,0.8459,3.187,4.863,87
text_800000,2,d-6,34,28,34,-2,3574,2208,72.36,none,,40.26,32.8,35.094,0.8101,4.77,7.396,124
text_800000,2,d-6,34,28,34,-2,3574,2208,72.36,spec30,,40.31,32.84,35.133,0.8026,4.782,7.342,124
text_800000,2,d-6,34,28,34,-2,3574,2208,72.36,freerdp30,,40.31,32.84,35.136,0.8023,4.78,7.335,124
text_800000,2,d-6,34,28,34,-2,3574,2208,72.36,always,,39.23,32.59,34.751,0.7028,5.131,7.62,124
text_800000,2,d-6,34,28,34,-2,3574,2208,72.36,adaptive,0.4,40.32,32.86,35.151,0.8021,4.773,7.319,124
text_800000,2,d-12,18,6,18,-2,13437,8591,9.055,none,,48.65,35.92,38.701,0.9563,1.751,2.955,76
text_800000,2,d-12,18,6,18,-2,13437,8591,9.055,spec30,,49.33,37.72,40.444,0.9638,1.485,2.463,63
text_800000,2,d-12,18,6,18,-2,13437,8591,9.055,freerdp30,,49.47,38.13,40.836,0.965,1.43,2.365,63
text_800000,2,d-12,18,6,18,-2,13437,8591,9.055,always,,53.19,48.4,50.164,0.9827,0.771,1.137,35
text_800000,2,d-12,18,6,18,-2,13437,8591,9.055,adaptive,0.4,53.56,48.51,50.342,0.9859,0.716,1.079,35
text_800000,2,d-12,22,10,22,-2,11536,6724,14.577,none,,47.23,35.83,38.534,0.9386,2.033,3.373,77
text_800000,2,d-12,22,10,22,-2,11536,6724,14.577,spec30,,47.77,37.7,40.299,0.9467,1.763,2.856,61
text_800000,2,d-12,22,10,22,-2,11536,6724,14.577,freerdp30,,47.84,37.98,40.561,0.9475,1.724,2.787,61
text_800000,2,d-12,22,10,22,-2,11536,6724,14.577,always,,48.21,45.67,46.755,0.9481,1.225,1.796,43
text_800000,2,d-12,22,10,22,-2,11536,6724,14.577,adaptive,0.4,48.77,45.82,47.047,0.9596,1.138,1.706,43
text_800000,2,d-12,26,14,26,-2,9600,4828,23.195,none,,44.73,35.55,38.068,0.9082,2.497,4.11,79
text_800000,2,d-12,26,14,26,-2,9600,4828,23.195,spec30,,45.04,37.2,39.546,0.9158,2.25,3.619,66
text_800000,2,d-12,26,14,26,-2,9600,4828,23.195,freerdp30,,45.03,37.39,39.708,0.9162,2.217,3.564,66
text_800000,2,d-12,26,14,26,-2,9600,4828,23.195,always,,43.8,42.17,42.91,0.8915,1.969,2.926,57
text_800000,2,d-12,26,14,26,-2,9600,4828,23.195,adaptive,0.4,44.66,42.2,43.254,0.92,1.776,2.723,57
text_800000,2,d-12,30,18,30,-2,7800,3297,36.222,none,,42.04,34.86,37.107,0.8693,3.268,5.305,77
text_800000,2,d-12,30,18,30,-2,7800,3297,36.222,spec30,,42.18,35.96,38.039,0.8747,3.069,4.899,76
text_800000,2,d-12,30,18,30,-2,7800,3297,36.222,freerdp30,,42.18,36.07,38.128,0.875,3.048,4.86,76
text_800000,2,d-12,30,18,30,-2,7800,3297,36.222,always,,40.57,38.16,39.2,0.823,3.12,4.68,68
text_800000,2,d-12,30,18,30,-2,7800,3297,36.222,adaptive,0.4,41.92,37.91,39.47,0.8746,2.817,4.374,68
text_800000,2,d-12,34,22,34,-2,5985,2180,56.639,none,,40.1,33.16,35.369,0.8247,4.454,7.069,107
text_800000,2,d-12,34,22,34,-2,5985,2180,56.639,spec30,,40.15,33.57,35.715,0.8235,4.365,6.835,148
text_800000,2,d-12,34,22,34,-2,5985,2180,56.639,freerdp30,,40.15,33.61,35.746,0.8233,4.355,6.813,148
text_800000,2,d-12,34,22,34,-2,5985,2180,56.639,always,,38.86,33.7,35.553,0.7237,4.712,7.069,148
text_800000,2,d-12,34,22,34,-2,5985,2180,56.639,adaptive,0.4,40.08,33.8,35.889,0.821,4.332,6.725,148
text_800000,2,c-6,18,18,18,-6,8619,9328,12.5,none,,48.43,35.87,38.649,0.9469,1.847,3.055,80
text_800000,2,c-6,18,18,18,-6,8619,9328,12.5,spec30,,49.2,37.73,40.441,0.9544,1.573,2.545,63
text_800000,2,c-6,18,18,18,-6,8619,9328,12.5,freerdp30,,49.32,38.07,40.763,0.9554,1.524,2.462,63
text_800000,2,c-6,18,18,18,-6,8619,9328,12.5,always,,50.19,46.55,48.002,0.959,0.994,1.434,33
text_800000,2,c-6,18,18,18,-6,8619,9328,12.5,adaptive,0.4,50.84,46.93,48.457,0.9688,0.9,1.334,34
text_800000,2,c-6,22,22,22,-6,6868,7429,20.0,none,,47.08,35.72,38.423,0.9194,2.193,3.532,79
text_800000,2,c-6,22,22,22,-6,6868,7429,20.0,spec30,,47.64,37.44,40.051,0.9261,1.937,3.039,65
text_800000,2,c-6,22,22,22,-6,6868,7429,20.0,freerdp30,,47.73,37.72,40.317,0.9268,1.89,2.964,65
text_800000,2,c-6,22,22,22,-6,6868,7429,20.0,always,,46.13,43.61,44.691,0.9072,1.556,2.22,49
text_800000,2,c-6,22,22,22,-6,6868,7429,20.0,adaptive,0.4,47.49,43.87,45.31,0.9317,1.408,2.059,60
text_800000,2,c-6,26,26,26,-6,4996,5588,32.5,none,,44.8,35.28,37.832,0.8737,2.781,4.356,96
text_800000,2,c-6,26,26,26,-6,4996,5588,32.5,spec30,,45.23,36.65,39.099,0.8768,2.529,3.892,82
text_800000,2,c-6,26,26,26,-6,4996,5588,32.5,freerdp30,,45.26,36.81,39.244,0.8771,2.502,3.842,82
text_800000,2,c-6,26,26,26,-6,4996,5588,32.5,always,,42.38,39.71,40.845,0.8298,2.481,3.551,77
text_800000,2,c-6,26,26,26,-6,4996,5588,32.5,adaptive,0.4,44.18,39.87,41.509,0.8723,2.212,3.256,82
text_800000,2,c-6,30,30,30,-6,3475,3980,50.0,none,,42.86,34.23,36.679,0.8254,3.747,5.723,121
text_800000,2,c-6,30,30,30,-6,3475,3980,50.0,spec30,,43.12,34.97,37.361,0.8239,3.572,5.383,121
text_800000,2,c-6,30,30,30,-6,3475,3980,50.0,freerdp30,,43.14,35.02,37.407,0.8237,3.555,5.354,121
text_800000,2,c-6,30,30,30,-6,3475,3980,50.0,always,,40.88,35.5,37.404,0.7657,3.826,5.485,117
text_800000,2,c-6,30,30,30,-6,3475,3980,50.0,adaptive,0.4,42.99,35.61,37.891,0.8204,3.459,5.126,121
text_800000,2,c-6,34,34,34,-6,2271,2623,80.0,none,,41.78,32.32,34.868,0.7778,5.046,7.603,124
text_800000,2,c-6,34,34,34,-6,2271,2623,80.0,spec30,,41.72,32.1,34.66,0.7671,5.102,7.63,134
text_800000,2,c-6,34,34,34,-6,2271,2623,80.0,freerdp30,,41.69,32.1,34.656,0.7665,5.107,7.632,134
text_800000,2,c-6,34,34,34,-6,2271,2623,80.0,always,,39.74,31.6,33.991,0.6696,5.639,8.168,134
text_800000,2,c-6,34,34,34,-6,2271,2623,80.0,adaptive,0.4,41.72,32.11,34.665,0.7683,5.098,7.638,134
text_800000,2,c-12,18,18,18,-12,9979,10514,8.75,none,,48.68,35.87,38.662,0.9488,1.793,2.981,78
text_800000,2,c-12,18,18,18,-12,9979,10514,8.75,spec30,,49.39,37.63,40.359,0.956,1.533,2.498,60
text_800000,2,c-12,18,18,18,-12,9979,10514,8.75,freerdp30,,49.5,37.98,40.695,0.9571,1.486,2.413,60
text_800000,2,c-12,18,18,18,-12,9979,10514,8.75,always,,52.85,47.95,49.745,0.9743,0.822,1.185,33
text_800000,2,c-12,18,18,18,-12,9979,10514,8.75,adaptive,0.4,53.5,48.12,50.022,0.9785,0.765,1.12,33
text_800000,2,c-12,22,22,22,-12,8168,8592,14.0,none,,47.48,35.75,38.474,0.9241,2.099,3.398,80
text_800000,2,c-12,22,22,22,-12,8168,8592,14.0,spec30,,48.07,37.52,40.159,0.9314,1.841,2.902,65
text_800000,2,c-12,22,22,22,-12,8168,8592,14.0,freerdp30,,48.15,37.81,40.435,0.9323,1.799,2.827,65
text_800000,2,c-12,22,22,22,-12,8168,8592,14.0,always,,48.49,45.35,46.643,0.9315,1.279,1.818,40
text_800000,2,c-12,22,22,22,-12,8168,8592,14.0,adaptive,0.4,49.15,45.57,47.002,0.9431,1.188,1.716,40
text_800000,2,c-12,26,26,26,-12,6282,6647,22.75,none,,45.65,35.34,37.961,0.8812,2.623,4.143,91
text_800000,2,c-12,26,26,26,-12,6282,6647,22.75,spec30,,46.09,36.76,39.292,0.8855,2.379,3.681,76
text_800000,2,c-12,26,26,26,-12,6282,6647,22.75,freerdp30,,46.12,36.94,39.459,0.8861,2.35,3.627,76
text_800000,2,c-12,26,26,26,-12,6282,6647,22.75,always,,44.54,41.57,42.807,0.859,2.064,2.954,48
text_800000,2,c-12,26,26,26,-12,6282,6647,22.75,adaptive,0.4,45.87,41.66,43.275,0.8881,1.863,2.728,58
text_800000,2,c-12,30,30,30,-12,4625,5046,35.0,none,,44.08,34.47,37.031,0.8376,3.452,5.289,99
text_800000,2,c-12,30,30,30,-12,4625,5046,35.0,spec30,,44.41,35.53,38.012,0.8397,3.226,4.854,91
text_800000,2,c-12,30,30,30,-12,4625,5046,35.0,freerdp30,,44.45,35.65,38.119,0.8398,3.197,4.806,91
text_800000,2,c-12,30,30,30,-12,4625,5046,35.0,always,,42.09,37.65,39.329,0.7822,3.213,4.564,81
text_800000,2,c-12,30,30,30,-12,4625,5046,35.0,adaptive,0.4,44.28,37.6,39.762,0.8369,2.901,4.228,81
text_800000,2,c-12,34,34,34,-12,3251,3668,56.0,none,,42.71,32.78,35.372,0.7714,4.636,6.956,124
text_800000,2,c-12,34,34,34,-12,3251,3668,56.0,spec30,,42.88,33.38,35.93,0.7692,4.46,6.593,124
text_800000,2,c-12,34,34,34,-12,3251,3668,56.0,freerdp30,,42.89,33.42,35.968,0.769,4.445,6.567,124
text_800000,2,c-12,34,34,34,-12,3251,3668,56.0,always,,40.9,33.65,35.913,0.7107,4.761,6.78,124
text_800000,2,c-12,34,34,34,-12,3251,3668,56.0,adaptive,0.4,42.89,33.68,36.198,0.7665,4.399,6.438,124
text_ff0000,1,d0,18,18,18,-2,10524,12231,17.944,none,,42.67,29.97,32.755,0.8862,2.617,5.432,154
text_ff0000,1,d0,18,18,18,-2,10524,12231,17.944,spec30,,44.72,40.1,41.822,0.9292,1.31,2.346,74
text_ff0000,1,d0,18,18,18,-2,10524,12231,17.944,freerdp30,,44.76,40.45,42.093,0.9297,1.29,2.302,64
text_ff0000,1,d0,18,18,18,-2,10524,12231,17.944,always,,47.09,45.08,45.975,0.9328,1.147,1.766,48
text_ff0000,1,d0,18,18,18,-2,10524,12231,17.944,adaptive,0.4,47.86,45.61,46.589,0.9493,1.01,1.622,48
text_ff0000,1,d0,22,22,22,-2,8685,10103,29.09,none,,41.97,29.91,32.654,0.861,2.973,5.979,155
text_ff0000,1,d0,22,22,22,-2,8685,10103,29.09,spec30,,43.61,38.85,40.61,0.8994,1.744,3.031,103
text_ff0000,1,d0,22,22,22,-2,8685,10103,29.09,freerdp30,,43.64,39.07,40.782,0.8999,1.726,2.993,103
text_ff0000,1,d0,22,22,22,-2,8685,10103,29.09,always,,42.81,41.25,41.962,0.8636,1.82,2.814,82
text_ff0000,1,d0,22,22,22,-2,8685,10103,29.09,adaptive,0.4,43.54,41.85,42.609,0.8977,1.599,2.601,82
text_ff0000,1,d0,26,26,26,-2,6835,7952,45.144,none,,40.48,29.73,32.389,0.8086,3.604,6.95,153
text_ff0000,1,d0,26,26,26,-2,6835,7952,45.144,spec30,,40.96,36.59,38.248,0.8335,2.559,4.342,127
text_ff0000,1,d0,26,26,26,-2,6835,7952,45.144,freerdp30,,40.86,36.72,38.314,0.8328,2.551,4.324,127
text_ff0000,1,d0,26,26,26,-2,6835,7952,45.144,always,,38.75,37.37,38.009,0.7742,2.933,4.546,127
text_ff0000,1,d0,26,26,26,-2,6835,7952,45.144,adaptive,0.4,40.01,37.73,38.722,0.8239,2.572,4.206,127
text_ff0000,1,d0,30,30,30,-2,5118,5938,71.777,none,,37.95,29.38,31.826,0.7563,4.553,8.521,174
text_ff0000,1,d0,30,30,30,-2,5118,5938,71.777,spec30,,37.25,33.54,35.006,0.7606,3.869,6.593,168
text_ff0000,1,d0,30,30,30,-2,5118,5938,71.777,freerdp30,,37.18,33.54,34.987,0.76,3.881,6.605,168
text_ff0000,1,d0,30,30,30,-2,5118,5938,71.777,always,,35.02,33.12,33.971,0.5765,4.525,7.259,168
text_ff0000,1,d0,30,30,30,-2,5118,5938,71.777,adaptive,0.4,37.11,33.56,34.984,0.7592,3.898,6.615,168
text_ff0000,1,d0,34,34,34,-2,3692,4198,101.371,none,,35.33,28.49,30.686,0.6953,6.158,11.164,246
text_ff0000,1,d0,34,34,34,-2,3692,4198,101.371,spec30,,35.09,30.16,31.962,0.6869,5.813,9.935,246
text_ff0000,1,d0,34,34,34,-2,3692,4198,101.371,freerdp30,,35.05,30.16,31.947,0.6863,5.824,9.942,246
text_ff0000,1,d0,34,34,34,-2,3692,4198,101.371,always,,33.71,29.88,31.389,0.515,6.399,10.518,244
text_ff0000,1,d0,34,34,34,-2,3692,4198,101.371,adaptive,0.4,35.25,29.99,31.866,0.6911,5.768,10.001,246
text_ff0000,1,d-3,18,15,18,-2,12010,12246,13.675,none,,42.74,29.98,32.768,0.8942,2.555,5.359,153
text_ff0000,1,d-3,18,15,18,-2,12010,12246,13.675,spec30,,44.8,40.27,41.967,0.9381,1.224,2.245,69
text_ff0000,1,d-3,18,15,18,-2,12010,12246,13.675,freerdp30,,44.84,40.68,42.28,0.9388,1.201,2.195,69
text_ff0000,1,d-3,18,15,18,-2,12010,12246,13.675,always,,49.53,46.45,47.724,0.9585,0.964,1.5,51
text_ff0000,1,d-3,18,15,18,-2,12010,12246,13.675,adaptive,0.4,50.4,46.88,48.291,0.9697,0.861,1.39,51
text_ff0000,1,d-3,22,19,22,-2,10057,10048,22.232,none,,42.2,29.93,32.687,0.8713,2.885,5.855,152
text_ff0000,1,d-3,22,19,22,-2,10057,10048,22.232,spec30,,43.91,39.41,41.102,0.9126,1.609,2.829,80
text_ff0000,1,d-3,22,19,22,-2,10057,10048,22.232,freerdp30,,43.93,39.71,41.325,0.9132,1.585,2.784,80
text_ff0000,1,d-3,22,19,22,-2,10057,10048,22.232,always,,44.81,42.99,43.805,0.8966,1.549,2.389,65
text_ff0000,1,d-3,22,19,22,-2,10057,10048,22.232,adaptive,0.4,45.39,43.48,44.334,0.9216,1.382,2.224,63
text_ff0000,1,d-3,26,23,26,-2,8209,7976,34.957,none,,40.98,29.8,32.494,0.8326,3.409,6.709,158
text_ff0000,1,d-3,26,23,26,-2,8209,7976,34.957,spec30,,42.25,37.6,39.33,0.8676,2.236,3.863,116
text_ff0000,1,d-3,26,23,26,-2,8209,7976,34.957,freerdp30,,42.22,37.85,39.509,0.8679,2.214,3.816,116
text_ff0000,1,d-3,26,23,26,-2,8209,7976,34.957,always,,41.03,39.28,40.064,0.826,2.45,3.81,98
text_ff0000,1,d-3,26,23,26,-2,8209,7976,34.957,adaptive,0.4,41.89,39.72,40.669,0.8636,2.154,3.517,116
text_ff0000,1,d-3,30,27,30,-2,6451,5801,54.699,none,,38.28,29.51,31.982,0.7766,4.319,8.266,166
text_ff0000,1,d-3,30,27,30,-2,6451,5801,54.699,spec30,,38.44,35.18,36.51,0.7965,3.357,5.803,129
text_ff0000,1,d-3,30,27,30,-2,6451,5801,54.699,freerdp30,,38.39,35.28,36.56,0.7961,3.353,5.785,129
text_ff0000,1,d-3,30,27,30,-2,6451,5801,54.699,always,,36.18,35.02,35.56,0.6032,3.914,6.262,129
text_ff0000,1,d-3,30,27,30,-2,6451,5801,54.699,adaptive,0.4,37.8,35.56,36.533,0.7884,3.435,5.812,129
text_ff0000,1,d-3,34,31,34,-2,4681,4064,87.841,none,,35.23,28.78,30.906,0.7098,5.812,10.804,190
text_ff0000,1,d-3,34,31,34,-2,4681,4064,87.841,spec30,,35.06,31.38,32.84,0.707,5.31,9.196,190
text_ff0000,1,d-3,34,31,34,-2,4681,4064,87.841,freerdp30,,35.04,31.4,32.854,0.7065,5.31,9.183,190
text_ff0000,1,d-3,34,31,34,-2,4681,4064,87.841,always,,33.87,31.11,32.275,0.5244,5.872,9.663,193
text_ff0000,1,d-3,34,31,34,-2,4681,4064,87.841,adaptive,0.4,35.15,31.26,32.782,0.7095,5.282,9.214,190
text_ff0000,1,d-6,18,12,18,-2,13448,12203,11.402,none,,42.8,29.98,32.77,0.8975,2.513,5.308,150
text_ff0000,1,d-6,18,12,18,-2,13448,12203,11.402,spec30,,44.88,40.28,41.993,0.9414,1.176,2.188,71
text_ff0000,1,d-6,18,12,18,-2,13448,12203,11.402,freerdp30,,44.9,40.7,42.31,0.9421,1.151,2.138,71
text_ff0000,1,d-6,18,12,18,-2,13448,12203,11.402,always,,50.77,47.26,48.672,0.9693,0.862,1.357,46
text_ff0000,1,d-6,18,12,18,-2,13448,12203,11.402,adaptive,0.4,51.72,47.55,49.149,0.9773,0.78,1.267,46
text_ff0000,1,d-6,22,16,22,-2,11489,10016,18.419,none,,42.32,29.95,32.713,0.8768,2.82,5.778,151
text_ff0000,1,d-6,22,16,22,-2,11489,10016,18.419,spec30,,44.16,39.8,41.456,0.9195,1.502,2.683,105
text_ff0000,1,d-6,22,16,22,-2,11489,10016,18.419,freerdp30,,44.19,40.12,41.693,0.9199,1.481,2.641,69
text_ff0000,1,d-6,22,16,22,-2,11489,10016,18.419,always,,46.13,44.04,44.959,0.9155,1.367,2.131,62
text_ff0000,1,d-6,22,16,22,-2,11489,10016,18.419,adaptive,0.4,46.88,44.52,45.539,0.9378,1.214,1.974,62
text_ff0000,1,d-6,26,20,26,-2,9577,8009,28.948,none,,41.11,29.85,32.546,0.8366,3.297,6.568,155
text_ff0000,1,d-6,26,20,26,-2,9577,8009,28.948,spec30,,42.42,38.31,39.894,0.8758,2.068,3.624,105
text_ff0000,1,d-6,26,20,26,-2,9577,8009,28.948,freerdp30,,42.4,38.56,40.069,0.8761,2.049,3.584,83
text_ff0000,1,d-6,26,20,26,-2,9577,8009,28.948,always,,41.91,40.49,41.144,0.8419,2.165,3.404,65
text_ff0000,1,d-6,26,20,26,-2,9577,8009,28.948,adaptive,0.4,42.61,40.85,41.642,0.8744,1.942,3.187,65
text_ff0000,1,d-6,30,24,30,-2,7796,5840,45.607,none,,38.71,29.59,32.1,0.7896,4.144,8.034,153
text_ff0000,1,d-6,30,24,30,-2,7796,5840,45.607,spec30,,39.28,35.77,37.184,0.8184,3.094,5.396,104
text_ff0000,1,d-6,30,24,30,-2,7796,5840,45.607,freerdp30,,39.25,35.89,37.252,0.8183,3.087,5.374,104
text_ff0000,1,d-6,30,24,30,-2,7796,5840,45.607,always,,37.25,36.18,36.682,0.6267,3.511,5.584,80
text_ff0000,1,d-6,30,24,30,-2,7796,5840,45.607,adaptive,0.4,38.87,36.95,37.805,0.8115,3.058,5.161,89
text_ff0000,1,d-6,34,28,34,-2,5995,4012,72.36,none,,35.45,28.93,31.066,0.7357,5.49,10.471,166
text_ff0000,1,d-6,34,28,34,-2,5995,4012,72.36,spec30,,35.57,32.38,33.688,0.7441,4.752,8.43,135
text_ff0000,1,d-6,34,28,34,-2,5995,4012,72.36,freerdp30,,35.53,32.42,33.702,0.7431,4.745,8.409,135
text_ff0000,1,d-6,34,28,34,-2,5995,4012,72.36,always,,34.31,32.27,33.171,0.54,5.273,8.779,135
text_ff0000,1,d-6,34,28,34,-2,5995,4012,72.36,adaptive,0.4,35.5,32.47,33.728,0.7427,4.75,8.4,135
text_ff0000,1,d-12,18,6,18,-2,16654,12105,9.055,none,,42.85,29.99,32.779,0.9013,2.461,5.244,152
text_ff0000,1,d-12,18,6,18,-2,16654,12105,9.055,spec30,,44.99,40.54,42.22,0.9455,1.1,2.083,68
text_ff0000,1,d-12,18,6,18,-2,16654,12105,9.055,freerdp30,,45.02,40.96,42.532,0.9461,1.077,2.033,68
text_ff0000,1,d-12,18,6,18,-2,16654,12105,9.055,always,,53.01,48.49,50.189,0.9823,0.72,1.15,50
text_ff0000,1,d-12,18,6,18,-2,16654,12105,9.055,adaptive,0.4,53.39,48.64,50.393,0.9854,0.666,1.091,50
text_ff0000,1,d-12,22,10,22,-2,14436,10062,14.577,none,,42.44,29.96,32.727,0.8869,2.725,5.665,152
text_ff0000,1,d-12,22,10,22,-2,14436,10062,14.577,spec30,,44.33,39.85,41.538,0.9308,1.395,2.556,80
text_ff0000,1,d-12,22,10,22,-2,14436,10062,14.577,freerdp30,,44.35,40.2,41.797,0.9313,1.37,2.508,80
text_ff0000,1,d-12,22,10,22,-2,14436,10062,14.577,always,,47.93,45.51,46.55,0.9432,1.143,1.809,53
text_ff0000,1,d-12,22,10,22,-2,14436,10062,14.577,adaptive,0.4,48.67,45.79,46.998,0.9593,1.029,1.687,60
text_ff0000,1,d-12,26,14,26,-2,12444,7923,23.195,none,,41.28,29.88,32.591,0.8585,3.148,6.395,152
text_ff0000,1,d-12,26,14,26,-2,12444,7923,23.195,spec30,,42.66,38.76,40.285,0.9008,1.873,3.382,80
text_ff0000,1,d-12,26,14,26,-2,12444,7923,23.195,freerdp30,,42.7,39.09,40.528,0.9016,1.846,3.324,80
text_ff0000,1,d-12,26,14,26,-2,12444,7923,23.195,always,,43.56,42.04,42.732,0.8871,1.804,2.896,53
text_ff0000,1,d-12,26,14,26,-2,12444,7923,23.195,adaptive,0.4,44.08,42.37,43.14,0.9122,1.631,2.725,53
text_ff0000,1,d-12,30,18,30,-2,10525,5786,36.222,none,,38.84,29.67,32.182,0.8096,3.918,7.767,154
text_ff0000,1,d-12,30,18,30,-2,10525,5786,36.222,spec30,,39.51,36.77,37.931,0.846,2.747,4.902,106
text_ff0000,1,d-12,30,18,30,-2,10525,5786,36.222,freerdp30,,39.5,36.91,38.016,0.846,2.738,4.88,99
text_ff0000,1,d-12,30,18,30,-2,10525,5786,36.222,always,,37.7,37.27,37.478,0.6437,3.101,5.001,74
text_ff0000,1,d-12,30,18,30,-2,10525,5786,36.222,adaptive,0.4,39.28,38.17,38.687,0.8397,2.728,4.634,74
text_ff0000,1,d-12,34,22,34,-2,8686,4026,56.639,none,,35.74,29.12,31.273,0.7639,5.086,9.934,155
text_ff0000,1,d-12,34,22,34,-2,8686,4026,56.639,spec30,,35.93,33.52,34.561,0.7837,4.184,7.53,134
text_ff0000,1,d-12,34,22,34,-2,8686,4026,56.639,freerdp30,,35.92,33.56,34.585,0.7836,4.176,7.507,134
text_ff0000,1,d-12,34,22,34,-2,8686,4026,56.639,always,,34.71,33.51,34.067,0.5764,4.778,7.952,125
text_ff0000,1,d-12,34,22,34,-2,8686,4026,56.639,adaptive,0.4,35.77,33.79,34.666,0.778,4.252,7.494,112
text_ff0000,1,c-6,18,18,18,-6,11418,13075,12.5,none,,42.77,29.98,32.764,0.8896,2.553,5.34,150
text_ff0000,1,c-6,18,18,18,-6,11418,13075,12.5,spec30,,44.86,40.22,41.949,0.9326,1.223,2.224,65
text_ff0000,1,c-6,18,18,18,-6,11418,13075,12.5,freerdp30,,44.9,40.76,42.357,0.9336,1.191,2.159,65
text_ff0000,1,c-6,18,18,18,-6,11418,13075,12.5,always,,50.08,46.83,48.155,0.9551,0.923,1.423,54
text_ff0000,1,c-6,18,18,18,-6,11418,13075,12.5,adaptive,0.4,50.96,47.23,48.709,0.9653,0.827,1.323,54
text_ff0000,1,c-6,22,22,22,-6,9600,10967,20.0,none,,42.35,29.93,32.695,0.8702,2.853,5.801,153
text_ff0000,1,c-6,22,22,22,-6,9600,10967,20.0,spec30,,44.24,39.53,41.275,0.9109,1.568,2.749,103
text_ff0000,1,c-6,22,22,22,-6,9600,10967,20.0,freerdp30,,44.27,39.83,41.511,0.9115,1.541,2.698,103
text_ff0000,1,c-6,22,22,22,-6,9600,10967,20.0,always,,45.57,43.55,44.444,0.9017,1.448,2.229,64
text_ff0000,1,c-6,22,22,22,-6,9600,10967,20.0,adaptive,0.4,46.43,44.06,45.087,0.9251,1.284,2.062,64
text_ff0000,1,c-6,26,26,26,-6,7689,8799,32.5,none,,41.25,29.8,32.509,0.8213,3.408,6.634,159
text_ff0000,1,c-6,26,26,26,-6,7689,8799,32.5,spec30,,42.66,38.08,39.791,0.8538,2.198,3.704,102
text_ff0000,1,c-6,26,26,26,-6,7689,8799,32.5,freerdp30,,42.66,38.29,39.948,0.854,2.178,3.662,102
text_ff0000,1,c-6,26,26,26,-6,7689,8799,32.5,always,,41.39,39.7,40.466,0.8047,2.364,3.598,76
text_ff0000,1,c-6,26,26,26,-6,7689,8799,32.5,adaptive,0.4,42.51,40.3,41.263,0.8507,2.082,3.326,76
text_ff0000,1,c-6,30,30,30,-6,5879,6733,50.0,none,,39.04,29.49,32.044,0.7689,4.269,8.028,165
text_ff0000,1,c-6,30,30,30,-6,5879,6733,50.0,spec30,,39.29,35.23,36.805,0.7846,3.277,5.516,154
text_ff0000,1,c-6,30,30,30,-6,5879,6733,50.0,freerdp30,,39.2,35.3,36.826,0.784,3.279,5.51,154
text_ff0000,1,c-6,30,30,30,-6,5879,6733,50.0,always,,36.96,35.47,36.151,0.6114,3.742,5.824,144
text_ff0000,1,c-6,30,30,30,-6,5879,6733,50.0,adaptive,0.4,38.7,36.05,37.174,0.7776,3.3,5.399,144
text_ff0000,1,c-6,34,34,34,-6,4224,4811,80.0,none,,36.25,28.77,31.064,0.6986,5.705,10.384,221
text_ff0000,1,c-6,34,34,34,-6,4224,4811,80.0,spec30,,36.33,31.77,33.479,0.6983,5.039,8.489,221
text_ff0000,1,c-6,34,34,34,-6,4224,4811,80.0,freerdp30,,36.26,31.81,33.485,0.6977,5.052,8.497,221
text_ff0000,1,c-6,34,34,34,-6,4224,4811,80.0,always,,34.73,31.5,32.82,0.5174,5.621,9.002,177
text_ff0000,1,c-6,34,34,34,-6,4224,4811,80.0,adaptive,0.4,36.38,31.73,33.457,0.6997,5.032,8.502,221
text_ff0000,1,c-12,18,18,18,-12,12830,14622,8.75,none,,42.82,29.98,32.767,0.8912,2.505,5.276,153
text_ff0000,1,c-12,18,18,18,-12,12830,14622,8.75,spec30,,44.96,40.44,42.14,0.9347,1.151,2.127,67
text_ff0000,1,c-12,18,18,18,-12,12830,14622,8.75,freerdp30,,44.99,40.86,42.451,0.9353,1.125,2.076,67
text_ff0000,1,c-12,18,18,18,-12,12830,14622,8.75,always,,52.57,48.1,49.784,0.9694,0.778,1.213,42
text_ff0000,1,c-12,18,18,18,-12,12830,14622,8.75,adaptive,0.4,53.05,48.32,50.068,0.9727,0.723,1.149,42
text_ff0000,1,c-12,22,22,22,-12,10978,12352,14.0,none,,42.51,29.93,32.708,0.8747,2.759,5.662,151
text_ff0000,1,c-12,22,22,22,-12,10978,12352,14.0,spec30,,44.49,39.66,41.432,0.9156,1.447,2.575,108
text_ff0000,1,c-12,22,22,22,-12,10978,12352,14.0,freerdp30,,44.52,40.1,41.767,0.9163,1.421,2.519,75
text_ff0000,1,c-12,22,22,22,-12,10978,12352,14.0,always,,48.08,45.27,46.45,0.9271,1.194,1.834,61
text_ff0000,1,c-12,22,22,22,-12,10978,12352,14.0,adaptive,0.4,49.04,45.62,46.999,0.9428,1.067,1.693,61
text_ff0000,1,c-12,26,26,26,-12,9040,10176,22.75,none,,41.65,29.82,32.558,0.8293,3.249,6.398,157
text_ff0000,1,c-12,26,26,26,-12,9040,10176,22.75,spec30,,43.33,38.72,40.443,0.8646,1.97,3.348,104
text_ff0000,1,c-12,26,26,26,-12,9040,10176,22.75,freerdp30,,43.36,38.95,40.619,0.8649,1.945,3.303,104
text_ff0000,1,c-12,26,26,26,-12,9040,10176,22.75,always,,43.82,41.41,42.45,0.8402,1.949,2.965,65
text_ff0000,1,c-12,26,26,26,-12,9040,10176,22.75,adaptive,0.4,44.66,41.84,43.023,0.8709,1.753,2.764,65
text_ff0000,1,c-12,30,30,30,-12,7159,8032,35.0,none,,39.78,29.58,32.197,0.7868,3.961,7.544,161
text_ff0000,1,c-12,30,30,30,-12,7159,8032,35.0,spec30,,40.78,36.56,38.178,0.8101,2.782,4.676,95
text_ff0000,1,c-12,30,30,30,-12,7159,8032,35.0,freerdp30,,40.81,36.77,38.336,0.8104,2.758,4.624,95
text_ff0000,1,c-12,30,30,30,-12,7159,8032,35.0,always,,38.85,37.29,38.001,0.6437,3.039,4.694,94
text_ff0000,1,c-12,30,30,30,-12,7159,8032,35.0,adaptive,0.4,40.5,38.07,39.119,0.8043,2.71,4.365,94
text_ff0000,1,c-12,34,34,34,-12,5454,6126,56.0,none,,37.08,28.95,31.337,0.7209,5.283,9.646,201
text_ff0000,1,c-12,34,34,34,-12,5454,6126,56.0,spec30,,37.52,33.61,35.135,0.7292,4.306,7.064,129
text_ff0000,1,c-12,34,34,34,-12,5454,6126,56.0,freerdp30,,37.52,33.68,35.187,0.7289,4.3,7.038,129
text_ff0000,1,c-12,34,34,34,-12,5454,6126,56.0,always,,35.86,33.64,34.606,0.5552,4.844,7.493,122
text_ff0000,1,c-12,34,34,34,-12,5454,6126,56.0,adaptive,0.4,37.29,33.98,35.329,0.7254,4.329,6.987,129
text_ff0000,2,d0,18,18,18,-2,10524,11403,17.944,none,,42.71,29.95,32.736,0.8885,2.638,5.451,154
text_ff0000,2,d0,18,18,18,-2,10524,11403,17.944,spec30,,44.74,39.67,41.504,0.9309,1.332,2.377,112
text_ff0000,2,d0,18,18,18,-2,10524,11403,17.944,freerdp30,,44.79,40.09,41.831,0.9316,1.3,2.318,95
text_ff0000,2,d0,18,18,18,-2,10524,11403,17.944,always,,47.15,43.78,45.144,0.9338,1.182,1.817,65
text_ff0000,2,d0,18,18,18,-2,10524,11403,17.944,adaptive,0.4,48.0,44.18,45.681,0.951,1.043,1.674,65
text_ff0000,2,d0,22,22,22,-2,8685,9493,29.09,none,,42.01,29.89,32.642,0.8629,2.991,5.982,155
text_ff0000,2,d0,22,22,22,-2,8685,9493,29.09,spec30,,43.62,38.44,40.297,0.9005,1.782,3.073,117
text_ff0000,2,d0,22,22,22,-2,8685,9493,29.09,freerdp30,,43.64,38.67,40.48,0.901,1.762,3.032,117
text_ff0000,2,d0,22,22,22,-2,8685,9493,29.09,always,,42.78,40.85,41.707,0.8661,1.865,2.865,95
text_ff0000,2,d0,22,22,22,-2,8685,9493,29.09,adaptive,0.4,43.48,41.32,42.268,0.8986,1.646,2.652,95
text_ff0000,2,d0,26,26,26,-2,6835,7599,45.144,none,,40.62,29.72,32.387,0.8108,3.613,6.923,153
text_ff0000,2,d0,26,26,26,-2,6835,7599,45.144,spec30,,41.15,36.16,37.978,0.8345,2.595,4.371,121
text_ff0000,2,d0,26,26,26,-2,6835,7599,45.144,freerdp30,,41.14,36.31,38.083,0.8348,2.584,4.345,121
text_ff0000,2,d0,26,26,26,-2,6835,7599,45.144,always,,38.81,37.02,37.824,0.7798,2.987,4.604,114
text_ff0000,2,d0,26,26,26,-2,6835,7599,45.144,adaptive,0.4,40.05,37.36,38.501,0.8251,2.62,4.247,121
text_ff0000,2,d0,30,30,30,-2,5118,5712,71.777,none,,38.36,29.41,31.903,0.7658,4.47,8.353,174
text_ff0000,2,d0,30,30,30,-2,5118,5712,71.777,spec30,,37.48,33.56,35.091,0.7691,3.788,6.436,168
text_ff0000,2,d0,30,30,30,-2,5118,5712,71.777,freerdp30,,37.42,33.6,35.102,0.7684,3.792,6.433,168
text_ff0000,2,d0,30,30,30,-2,5118,5712,71.777,always,,35.42,33.43,34.311,0.6927,4.42,7.103,168
text_ff0000,2,d0,30,30,30,-2,5118,5712,71.777,adaptive,0.4,37.31,33.62,35.085,0.7674,3.803,6.441,168
text_ff0000,2,d0,34,34,34,-2,3692,4163,101.371,none,,36.32,28.66,30.98,0.7038,5.86,10.582,246
text_ff0000,2,d0,34,34,34,-2,3692,4163,101.371,spec30,,35.85,30.21,32.172,0.6949,5.561,9.464,246
text_ff0000,2,d0,34,34,34,-2,3692,4163,101.371,freerdp30,,35.78,30.22,32.161,0.6941,5.577,9.473,246
text_ff0000,2,d0,34,34,34,-2,3692,4163,101.371,always,,34.27,30.03,31.657,0.6142,6.22,10.159,248
text_ff0000,2,d0,34,34,34,-2,3692,4163,101.371,adaptive,0.4,36.31,30.16,32.231,0.7007,5.472,9.422,246
text_ff0000,2,d-3,18,15,18,-2,12010,11403,13.675,none,,42.77,29.97,32.755,0.8961,2.576,5.378,153
text_ff0000,2,d-3,18,15,18,-2,12010,11403,13.675,spec30,,44.86,40.0,41.787,0.9397,1.242,2.262,104
text_ff0000,2,d-3,18,15,18,-2,12010,11403,13.675,freerdp30,,44.89,40.37,42.068,0.9402,1.218,2.214,104
text_ff0000,2,d-3,18,15,18,-2,12010,11403,13.675,always,,49.42,44.99,46.663,0.9587,1.003,1.559,62
text_ff0000,2,d-3,18,15,18,-2,12010,11403,13.675,adaptive,0.4,50.23,45.32,47.111,0.9696,0.896,1.446,62
text_ff0000,2,d-3,22,19,22,-2,10057,9493,22.232,none,,42.25,29.91,32.675,0.8731,2.9,5.858,152
text_ff0000,2,d-3,22,19,22,-2,10057,9493,22.232,spec30,,43.99,38.98,40.797,0.9135,1.632,2.855,114
text_ff0000,2,d-3,22,19,22,-2,10057,9493,22.232,freerdp30,,44.01,39.22,40.983,0.914,1.612,2.815,114
text_ff0000,2,d-3,22,19,22,-2,10057,9493,22.232,always,,44.86,42.45,43.495,0.9002,1.572,2.416,75
text_ff0000,2,d-3,22,19,22,-2,10057,9493,22.232,adaptive,0.4,45.42,42.85,43.947,0.9223,1.419,2.266,75
text_ff0000,2,d-3,26,23,26,-2,8209,7596,34.957,none,,41.12,29.79,32.491,0.8375,3.424,6.678,158
text_ff0000,2,d-3,26,23,26,-2,8209,7596,34.957,spec30,,42.32,37.32,39.135,0.8714,2.264,3.87,114
text_ff0000,2,d-3,26,23,26,-2,8209,7596,34.957,freerdp30,,42.31,37.5,39.271,0.8717,2.253,3.84,103
text_ff0000,2,d-3,26,23,26,-2,8209,7596,34.957,always,,40.93,38.92,39.807,0.8292,2.484,3.843,87
text_ff0000,2,d-3,26,23,26,-2,8209,7596,34.957,adaptive,0.4,41.64,39.32,40.327,0.8642,2.219,3.58,87
text_ff0000,2,d-3,30,27,30,-2,6451,5720,54.699,none,,38.83,29.56,32.089,0.7847,4.193,8.022,166
text_ff0000,2,d-3,30,27,30,-2,6451,5720,54.699,spec30,,38.95,35.31,36.76,0.8037,3.22,5.555,129
text_ff0000,2,d-3,30,27,30,-2,6451,5720,54.699,freerdp30,,38.85,35.37,36.771,0.8027,3.228,5.558,129
text_ff0000,2,d-3,30,27,30,-2,6451,5720,54.699,always,,36.99,35.56,36.219,0.7426,3.796,6.054,129
text_ff0000,2,d-3,30,27,30,-2,6451,5720,54.699,adaptive,0.4,38.11,35.91,36.869,0.7958,3.307,5.563,129
text_ff0000,2,d-3,34,31,34,-2,4681,4182,87.841,none,,36.54,28.97,31.284,0.7255,5.46,10.081,190
text_ff0000,2,d-3,34,31,34,-2,4681,4182,87.841,spec30,,36.33,31.66,33.395,0.7226,4.962,8.485,190
text_ff0000,2,d-3,34,31,34,-2,4681,4182,87.841,freerdp30,,36.24,31.7,33.401,0.7219,4.976,8.491,190
text_ff0000,2,d-3,34,31,34,-2,4681,4182,87.841,always,,34.65,31.55,32.832,0.6355,5.619,9.127,182
text_ff0000,2,d-3,34,31,34,-2,4681,4182,87.841,adaptive,0.4,36.58,31.57,33.39,0.7257,4.914,8.465,190
text_ff0000,2,d-6,18,12,18,-2,13448,11405,11.402,none,,42.83,29.97,32.757,0.8988,2.538,5.328,150
text_ff0000,2,d-6,18,12,18,-2,13448,11405,11.402,spec30,,44.92,39.98,41.78,0.9422,1.203,2.212,103
text_ff0000,2,d-6,18,12,18,-2,13448,11405,11.402,freerdp30,,44.95,40.35,42.068,0.9428,1.178,2.163,94
text_ff0000,2,d-6,18,12,18,-2,13448,11405,11.402,always,,50.7,45.6,47.44,0.969,0.902,1.405,62
text_ff0000,2,d-6,18,12,18,-2,13448,11405,11.402,adaptive,0.4,51.83,45.83,47.864,0.9782,0.811,1.305,62
text_ff0000,2,d-6,22,16,22,-2,11489,9493,18.419,none,,42.37,29.93,32.701,0.8785,2.841,5.783,151
text_ff0000,2,d-6,22,16,22,-2,11489,9493,18.419,spec30,,44.18,39.38,41.15,0.9203,1.553,2.734,102
text_ff0000,2,d-6,22,16,22,-2,11489,9493,18.419,freerdp30,,44.2,39.72,41.408,0.921,1.53,2.685,102
text_ff0000,2,d-6,22,16,22,-2,11489,9493,18.419,always,,46.37,43.42,44.647,0.9207,1.4,2.162,60
text_ff0000,2,d-6,22,16,22,-2,11489,9493,18.419,adaptive,0.4,46.89,43.77,45.059,0.9389,1.261,2.022,60
text_ff0000,2,d-6,26,20,26,-2,9577,7599,28.948,none,,41.27,29.83,32.542,0.8403,3.326,6.549,155
text_ff0000,2,d-6,26,20,26,-2,9577,7599,28.948,spec30,,42.6,37.84,39.6,0.8782,2.104,3.637,105
text_ff0000,2,d-6,26,20,26,-2,9577,7599,28.948,freerdp30,,42.59,37.98,39.7,0.8785,2.094,3.614,105
text_ff0000,2,d-6,26,20,26,-2,9577,7599,28.948,always,,42.03,40.02,40.91,0.8473,2.196,3.425,79
text_ff0000,2,d-6,26,20,26,-2,9577,7599,28.948,adaptive,0.4,42.59,40.34,41.324,0.8758,1.983,3.216,79
text_ff0000,2,d-6,30,24,30,-2,7796,5718,45.607,none,,39.22,29.64,32.199,0.7997,4.02,7.813,153
text_ff0000,2,d-6,30,24,30,-2,7796,5718,45.607,spec30,,39.91,36.13,37.621,0.829,2.94,5.118,113
text_ff0000,2,d-6,30,24,30,-2,7796,5718,45.607,freerdp30,,39.91,36.29,37.731,0.8292,2.923,5.079,113
text_ff0000,2,d-6,30,24,30,-2,7796,5718,45.607,always,,38.24,36.93,37.536,0.7732,3.398,5.397,87
text_ff0000,2,d-6,30,24,30,-2,7796,5718,45.607,adaptive,0.4,39.17,37.15,38.044,0.8221,2.979,5.014,94
text_ff0000,2,d-6,34,28,34,-2,5995,4190,72.36,none,,36.73,29.15,31.458,0.7506,5.099,9.689,166
text_ff0000,2,d-6,34,28,34,-2,5995,4190,72.36,spec30,,36.62,33.07,34.49,0.7603,4.343,7.599,145
text_ff0000,2,d-6,34,28,34,-2,5995,4190,72.36,freerdp30,,36.56,33.12,34.508,0.7597,4.349,7.592,136
text_ff0000,2,d-6,34,28,34,-2,5995,4190,72.36,always,,35.32,33.03,34.029,0.6738,4.939,8.082,135
text_ff0000,2,d-6,34,28,34,-2,5995,4190,72.36,adaptive,0.4,36.5,33.14,34.501,0.7588,4.367,7.605,136
text_ff0000,2,d-12,18,6,18,-2,16654,11402,9.055,none,,42.87,29.97,32.766,0.9021,2.486,5.267,152
text_ff0000,2,d-12,18,6,18,-2,16654,11402,9.055,spec30,,45.03,40.16,41.945,0.9459,1.12,2.11,103
text_ff0000,2,d-12,18,6,18,-2,16654,11402,9.055,freerdp30,,45.06,40.67,42.329,0.9466,1.09,2.048,92
text_ff0000,2,d-12,18,6,18,-2,16654,11402,9.055,always,,52.91,46.44,48.566,0.9819,0.757,1.205,62
text_ff0000,2,d-12,18,6,18,-2,16654,11402,9.055,adaptive,0.4,53.32,46.54,48.722,0.9849,0.703,1.147,62
text_ff0000,2,d-12,22,10,22,-2,14436,9493,14.577,none,,42.47,29.94,32.718,0.8872,2.743,5.669,152
text_ff0000,2,d-12,22,10,22,-2,14436,9493,14.577,spec30,,44.31,39.58,41.331,0.9304,1.426,2.59,110
text_ff0000,2,d-12,22,10,22,-2,14436,9493,14.577,freerdp30,,44.34,39.99,41.638,0.9311,1.401,2.535,84
text_ff0000,2,d-12,22,10,22,-2,14436,9493,14.577,always,,48.21,44.52,45.983,0.9474,1.183,1.864,62
text_ff0000,2,d-12,22,10,22,-2,14436,9493,14.577,adaptive,0.4,48.74,44.7,46.27,0.9592,1.086,1.762,62
text_ff0000,2,d-12,26,14,26,-2,12444,7597,23.195,none,,41.53,29.87,32.598,0.8604,3.167,6.355,152
text_ff0000,2,d-12,26,14,26,-2,12444,7597,23.195,spec30,,43.01,38.41,40.131,0.9016,1.894,3.354,101
text_ff0000,2,d-12,26,14,26,-2,12444,7597,23.195,freerdp30,,43.03,38.72,40.362,0.9024,1.875,3.308,95
text_ff0000,2,d-12,26,14,26,-2,12444,7597,23.195,always,,43.84,41.49,42.508,0.8901,1.843,2.915,67
text_ff0000,2,d-12,26,14,26,-2,12444,7597,23.195,adaptive,0.4,44.09,41.74,42.755,0.9108,1.682,2.764,63
text_ff0000,2,d-12,30,18,30,-2,10525,5719,36.222,none,,39.46,29.71,32.286,0.8173,3.804,7.55,154
text_ff0000,2,d-12,30,18,30,-2,10525,5719,36.222,spec30,,40.3,37.11,38.416,0.8544,2.61,4.663,95
text_ff0000,2,d-12,30,18,30,-2,10525,5719,36.222,freerdp30,,40.28,37.24,38.499,0.8543,2.595,4.632,95
text_ff0000,2,d-12,30,18,30,-2,10525,5719,36.222,always,,39.32,38.47,38.875,0.8106,2.907,4.723,67
text_ff0000,2,d-12,30,18,30,-2,10525,5719,36.222,adaptive,0.4,39.91,38.62,39.215,0.8488,2.608,4.435,67
text_ff0000,2,d-12,34,22,34,-2,8686,4198,56.639,none,,37.09,29.31,31.648,0.7742,4.74,9.239,155
text_ff0000,2,d-12,34,22,34,-2,8686,4198,56.639,spec30,,37.26,34.34,35.56,0.7974,3.793,6.74,114
text_ff0000,2,d-12,34,22,34,-2,8686,4198,56.639,freerdp30,,37.25,34.4,35.592,0.7973,3.795,6.731,114
text_ff0000,2,d-12,34,22,34,-2,8686,4198,56.639,always,,35.99,34.64,35.267,0.7259,4.418,7.204,108
text_ff0000,2,d-12,34,22,34,-2,8686,4198,56.639,adaptive,0.4,37.03,34.82,35.789,0.7928,3.833,6.654,108
text_ff0000,2,c-6,18,18,18,-6,11418,12189,12.5,none,,42.8,29.95,32.744,0.8917,2.572,5.359,150
text_ff0000,2,c-6,18,18,18,-6,11418,12189,12.5,spec30,,44.9,39.88,41.703,0.9345,1.239,2.248,95
text_ff0000,2,c-6,18,18,18,-6,11418,12189,12.5,freerdp30,,44.93,40.16,41.917,0.935,1.215,2.205,95
text_ff0000,2,c-6,18,18,18,-6,11418,12189,12.5,always,,50.07,44.96,46.803,0.9562,0.959,1.485,71
text_ff0000,2,c-6,18,18,18,-6,11418,12189,12.5,adaptive,0.4,51.04,45.21,47.216,0.9667,0.86,1.38,71
text_ff0000,2,c-6,22,22,22,-6,9600,10295,20.0,none,,42.4,29.91,32.684,0.8712,2.882,5.819,153
text_ff0000,2,c-6,22,22,22,-6,9600,10295,20.0,spec30,,44.29,39.3,41.116,0.9114,1.593,2.768,106
text_ff0000,2,c-6,22,22,22,-6,9600,10295,20.0,freerdp30,,44.3,39.49,41.262,0.9117,1.575,2.735,106
text_ff0000,2,c-6,22,22,22,-6,9600,10295,20.0,always,,45.75,42.94,44.123,0.9045,1.491,2.279,68
text_ff0000,2,c-6,22,22,22,-6,9600,10295,20.0,adaptive,0.4,46.59,43.31,44.648,0.9259,1.33,2.113,68
text_ff0000,2,c-6,26,26,26,-6,7689,8320,32.5,none,,41.3,29.78,32.496,0.8224,3.431,6.636,159
text_ff0000,2,c-6,26,26,26,-6,7689,8320,32.5,spec30,,42.65,37.45,39.315,0.8534,2.255,3.783,117
text_ff0000,2,c-6,26,26,26,-6,7689,8320,32.5,freerdp30,,42.66,37.7,39.509,0.8538,2.238,3.742,117
text_ff0000,2,c-6,26,26,26,-6,7689,8320,32.5,always,,41.43,39.21,40.183,0.8111,2.425,3.688,84
text_ff0000,2,c-6,26,26,26,-6,7689,8320,32.5,adaptive,0.4,42.27,39.62,40.745,0.8495,2.158,3.432,91
text_ff0000,2,c-6,30,30,30,-6,5879,6422,50.0,none,,39.47,29.52,32.115,0.7792,4.185,7.886,165
text_ff0000,2,c-6,30,30,30,-6,5879,6422,50.0,spec30,,40.13,35.35,37.111,0.7965,3.158,5.316,154
text_ff0000,2,c-6,30,30,30,-6,5879,6422,50.0,freerdp30,,40.06,35.5,37.205,0.7965,3.146,5.282,154
text_ff0000,2,c-6,30,30,30,-6,5879,6422,50.0,always,,37.98,35.89,36.81,0.7377,3.65,5.68,134
text_ff0000,2,c-6,30,30,30,-6,5879,6422,50.0,adaptive,0.4,39.25,36.15,37.428,0.7887,3.203,5.257,134
text_ff0000,2,c-6,34,34,34,-6,4224,4731,80.0,none,,37.24,28.88,31.296,0.7026,5.549,9.989,221
text_ff0000,2,c-6,34,34,34,-6,4224,4731,80.0,spec30,,37.14,31.98,33.833,0.7014,4.888,8.108,171
text_ff0000,2,c-6,34,34,34,-6,4224,4731,80.0,freerdp30,,37.12,32.05,33.886,0.7013,4.885,8.086,171
text_ff0000,2,c-6,34,34,34,-6,4224,4731,80.0,always,,35.3,31.86,33.248,0.6109,5.541,8.731,171
text_ff0000,2,c-6,34,34,34,-6,4224,4731,80.0,adaptive,0.4,37.28,31.92,33.823,0.7031,4.869,8.104,221
text_ff0000,2,c-12,18,18,18,-12,12830,13624,8.75,none,,42.85,29.95,32.747,0.8929,2.527,5.296,153
text_ff0000,2,c-12,18,18,18,-12,12830,13624,8.75,spec30,,45.01,40.07,41.871,0.9361,1.17,2.146,93
text_ff0000,2,c-12,18,18,18,-12,12830,13624,8.75,freerdp30,,45.03,40.37,42.1,0.9364,1.145,2.102,93
text_ff0000,2,c-12,18,18,18,-12,12830,13624,8.75,always,,52.58,45.76,47.951,0.97,0.823,1.281,61
text_ff0000,2,c-12,18,18,18,-12,12830,13624,8.75,adaptive,0.4,53.25,45.88,48.156,0.974,0.763,1.214,61
text_ff0000,2,c-12,22,22,22,-12,10978,11571,14.0,none,,42.54,29.91,32.693,0.8753,2.793,5.692,151
text_ff0000,2,c-12,22,22,22,-12,10978,11571,14.0,spec30,,44.48,39.35,41.199,0.9155,1.489,2.618,114
text_ff0000,2,c-12,22,22,22,-12,10978,11571,14.0,freerdp30,,44.51,39.67,41.447,0.916,1.462,2.571,114
text_ff0000,2,c-12,22,22,22,-12,10978,11571,14.0,always,,48.35,44.24,45.822,0.9298,1.239,1.899,69
text_ff0000,2,c-12,22,22,22,-12,10978,11571,14.0,adaptive,0.4,49.01,44.47,46.174,0.942,1.135,1.786,69
text_ff0000,2,c-12,26,26,26,-12,9040,9530,22.75,none,,41.69,29.81,32.543,0.8305,3.278,6.41,157
text_ff0000,2,c-12,26,26,26,-12,9040,9530,22.75,spec30,,43.33,38.09,39.962,0.8641,2.019,3.416,105
text_ff0000,2,c-12,26,26,26,-12,9040,9530,22.75,freerdp30,,43.35,38.31,40.135,0.8645,1.999,3.374,105
text_ff0000,2,c-12,26,26,26,-12,9040,9530,22.75,always,,44.04,40.87,42.175,0.8495,1.984,3.019,68
text_ff0000,2,c-12,26,26,26,-12,9040,9530,22.75,adaptive,0.4,44.52,41.21,42.554,0.8714,1.805,2.832,68
text_ff0000,2,c-12,30,30,30,-12,7159,7532,35.0,none,,40.13,29.6,32.238,0.7916,3.939,7.495,161
text_ff0000,2,c-12,30,30,30,-12,7159,7532,35.0,spec30,,41.34,36.62,38.366,0.8145,2.754,4.625,92
text_ff0000,2,c-12,30,30,30,-12,7159,7532,35.0,freerdp30,,41.35,36.74,38.461,0.8146,2.736,4.59,92
text_ff0000,2,c-12,30,30,30,-12,7159,7532,35.0,always,,40.21,37.84,38.864,0.774,3.019,4.665,76
text_ff0000,2,c-12,30,30,30,-12,7159,7532,35.0,adaptive,0.4,40.97,38.07,39.28,0.8095,2.71,4.357,76
text_ff0000,2,c-12,34,34,34,-12,5454,5828,56.0,none,,38.28,29.03,31.555,0.7254,5.102,9.286,201
text_ff0000,2,c-12,34,34,34,-12,5454,5828,56.0,spec30,,39.01,33.62,35.529,0.7345,4.127,6.751,136
text_ff0000,2,c-12,34,34,34,-12,5454,5828,56.0,freerdp30,,38.96,33.66,35.547,0.7341,4.13,6.749,136
text_ff0000,2,c-12,34,34,34,-12,5454,5828,56.0,always,,37.2,33.92,35.254,0.6695,4.707,7.199,128
text_ff0000,2,c-12,34,34,34,-12,5454,5828,56.0,adaptive,0.4,38.6,34.03,35.74,0.7296,4.158,6.676,136
text_ffffff,1,d0,18,18,18,-2,9756,65,17.944,none,,69.14,67.32,68.133,0.9939,0.328,0.054,64
text_ffffff,1,d0,18,18,18,-2,9756,65,17.944,spec30,,69.14,67.32,68.133,0.9939,0.328,0.054,64
text_ffffff,1,d0,18,18,18,-2,9756,65,17.944,freerdp30,,69.14,67.32,68.133,0.9939,0.328,0.054,64
text_ffffff,1,d0,18,18,18,-2,9756,65,17.944,always,,55.38,53.76,54.498,0.9623,0.421,0.147,64
text_ffffff,1,d0,18,18,18,-2,9756,65,17.944,adaptive,0.4,69.14,67.32,68.133,0.9939,0.328,0.054,64
text_ffffff,1,d0,22,22,22,-2,8519,61,29.09,none,,66.62,64.95,65.709,0.9921,0.45,0.09,65
text_ffffff,1,d0,22,22,22,-2,8519,61,29.09,spec30,,66.62,64.95,65.709,0.9921,0.45,0.09,65
text_ffffff,1,d0,22,22,22,-2,8519,61,29.09,freerdp30,,66.62,64.95,65.709,0.9921,0.45,0.09,65
text_ffffff,1,d0,22,22,22,-2,8519,61,29.09,always,,54.64,53.04,53.771,0.9589,0.599,0.241,65
text_ffffff,1,d0,22,22,22,-2,8519,61,29.09,adaptive,0.4,66.62,64.95,65.709,0.9921,0.45,0.09,65
text_ffffff,1,d0,26,26,26,-2,7409,58,45.144,none,,61.37,60.6,60.969,0.9808,0.725,0.223,66
text_ffffff,1,d0,26,26,26,-2,7409,58,45.144,spec30,,61.37,60.6,60.969,0.9808,0.725,0.223,66
text_ffffff,1,d0,26,26,26,-2,7409,58,45.144,freerdp30,,61.37,60.6,60.969,0.9808,0.725,0.223,66
text_ffffff,1,d0,26,26,26,-2,7409,58,45.144,always,,52.34,51.47,51.884,0.9427,1.013,0.531,66
text_ffffff,1,d0,26,26,26,-2,7409,58,45.144,adaptive,0.4,61.37,60.6,60.969,0.9808,0.725,0.223,66
text_ffffff,1,d0,30,30,30,-2,6368,33,71.777,none,,58.69,57.46,58.029,0.9669,1.017,0.366,69
text_ffffff,1,d0,30,30,30,-2,6368,33,71.777,spec30,,58.69,57.46,58.029,0.9669,1.017,0.366,69
text_ffffff,1,d0,30,30,30,-2,6368,33,71.777,freerdp30,,58.69,57.46,58.029,0.9669,1.017,0.366,69
text_ffffff,1,d0,30,30,30,-2,6368,33,71.777,always,,50.77,49.88,50.3,0.9253,1.452,0.859,69
text_ffffff,1,d0,30,30,30,-2,6368,33,71.777,adaptive,0.4,58.69,57.46,58.029,0.9669,1.017,0.366,69
text_ffffff,1,d0,34,34,34,-2,5422,16,101.371,none,,58.42,57.06,57.684,0.9615,1.376,0.419,71
text_ffffff,1,d0,34,34,34,-2,5422,16,101.371,spec30,,58.42,57.06,57.684,0.9615,1.376,0.419,71
text_ffffff,1,d0,34,34,34,-2,5422,16,101.371,freerdp30,,58.42,57.06,57.684,0.9615,1.376,0.419,71
text_ffffff,1,d0,34,34,34,-2,5422,16,101.371,always,,50.47,49.63,50.028,0.9191,1.836,0.976,71
text_ffffff,1,d0,34,34,34,-2,5422,16,101.371,adaptive,0.4,58.42,57.06,57.684,0.9615,1.376,0.419,71
text_ffffff,1,d-3,18,15,18,-2,10847,59,13.675,none,,71.31,69.11,70.073,0.9996,0.183,0.035,8
text_ffffff,1,d-3,18,15,18,-2,10847,59,13.675,spec30,,71.31,69.11,70.073,0.9996,0.183,0.035,8
text_ffffff,1,d-3,18,15,18,-2,10847,59,13.675,freerdp30,,71.31,69.11,70.073,0.9996,0.183,0.035,8
text_ffffff,1,d-3,18,15,18,-2,10847,59,13.675,always,,55.64,53.96,54.722,0.9681,0.258,0.108,8
text_ffffff,1,d-3,18,15,18,-2,10847,59,13.675,adaptive,0.4,71.31,69.11,70.073,0.9996,0.183,0.035,8
text_ffffff,1,d-3,22,19,22,-2,9502,63,22.232,none,,66.7,65.24,65.908,0.9929,0.41,0.092,65
text_ffffff,1,d-3,22,19,22,-2,9502,63,22.232,spec30,,66.7,65.24,65.908,0.9929,0.41,0.092,65
text_ffffff,1,d-3,22,19,22,-2,9502,63,22.232,freerdp30,,66.7,65.24,65.908,0.9929,0.41,0.092,65
text_ffffff,1,d-3,22,19,22,-2,9502,63,22.232,always,,54.64,53.1,53.803,0.9597,0.563,0.243,65
text_ffffff,1,d-3,22,19,22,-2,9502,63,22.232,adaptive,0.4,66.7,65.24,65.908,0.9929,0.41,0.092,65
text_ffffff,1,d-3,26,23,26,-2,8182,59,34.957,none,,62.96,62.34,62.641,0.99,0.563,0.18,65
text_ffffff,1,d-3,26,23,26,-2,8182,59,34.957,spec30,,62.96,62.34,62.641,0.99,0.563,0.18,65
text_ffffff,1,d-3,26,23,26,-2,8182,59,34.957,freerdp30,,62.96,62.34,62.641,0.99,0.563,0.18,65
text_ffffff,1,d-3,26,23,26,-2,8182,59,34.957,always,,53.05,52.12,52.561,0.9544,0.83,0.454,65
text_ffffff,1,d-3,26,23,26,-2,8182,59,34.957,adaptive,0.4,62.96,62.34,62.641,0.99,0.563,0.18,65
text_ffffff,1,d-3,30,27,30,-2,7154,34,54.699,none,,58.79,57.74,58.235,0.9722,0.87,0.36,66
text_ffffff,1,d-3,30,27,30,-2,7154,34,54.699,spec30,,58.79,57.74,58.235,0.9722,0.87,0.36,66
text_ffffff,1,d-3,30,27,30,-2,7154,34,54.699,freerdp30,,58.79,57.74,58.235,0.9722,0.87,0.36,66
text_ffffff,1,d-3,30,27,30,-2,7154,34,54.699,always,,50.89,50.08,50.467,0.9307,1.311,0.838,66
text_ffffff,1,d-3,30,27,30,-2,7154,34,54.699,adaptive,0.4,58.79,57.74,58.235,0.9722,0.87,0.36,66
text_ffffff,1,d-3,34,31,34,-2,6169,16,87.841,none,,58.22,57.1,57.622,0.9765,1.134,0.421,68
text_ffffff,1,d-3,34,31,34,-2,6169,16,87.841,spec30,,58.22,57.1,57.622,0.9765,1.134,0.421,68
text_ffffff,1,d-3,34,31,34,-2,6169,16,87.841,freerdp30,,58.22,57.1,57.622,0.9765,1.134,0.421,68
text_ffffff,1,d-3,34,31,34,-2,6169,16,87.841,always,,50.49,49.7,50.077,0.9348,1.617,0.975,68
text_ffffff,1,d-3,34,31,34,-2,6169,16,87.841,adaptive,0.4,58.22,57.1,57.622,0.9765,1.134,0.421,68
text_ffffff,1,d-6,18,12,18,-2,12066,64,11.402,none,,68.92,67.4,68.093,0.9998,0.182,0.055,5
text_ffffff,1,d-6,18,12,18,-2,12066,64,11.402,spec30,,68.92,67.4,68.093,0.9998,0.182,0.055,5
text_ffffff,1,d-6,18,12,18,-2,12066,64,11.402,freerdp30,,68.92,67.4,68.093,0.9998,0.182,0.055,5
text_ffffff,1,d-6,18,12,18,-2,12066,64,11.402,always,,55.26,53.69,54.404,0.9678,0.286,0.156,7
text_ffffff,1,d-6,18,12,18,-2,12066,64,11.402,adaptive,0.4,68.92,67.4,68.093,0.9998,0.182,0.055,5
text_ffffff,1,d-6,22,16,22,-2,10511,65,18.419,none,,67.11,65.92,66.477,0.9935,0.361,0.081,64
text_ffffff,1,d-6,22,16,22,-2,10511,65,18.419,spec30,,67.11,65.92,66.477,0.9935,0.361,0.081,64
text_ffffff,1,d-6,22,16,22,-2,10511,65,18.419,freerdp30,,67.11,65.92,66.477,0.9935,0.361,0.081,64
text_ffffff,1,d-6,22,16,22,-2,10511,65,18.419,always,,54.7,53.2,53.884,0.9606,0.511,0.228,64
text_ffffff,1,d-6,22,16,22,-2,10511,65,18.419,adaptive,0.4,67.11,65.92,66.477,0.9935,0.361,0.081,64
text_ffffff,1,d-6,26,20,26,-2,9105,58,28.948,none,,62.88,62.43,62.653,0.9917,0.519,0.186,65
text_ffffff,1,d-6,26,20,26,-2,9105,58,28.948,spec30,,62.88,62.43,62.653,0.9917,0.519,0.186,65
text_ffffff,1,d-6,26,20,26,-2,9105,58,28.948,freerdp30,,62.88,62.43,62.653,0.9917,0.519,0.186,65
text_ffffff,1,d-6,26,20,26,-2,9105,58,28.948,always,,52.94,52.1,52.499,0.956,0.811,0.478,65
text_ffffff,1,d-6,26,20,26,-2,9105,58,28.948,adaptive,0.4,62.88,62.43,62.653,0.9917,0.519,0.186,65
text_ffffff,1,d-6,30,24,30,-2,7924,36,45.607,none,,60.13,58.95,59.503,0.9855,0.731,0.32,65
text_ffffff,1,d-6,30,24,30,-2,7924,36,45.607,spec30,,60.13,58.95,59.503,0.9855,0.731,0.32,65
text_ffffff,1,d-6,30,24,30,-2,7924,36,45.607,freerdp30,,60.13,58.95,59.503,0.9855,0.731,0.32,65
text_ffffff,1,d-6,30,24,30,-2,7924,36,45.607,always,,51.3,50.57,50.917,0.9451,1.176,0.78,65
text_ffffff,1,d-6,30,24,30,-2,7924,36,45.607,adaptive,0.4,60.13,58.95,59.503,0.9855,0.731,0.32,65
text_ffffff,1,d-6,34,28,34,-2,6936,16,72.36,none,,59.13,57.76,58.387,0.9806,0.928,0.398,68
text_ffffff,1,d-6,34,28,34,-2,6936,16,72.36,spec30,,59.13,57.76,58.387,0.9806,0.928,0.398,68
text_ffffff,1,d-6,34,28,34,-2,6936,16,72.36,freerdp30,,59.13,57.76,58.387,0.9806,0.928,0.398,68
text_ffffff,1,d-6,34,28,34,-2,6936,16,72.36,always,,50.74,49.95,50.327,0.9389,1.433,0.944,68
text_ffffff,1,d-6,34,28,34,-2,6936,16,72.36,adaptive,0.4,59.13,57.76,58.387,0.9806,0.928,0.398,68
text_ffffff,1,d-12,18,6,18,-2,14865,63,9.055,none,,69.66,67.99,68.745,0.9999,0.16,0.047,4
text_ffffff,1,d-12,18,6,18,-2,14865,63,9.055,spec30,,69.66,67.99,68.745,0.9999,0.16,0.047,4
text_ffffff,1,d-12,18,6,18,-2,14865,63,9.055,freerdp30,,69.66,67.99,68.745,0.9999,0.16,0.047,4
text_ffffff,1,d-12,18,6,18,-2,14865,63,9.055,always,,55.35,53.73,54.461,0.9679,0.26,0.143,6
text_ffffff,1,d-12,18,6,18,-2,14865,63,9.055,adaptive,0.4,69.66,67.99,68.745,0.9999,0.16,0.047,4
text_ffffff,1,d-12,22,10,22,-2,12981,59,14.577,none,,67.83,66.34,67.022,0.9998,0.19,0.071,5
text_ffffff,1,d-12,22,10,22,-2,12981,59,14.577,spec30,,67.83,66.34,67.022,0.9998,0.19,0.071,5
text_ffffff,1,d-12,22,10,22,-2,12981,59,14.577,freerdp30,,67.83,66.34,67.022,0.9998,0.19,0.071,5
text_ffffff,1,d-12,22,10,22,-2,12981,59,14.577,always,,54.91,53.34,54.053,0.9671,0.329,0.205,6
text_ffffff,1,d-12,22,10,22,-2,12981,59,14.577,adaptive,0.4,67.83,66.34,67.022,0.9998,0.19,0.071,5
text_ffffff,1,d-12,26,14,26,-2,11217,59,23.195,none,,63.99,63.48,63.723,0.9996,0.291,0.153,8
text_ffffff,1,d-12,26,14,26,-2,11217,59,23.195,spec30,,63.99,63.48,63.723,0.9996,0.291,0.153,8
text_ffffff,1,d-12,26,14,26,-2,11217,59,23.195,freerdp30,,63.99,63.48,63.723,0.9996,0.291,0.153,8
text_ffffff,1,d-12,26,14,26,-2,11217,59,23.195,always,,53.28,52.31,52.769,0.9641,0.578,0.426,8
text_ffffff,1,d-12,26,14,26,-2,11217,59,23.195,adaptive,0.4,63.99,63.48,63.723,0.9996,0.291,0.153,8
text_ffffff,1,d-12,30,18,30,-2,9757,33,36.222,none,,61.59,60.49,61.004,0.9941,0.52,0.269,65
text_ffffff,1,d-12,30,18,30,-2,9757,33,36.222,spec30,,61.59,60.49,61.004,0.9941,0.52,0.269,65
text_ffffff,1,d-12,30,18,30,-2,9757,33,36.222,freerdp30,,61.59,60.49,61.004,0.9941,0.52,0.269,65
text_ffffff,1,d-12,30,18,30,-2,9757,33,36.222,always,,51.94,51.2,51.552,0.9562,0.972,0.707,65
text_ffffff,1,d-12,30,18,30,-2,9757,33,36.222,adaptive,0.4,61.59,60.49,61.004,0.9941,0.52,0.269,65
text_ffffff,1,d-12,34,22,34,-2,8520,16,56.639,none,,60.72,59.41,60.016,0.9927,0.651,0.331,65
text_ffffff,1,d-12,34,22,34,-2,8520,16,56.639,spec30,,60.72,59.41,60.016,0.9927,0.651,0.331,65
text_ffffff,1,d-12,34,22,34,-2,8520,16,56.639,freerdp30,,60.72,59.41,60.016,0.9927,0.651,0.331,65
text_ffffff,1,d-12,34,22,34,-2,8520,16,56.639,always,,51.42,50.67,51.027,0.9531,1.163,0.844,65
text_ffffff,1,d-12,34,22,34,-2,8520,16,56.639,adaptive,0.4,60.72,59.41,60.016,0.9927,0.651,0.331,65
text_ffffff,1,c-6,18,18,18,-6,9756,65,12.5,none,,69.14,67.32,68.133,0.9939,0.328,0.054,64
text_ffffff,1,c-6,18,18,18,-6,9756,65,12.5,spec30,,69.14,67.32,68.133,0.9939,0.328,0.054,64
text_ffffff,1,c-6,18,18,18,-6,9756,65,12.5,freerdp30,,69.14,67.32,68.133,0.9939,0.328,0.054,64
text_ffffff,1,c-6,18,18,18,-6,9756,65,12.5,always,,55.38,53.76,54.498,0.9623,0.421,0.147,64
text_ffffff,1,c-6,18,18,18,-6,9756,65,12.5,adaptive,0.4,69.14,67.32,68.133,0.9939,0.328,0.054,64
text_ffffff,1,c-6,22,22,22,-6,8519,61,20.0,none,,66.62,64.95,65.709,0.9921,0.45,0.09,65
text_ffffff,1,c-6,22,22,22,-6,8519,61,20.0,spec30,,66.62,64.95,65.709,0.9921,0.45,0.09,65
text_ffffff,1,c-6,22,22,22,-6,8519,61,20.0,freerdp30,,66.62,64.95,65.709,0.9921,0.45,0.09,65
text_ffffff,1,c-6,22,22,22,-6,8519,61,20.0,always,,54.64,53.04,53.771,0.9589,0.599,0.241,65
text_ffffff,1,c-6,22,22,22,-6,8519,61,20.0,adaptive,0.4,66.62,64.95,65.709,0.9921,0.45,0.09,65
text_ffffff,1,c-6,26,26,26,-6,7409,58,32.5,none,,61.37,60.6,60.969,0.9808,0.725,0.223,66
text_ffffff,1,c-6,26,26,26,-6,7409,58,32.5,spec30,,61.37,60.6,60.969,0.9808,0.725,0.223,66
text_ffffff,1,c-6,26,26,26,-6,7409,58,32.5,freerdp30,,61.37,60.6,60.969,0.9808,0.725,0.223,66
text_ffffff,1,c-6,26,26,26,-6,7409,58,32.5,always,,52.34,51.47,51.884,0.9427,1.013,0.531,66
text_ffffff,1,c-6,26,26,26,-6,7409,58,32.5,adaptive,0.4,61.37,60.6,60.969,0.9808,0.725,0.223,66
text_ffffff,1,c-6,30,30,30,-6,6368,33,50.0,none,,58.69,57.46,58.029,0.9669,1.017,0.366,69
text_ffffff,1,c-6,30,30,30,-6,6368,33,50.0,spec30,,58.69,57.46,58.029,0.9669,1.017,0.366,69
text_ffffff,1,c-6,30,30,30,-6,6368,33,50.0,freerdp30,,58.69,57.46,58.029,0.9669,1.017,0.366,69
text_ffffff,1,c-6,30,30,30,-6,6368,33,50.0,always,,50.77,49.88,50.3,0.9253,1.452,0.859,69
text_ffffff,1,c-6,30,30,30,-6,6368,33,50.0,adaptive,0.4,58.69,57.46,58.029,0.9669,1.017,0.366,69
text_ffffff,1,c-6,34,34,34,-6,5422,16,80.0,none,,58.42,57.06,57.684,0.9615,1.376,0.419,71
text_ffffff,1,c-6,34,34,34,-6,5422,16,80.0,spec30,,58.42,57.06,57.684,0.9615,1.376,0.419,71
text_ffffff,1,c-6,34,34,34,-6,5422,16,80.0,freerdp30,,58.42,57.06,57.684,0.9615,1.376,0.419,71
text_ffffff,1,c-6,34,34,34,-6,5422,16,80.0,always,,50.47,49.63,50.028,0.9191,1.836,0.976,71
text_ffffff,1,c-6,34,34,34,-6,5422,16,80.0,adaptive,0.4,58.42,57.06,57.684,0.9615,1.376,0.419,71
text_ffffff,1,c-12,18,18,18,-12,9758,65,8.75,none,,69.14,67.32,68.133,0.9939,0.328,0.054,64
text_ffffff,1,c-12,18,18,18,-12,9758,65,8.75,spec30,,69.14,67.32,68.133,0.9939,0.328,0.054,64
text_ffffff,1,c-12,18,18,18,-12,9758,65,8.75,freerdp30,,69.14,67.32,68.133,0.9939,0.328,0.054,64
text_ffffff,1,c-12,18,18,18,-12,9758,65,8.75,always,,55.38,53.76,54.498,0.9623,0.421,0.147,64
text_ffffff,1,c-12,18,18,18,-12,9758,65,8.75,adaptive,0.4,69.14,67.32,68.133,0.9939,0.328,0.054,64
text_ffffff,1,c-12,22,22,22,-12,8521,61,14.0,none,,66.62,64.95,65.709,0.9921,0.45,0.09,65
text_ffffff,1,c-12,22,22,22,-12,8521,61,14.0,spec30,,66.62,64.95,65.709,0.9921,0.45,0.09,65
text_ffffff,1,c-12,22,22,22,-12,8521,61,14.0,freerdp30,,66.62,64.95,65.709,0.9921,0.45,0.09,65
text_ffffff,1,c-12,22,22,22,-12,8521,61,14.0,always,,54.64,53.04,53.771,0.9589,0.599,0.241,65
text_ffffff,1,c-12,22,22,22,-12,8521,61,14.0,adaptive,0.4,66.62,64.95,65.709,0.9921,0.45,0.09,65
text_ffffff,1,c-12,26,26,26,-12,7411,58,22.75,none,,61.37,60.6,60.969,0.9808,0.725,0.223,66
text_ffffff,1,c-12,26,26,26,-12,7411,58,22.75,spec30,,61.37,60.6,60.969,0.9808,0.725,0.223,66
text_ffffff,1,c-12,26,26,26,-12,7411,58,22.75,freerdp30,,61.37,60.6,60.969,0.9808,0.725,0.223,66
text_ffffff,1,c-12,26,26,26,-12,7411,58,22.75,always,,52.34,51.47,51.884,0.9427,1.013,0.531,66
text_ffffff,1,c-12,26,26,26,-12,7411,58,22.75,adaptive,0.4,61.37,60.6,60.969,0.9808,0.725,0.223,66
text_ffffff,1,c-12,30,30,30,-12,6370,33,35.0,none,,58.69,57.46,58.029,0.9669,1.017,0.366,69
text_ffffff,1,c-12,30,30,30,-12,6370,33,35.0,spec30,,58.69,57.46,58.029,0.9669,1.017,0.366,69
text_ffffff,1,c-12,30,30,30,-12,6370,33,35.0,freerdp30,,58.69,57.46,58.029,0.9669,1.017,0.366,69
text_ffffff,1,c-12,30,30,30,-12,6370,33,35.0,always,,50.77,49.88,50.3,0.9253,1.452,0.859,69
text_ffffff,1,c-12,30,30,30,-12,6370,33,35.0,adaptive,0.4,58.69,57.46,58.029,0.9669,1.017,0.366,69
text_ffffff,1,c-12,34,34,34,-12,5424,16,56.0,none,,58.42,57.06,57.684,0.9615,1.376,0.419,71
text_ffffff,1,c-12,34,34,34,-12,5424,16,56.0,spec30,,58.42,57.06,57.684,0.9615,1.376,0.419,71
text_ffffff,1,c-12,34,34,34,-12,5424,16,56.0,freerdp30,,58.42,57.06,57.684,0.9615,1.376,0.419,71
text_ffffff,1,c-12,34,34,34,-12,5424,16,56.0,always,,50.47,49.63,50.028,0.9191,1.836,0.976,71
text_ffffff,1,c-12,34,34,34,-12,5424,16,56.0,adaptive,0.4,58.42,57.06,57.684,0.9615,1.376,0.419,71
text_ffffff,2,d0,18,18,18,-2,9756,65,17.944,none,,67.21,62.78,64.453,0.9939,0.389,0.136,64
text_ffffff,2,d0,18,18,18,-2,9756,65,17.944,spec30,,67.21,62.78,64.453,0.9939,0.389,0.136,64
text_ffffff,2,d0,18,18,18,-2,9756,65,17.944,freerdp30,,67.21,62.78,64.453,0.9939,0.389,0.136,64
text_ffffff,2,d0,18,18,18,-2,9756,65,17.944,always,,55.9,52.04,53.556,0.966,0.598,0.358,64
text_ffffff,2,d0,18,18,18,-2,9756,65,17.944,adaptive,0.4,67.21,62.78,64.453,0.9939,0.389,0.136,64
text_ffffff,2,d0,22,22,22,-2,8519,61,29.09,none,,64.82,62.11,63.259,0.9923,0.502,0.171,66
text_ffffff,2,d0,22,22,22,-2,8519,61,29.09,spec30,,64.82,62.11,63.259,0.9923,0.502,0.171,66
text_ffffff,2,d0,22,22,22,-2,8519,61,29.09,freerdp30,,64.82,62.11,63.259,0.9923,0.502,0.171,66
text_ffffff,2,d0,22,22,22,-2,8519,61,29.09,always,,54.69,51.78,52.995,0.962,0.748,0.438,66
text_ffffff,2,d0,22,22,22,-2,8519,61,29.09,adaptive,0.4,64.82,62.11,63.259,0.9923,0.502,0.171,66
text_ffffff,2,d0,26,26,26,-2,7409,58,45.144,none,,61.31,59.0,60.001,0.9813,0.772,0.296,66
text_ffffff,2,d0,26,26,26,-2,7409,58,45.144,spec30,,61.31,59.0,60.001,0.9813,0.772,0.296,66
text_ffffff,2,d0,26,26,26,-2,7409,58,45.144,freerdp30,,61.31,59.0,60.001,0.9813,0.772,0.296,66
text_ffffff,2,d0,26,26,26,-2,7409,58,45.144,always,,52.78,50.28,51.349,0.9458,1.134,0.698,66
text_ffffff,2,d0,26,26,26,-2,7409,58,45.144,adaptive,0.4,61.31,59.0,60.001,0.9813,0.772,0.296,66
text_ffffff,2,d0,30,30,30,-2,6368,33,71.777,none,,58.48,57.09,57.73,0.9677,1.051,0.405,69
text_ffffff,2,d0,30,30,30,-2,6368,33,71.777,spec30,,58.48,57.09,57.73,0.9677,1.051,0.405,69
text_ffffff,2,d0,30,30,30,-2,6368,33,71.777,freerdp30,,58.48,57.09,57.73,0.9677,1.051,0.405,69
text_ffffff,2,d0,30,30,30,-2,6368,33,71.777,always,,50.95,49.28,50.031,0.9277,1.525,0.939,69
text_ffffff,2,d0,30,30,30,-2,6368,33,71.777,adaptive,0.4,58.48,57.09,57.73,0.9677,1.051,0.405,69
text_ffffff,2,d0,34,34,34,-2,5422,16,101.371,none,,58.6,56.9,57.664,0.9621,1.388,0.424,71
text_ffffff,2,d0,34,34,34,-2,5422,16,101.371,spec30,,58.6,56.9,57.664,0.9621,1.388,0.424,71
text_ffffff,2,d0,34,34,34,-2,5422,16,101.371,freerdp30,,58.6,56.9,57.664,0.9621,1.388,0.424,71
text_ffffff,2,d0,34,34,34,-2,5422,16,101.371,always,,50.81,49.11,49.878,0.9197,1.857,0.988,71
text_ffffff,2,d0,34,34,34,-2,5422,16,101.371,adaptive,0.4,58.6,56.9,57.664,0.9621,1.388,0.424,71
text_ffffff,2,d-3,18,15,18,-2,10847,59,13.675,none,,68.23,62.99,64.862,0.9996,0.26,0.129,8
text_ffffff,2,d-3,18,15,18,-2,10847,59,13.675,spec30,,68.23,62.99,64.862,0.9996,0.26,0.129,8
text_ffffff,2,d-3,18,15,18,-2,10847,59,13.675,freerdp30,,68.23,62.99,64.862,0.9996,0.26,0.129,8
text_ffffff,2,d-3,18,15,18,-2,10847,59,13.675,always,,56.33,51.97,53.625,0.9727,0.472,0.351,8
text_ffffff,2,d-3,18,15,18,-2,10847,59,13.675,adaptive,0.4,68.23,62.99,64.862,0.9996,0.26,0.129,8
text_ffffff,2,d-3,22,19,22,-2,9502,63,22.232,none,,65.35,62.29,63.555,0.9929,0.464,0.167,65
text_ffffff,2,d-3,22,19,22,-2,9502,63,22.232,spec30,,65.35,62.29,63.555,0.9929,0.464,0.167,65
text_ffffff,2,d-3,22,19,22,-2,9502,63,22.232,freerdp30,,65.35,62.29,63.555,0.9929,0.464,0.167,65
text_ffffff,2,d-3,22,19,22,-2,9502,63,22.232,always,,54.9,51.72,53.024,0.9628,0.723,0.438,65
text_ffffff,2,d-3,22,19,22,-2,9502,63,22.232,adaptive,0.4,65.35,62.29,63.555,0.9929,0.464,0.167,65
text_ffffff,2,d-3,26,23,26,-2,8182,59,34.957,none,,63.19,60.48,61.625,0.9901,0.598,0.239,66
text_ffffff,2,d-3,26,23,26,-2,8182,59,34.957,spec30,,63.19,60.48,61.625,0.9901,0.598,0.239,66
text_ffffff,2,d-3,26,23,26,-2,8182,59,34.957,freerdp30,,63.19,60.48,61.625,0.9901,0.598,0.239,66
text_ffffff,2,d-3,26,23,26,-2,8182,59,34.957,always,,53.67,50.91,52.073,0.9565,0.932,0.594,66
text_ffffff,2,d-3,26,23,26,-2,8182,59,34.957,adaptive,0.4,63.19,60.48,61.625,0.9901,0.598,0.239,66
text_ffffff,2,d-3,30,27,30,-2,7154,34,54.699,none,,58.98,57.21,58.006,0.9729,0.898,0.393,66
text_ffffff,2,d-3,30,27,30,-2,7154,34,54.699,spec30,,58.98,57.21,58.006,0.9729,0.898,0.393,66
text_ffffff,2,d-3,30,27,30,-2,7154,34,54.699,freerdp30,,58.98,57.21,58.006,0.9729,0.898,0.393,66
text_ffffff,2,d-3,30,27,30,-2,7154,34,54.699,always,,51.26,49.37,50.215,0.9324,1.372,0.905,66
text_ffffff,2,d-3,30,27,30,-2,7154,34,54.699,adaptive,0.4,58.98,57.21,58.006,0.9729,0.898,0.393,66
text_ffffff,2,d-3,34,31,34,-2,6169,16,87.841,none,,58.46,56.88,57.599,0.977,1.149,0.427,68
text_ffffff,2,d-3,34,31,34,-2,6169,16,87.841,spec30,,58.46,56.88,57.599,0.977,1.149,0.427,68
text_ffffff,2,d-3,34,31,34,-2,6169,16,87.841,freerdp30,,58.46,56.88,57.599,0.977,1.149,0.427,68
text_ffffff,2,d-3,34,31,34,-2,6169,16,87.841,always,,50.8,49.13,49.882,0.9354,1.645,0.991,68
text_ffffff,2,d-3,34,31,34,-2,6169,16,87.841,adaptive,0.4,58.46,56.88,57.599,0.977,1.149,0.427,68
text_ffffff,2,d-6,18,12,18,-2,12066,64,11.402,none,,67.34,63.0,64.653,0.9997,0.246,0.131,6
text_ffffff,2,d-6,18,12,18,-2,12066,64,11.402,spec30,,67.34,63.0,64.653,0.9997,0.246,0.131,6
text_ffffff,2,d-6,18,12,18,-2,12066,64,11.402,freerdp30,,67.34,63.0,64.653,0.9997,0.246,0.131,6
text_ffffff,2,d-6,18,12,18,-2,12066,64,11.402,always,,55.91,51.9,53.455,0.9716,0.476,0.369,7
text_ffffff,2,d-6,18,12,18,-2,12066,64,11.402,adaptive,0.4,67.34,63.0,64.653,0.9997,0.246,0.131,6
text_ffffff,2,d-6,22,16,22,-2,10511,65,18.419,none,,65.39,62.53,63.728,0.9935,0.424,0.162,65
text_ffffff,2,d-6,22,16,22,-2,10511,65,18.419,spec30,,65.39,62.53,63.728,0.9935,0.424,0.162,65
text_ffffff,2,d-6,22,16,22,-2,10511,65,18.419,freerdp30,,65.39,62.53,63.728,0.9935,0.424,0.162,65
text_ffffff,2,d-6,22,16,22,-2,10511,65,18.419,always,,54.81,51.77,53.026,0.9642,0.695,0.442,65
text_ffffff,2,d-6,22,16,22,-2,10511,65,18.419,adaptive,0.4,65.39,62.53,63.728,0.9935,0.424,0.162,65
text_ffffff,2,d-6,26,20,26,-2,9105,58,28.948,none,,62.97,60.93,61.831,0.9916,0.558,0.235,65
text_ffffff,2,d-6,26,20,26,-2,9105,58,28.948,spec30,,62.97,60.93,61.831,0.9916,0.558,0.235,65
text_ffffff,2,d-6,26,20,26,-2,9105,58,28.948,freerdp30,,62.97,60.93,61.831,0.9916,0.558,0.235,65
text_ffffff,2,d-6,26,20,26,-2,9105,58,28.948,always,,53.4,51.07,52.079,0.9579,0.916,0.599,65
text_ffffff,2,d-6,26,20,26,-2,9105,58,28.948,adaptive,0.4,62.97,60.93,61.831,0.9916,0.558,0.235,65
text_ffffff,2,d-6,30,24,30,-2,7924,36,45.607,none,,60.1,58.56,59.264,0.9856,0.764,0.357,65
text_ffffff,2,d-6,30,24,30,-2,7924,36,45.607,spec30,,60.1,58.56,59.264,0.9856,0.764,0.357,65
text_ffffff,2,d-6,30,24,30,-2,7924,36,45.607,freerdp30,,60.1,58.56,59.264,0.9856,0.764,0.357,65
text_ffffff,2,d-6,30,24,30,-2,7924,36,45.607,always,,51.64,49.87,50.665,0.9468,1.249,0.858,65
text_ffffff,2,d-6,30,24,30,-2,7924,36,45.607,adaptive,0.4,60.1,58.56,59.264,0.9856,0.764,0.357,65
text_ffffff,2,d-6,34,28,34,-2,6936,16,72.36,none,,59.33,57.69,58.435,0.9808,0.943,0.401,67
text_ffffff,2,d-6,34,28,34,-2,6936,16,72.36,spec30,,59.33,57.69,58.435,0.9808,0.943,0.401,67
text_ffffff,2,d-6,34,28,34,-2,6936,16,72.36,freerdp30,,59.33,57.69,58.435,0.9808,0.943,0.401,67
text_ffffff,2,d-6,34,28,34,-2,6936,16,72.36,always,,51.13,49.45,50.207,0.9392,1.457,0.952,67
text_ffffff,2,d-6,34,28,34,-2,6936,16,72.36,adaptive,0.4,59.33,57.69,58.435,0.9808,0.943,0.401,67
text_ffffff,2,d-12,18,6,18,-2,14865,63,9.055,none,,68.0,63.3,65.043,0.9999,0.222,0.119,6
text_ffffff,2,d-12,18,6,18,-2,14865,63,9.055,spec30,,68.0,63.3,65.043,0.9999,0.222,0.119,6
text_ffffff,2,d-12,18,6,18,-2,14865,63,9.055,freerdp30,,68.0,63.3,65.043,0.9999,0.222,0.119,6
text_ffffff,2,d-12,18,6,18,-2,14865,63,9.055,always,,56.01,51.99,53.552,0.9716,0.443,0.349,6
text_ffffff,2,d-12,18,6,18,-2,14865,63,9.055,adaptive,0.4,68.0,63.3,65.043,0.9999,0.222,0.119,6
text_ffffff,2,d-12,22,10,22,-2,12981,59,14.577,none,,66.09,63.36,64.516,0.9998,0.243,0.132,6
text_ffffff,2,d-12,22,10,22,-2,12981,59,14.577,spec30,,66.09,63.36,64.516,0.9998,0.243,0.132,6
text_ffffff,2,d-12,22,10,22,-2,12981,59,14.577,freerdp30,,66.09,63.36,64.516,0.9998,0.243,0.132,6
text_ffffff,2,d-12,22,10,22,-2,12981,59,14.577,always,,55.04,52.02,53.272,0.9705,0.492,0.384,7
text_ffffff,2,d-12,22,10,22,-2,12981,59,14.577,adaptive,0.4,66.09,63.36,64.516,0.9998,0.243,0.132,6
text_ffffff,2,d-12,26,14,26,-2,11217,59,23.195,none,,63.89,61.76,62.696,0.9996,0.328,0.2,8
text_ffffff,2,d-12,26,14,26,-2,11217,59,23.195,spec30,,63.89,61.76,62.696,0.9996,0.328,0.2,8
text_ffffff,2,d-12,26,14,26,-2,11217,59,23.195,freerdp30,,63.89,61.76,62.696,0.9996,0.328,0.2,8
text_ffffff,2,d-12,26,14,26,-2,11217,59,23.195,always,,53.66,51.28,52.306,0.9663,0.686,0.553,8
text_ffffff,2,d-12,26,14,26,-2,11217,59,23.195,adaptive,0.4,63.89,61.76,62.696,0.9996,0.328,0.2,8
text_ffffff,2,d-12,30,18,30,-2,9757,33,36.222,none,,61.61,59.99,60.727,0.994,0.555,0.296,65
text_ffffff,2,d-12,30,18,30,-2,9757,33,36.222,spec30,,61.61,59.99,60.727,0.994,0.555,0.296,65
text_ffffff,2,d-12,30,18,30,-2,9757,33,36.222,freerdp30,,61.61,59.99,60.727,0.994,0.555,0.296,65
text_ffffff,2,d-12,30,18,30,-2,9757,33,36.222,always,,52.36,50.5,51.332,0.9576,1.044,0.768,65
text_ffffff,2,d-12,30,18,30,-2,9757,33,36.222,adaptive,0.4,61.61,59.99,60.727,0.994,0.555,0.296,65
text_ffffff,2,d-12,34,22,34,-2,8520,16,56.639,none,,60.89,59.28,60.008,0.9927,0.667,0.337,66
text_ffffff,2,d-12,34,22,34,-2,8520,16,56.639,spec30,,60.89,59.28,60.008,0.9927,0.667,0.337,66
text_ffffff,2,d-12,34,22,34,-2,8520,16,56.639,freerdp30,,60.89,59.28,60.008,0.9927,0.667,0.337,66
text_ffffff,2,d-12,34,22,34,-2,8520,16,56.639,always,,51.87,50.17,50.935,0.9533,1.188,0.853,66
text_ffffff,2,d-12,34,22,34,-2,8520,16,56.639,adaptive,0.4,60.89,59.28,60.008,0.9927,0.667,0.337,66
text_ffffff,2,c-6,18,18,18,-6,9756,65,12.5,none,,67.21,62.78,64.453,0.9939,0.389,0.136,64
text_ffffff,2,c-6,18,18,18,-6,9756,65,12.5,spec30,,67.21,62.78,64.453,0.9939,0.389,0.136,64
text_ffffff,2,c-6,18,18,18,-6,9756,65,12.5,freerdp30,,67.21,62.78,64.453,0.9939,0.389,0.136,64
text_ffffff,2,c-6,18,18,18,-6,9756,65,12.5,always,,55.9,52.04,53.556,0.966,0.598,0.358,64
text_ffffff,2,c-6,18,18,18,-6,9756,65,12.5,adaptive,0.4,67.21,62.78,64.453,0.9939,0.389,0.136,64
text_ffffff,2,c-6,22,22,22,-6,8519,61,20.0,none,,64.82,62.11,63.259,0.9923,0.502,0.171,66
text_ffffff,2,c-6,22,22,22,-6,8519,61,20.0,spec30,,64.82,62.11,63.259,0.9923,0.502,0.171,66
text_ffffff,2,c-6,22,22,22,-6,8519,61,20.0,freerdp30,,64.82,62.11,63.259,0.9923,0.502,0.171,66
text_ffffff,2,c-6,22,22,22,-6,8519,61,20.0,always,,54.69,51.78,52.995,0.962,0.748,0.438,66
text_ffffff,2,c-6,22,22,22,-6,8519,61,20.0,adaptive,0.4,64.82,62.11,63.259,0.9923,0.502,0.171,66
text_ffffff,2,c-6,26,26,26,-6,7409,58,32.5,none,,61.31,59.0,60.001,0.9813,0.772,0.296,66
text_ffffff,2,c-6,26,26,26,-6,7409,58,32.5,spec30,,61.31,59.0,60.001,0.9813,0.772,0.296,66
text_ffffff,2,c-6,26,26,26,-6,7409,58,32.5,freerdp30,,61.31,59.0,60.001,0.9813,0.772,0.296,66
text_ffffff,2,c-6,26,26,26,-6,7409,58,32.5,always,,52.78,50.28,51.349,0.9458,1.134,0.698,66
text_ffffff,2,c-6,26,26,26,-6,7409,58,32.5,adaptive,0.4,61.31,59.0,60.001,0.9813,0.772,0.296,66
text_ffffff,2,c-6,30,30,30,-6,6368,33,50.0,none,,58.48,57.09,57.73,0.9677,1.051,0.405,69
text_ffffff,2,c-6,30,30,30,-6,6368,33,50.0,spec30,,58.48,57.09,57.73,0.9677,1.051,0.405,69
text_ffffff,2,c-6,30,30,30,-6,6368,33,50.0,freerdp30,,58.48,57.09,57.73,0.9677,1.051,0.405,69
text_ffffff,2,c-6,30,30,30,-6,6368,33,50.0,always,,50.95,49.28,50.031,0.9277,1.525,0.939,69
text_ffffff,2,c-6,30,30,30,-6,6368,33,50.0,adaptive,0.4,58.48,57.09,57.73,0.9677,1.051,0.405,69
text_ffffff,2,c-6,34,34,34,-6,5422,16,80.0,none,,58.6,56.9,57.664,0.9621,1.388,0.424,71
text_ffffff,2,c-6,34,34,34,-6,5422,16,80.0,spec30,,58.6,56.9,57.664,0.9621,1.388,0.424,71
text_ffffff,2,c-6,34,34,34,-6,5422,16,80.0,freerdp30,,58.6,56.9,57.664,0.9621,1.388,0.424,71
text_ffffff,2,c-6,34,34,34,-6,5422,16,80.0,always,,50.81,49.11,49.878,0.9197,1.857,0.988,71
text_ffffff,2,c-6,34,34,34,-6,5422,16,80.0,adaptive,0.4,58.6,56.9,57.664,0.9621,1.388,0.424,71
text_ffffff,2,c-12,18,18,18,-12,9758,65,8.75,none,,67.21,62.78,64.453,0.9939,0.389,0.136,64
text_ffffff,2,c-12,18,18,18,-12,9758,65,8.75,spec30,,67.21,62.78,64.453,0.9939,0.389,0.136,64
text_ffffff,2,c-12,18,18,18,-12,9758,65,8.75,freerdp30,,67.21,62.78,64.453,0.9939,0.389,0.136,64
text_ffffff,2,c-12,18,18,18,-12,9758,65,8.75,always,,55.9,52.04,53.556,0.966,0.598,0.358,64
text_ffffff,2,c-12,18,18,18,-12,9758,65,8.75,adaptive,0.4,67.21,62.78,64.453,0.9939,0.389,0.136,64
text_ffffff,2,c-12,22,22,22,-12,8521,61,14.0,none,,64.82,62.11,63.259,0.9923,0.502,0.171,66
text_ffffff,2,c-12,22,22,22,-12,8521,61,14.0,spec30,,64.82,62.11,63.259,0.9923,0.502,0.171,66
text_ffffff,2,c-12,22,22,22,-12,8521,61,14.0,freerdp30,,64.82,62.11,63.259,0.9923,0.502,0.171,66
text_ffffff,2,c-12,22,22,22,-12,8521,61,14.0,always,,54.69,51.78,52.995,0.962,0.748,0.438,66
text_ffffff,2,c-12,22,22,22,-12,8521,61,14.0,adaptive,0.4,64.82,62.11,63.259,0.9923,0.502,0.171,66
text_ffffff,2,c-12,26,26,26,-12,7411,58,22.75,none,,61.31,59.0,60.001,0.9813,0.772,0.296,66
text_ffffff,2,c-12,26,26,26,-12,7411,58,22.75,spec30,,61.31,59.0,60.001,0.9813,0.772,0.296,66
text_ffffff,2,c-12,26,26,26,-12,7411,58,22.75,freerdp30,,61.31,59.0,60.001,0.9813,0.772,0.296,66
text_ffffff,2,c-12,26,26,26,-12,7411,58,22.75,always,,52.78,50.28,51.349,0.9458,1.134,0.698,66
text_ffffff,2,c-12,26,26,26,-12,7411,58,22.75,adaptive,0.4,61.31,59.0,60.001,0.9813,0.772,0.296,66
text_ffffff,2,c-12,30,30,30,-12,6370,33,35.0,none,,58.48,57.09,57.73,0.9677,1.051,0.405,69
text_ffffff,2,c-12,30,30,30,-12,6370,33,35.0,spec30,,58.48,57.09,57.73,0.9677,1.051,0.405,69
text_ffffff,2,c-12,30,30,30,-12,6370,33,35.0,freerdp30,,58.48,57.09,57.73,0.9677,1.051,0.405,69
text_ffffff,2,c-12,30,30,30,-12,6370,33,35.0,always,,50.95,49.28,50.031,0.9277,1.525,0.939,69
text_ffffff,2,c-12,30,30,30,-12,6370,33,35.0,adaptive,0.4,58.48,57.09,57.73,0.9677,1.051,0.405,69
text_ffffff,2,c-12,34,34,34,-12,5424,16,56.0,none,,58.6,56.9,57.664,0.9621,1.388,0.424,71
text_ffffff,2,c-12,34,34,34,-12,5424,16,56.0,spec30,,58.6,56.9,57.664,0.9621,1.388,0.424,71
text_ffffff,2,c-12,34,34,34,-12,5424,16,56.0,freerdp30,,58.6,56.9,57.664,0.9621,1.388,0.424,71
text_ffffff,2,c-12,34,34,34,-12,5424,16,56.0,always,,50.81,49.11,49.878,0.9197,1.857,0.988,71
text_ffffff,2,c-12,34,34,34,-12,5424,16,56.0,adaptive,0.4,58.6,56.9,57.664,0.9621,1.388,0.424,71
